# Blender v2.79 (sub 0) OBJ File: 'Dexrafi3.blend'
# www.blender.org
mtllib Dexrafi3.mtl
o Cube
v 0.191656 1.040283 -0.085925
v 0.220097 1.058808 0.082459
v 0.045829 1.609907 0.084220
v 0.044666 1.037815 -0.125033
v 0.160807 1.116137 0.090974
v 0.141879 1.102314 -0.105078
v 0.143797 0.928726 -0.135896
v 0.226532 0.958882 -0.097385
v 0.256855 0.619843 -0.053035
v 0.252527 0.619602 0.072290
v 0.137158 0.612203 -0.054378
v 0.123998 0.616245 0.062036
v 0.262371 0.546850 -0.069981
v 0.262371 0.546850 0.069981
v 0.122438 0.543966 -0.069981
v 0.122438 0.543966 0.069981
v 0.332058 0.525685 -0.104401
v 0.332058 0.525685 0.105294
v 0.053683 0.519948 -0.104401
v 0.053683 0.519948 0.105294
v 0.320024 0.226382 0.013424
v 0.093167 0.229294 0.010696
v 0.232145 0.214053 -0.105789
v 0.164688 0.213304 -0.105789
v 0.113491 0.669951 -0.079271
v 0.118503 0.666543 0.079492
v 0.246385 0.720382 -0.083088
v 0.084523 0.120445 0.078667
v 0.084523 0.035526 -0.049075
v 0.315934 0.125214 0.078667
v 0.315934 0.040295 -0.049075
v 0.299672 0.165901 -0.067719
v 0.090336 0.180943 0.089599
v 0.307621 0.176985 0.104001
v 0.113231 0.172875 -0.040134
v 0.099059 0.271402 -0.074331
v 0.103111 0.315284 0.078049
v 0.292989 0.314483 0.075364
v 0.295249 0.258220 -0.063284
v 0.276081 0.622771 0.144677
v 0.107429 0.621768 0.144677
v 0.164688 0.247742 0.124250
v 0.232146 0.248518 0.124250
v 0.238797 0.171769 0.140162
v 0.161660 0.170179 0.140162
v 0.164219 0.186689 0.136135
v 0.231946 0.187141 0.136135
v 0.142496 0.315827 0.109019
v 0.251337 0.320720 0.118865
v 0.239266 0.523638 -0.135512
v 0.146474 0.521727 -0.135512
v 0.097231 0.237857 0.077531
v 0.299603 0.240184 0.077531
v 0.238797 0.100514 -0.123469
v 0.161660 0.098925 -0.123469
v 0.231946 0.143073 -0.108282
v 0.164219 0.142621 -0.108282
v 0.231418 0.257924 -0.105443
v 0.165239 0.256667 -0.105443
v 0.076371 0.381444 0.090259
v 0.314828 0.358393 -0.089366
v 0.076371 0.356368 -0.089366
v 0.314828 0.382669 0.090259
v 0.270693 0.389465 0.148086
v 0.118783 0.388782 0.148897
v 0.155857 0.420796 -0.168217
v 0.235342 0.422451 -0.168217
v 0.192504 0.576643 0.177296
v 0.191755 0.584031 0.144677
v 0.288084 0.553410 0.177296
v 0.096924 0.551242 0.177296
v 0.193415 0.510294 0.208730
v 0.195277 0.380142 0.192597
v 0.040170 0.519948 0.000446
v 0.299603 0.220687 -0.054222
v 0.073908 0.051921 0.013306
v 0.086990 0.184136 0.005422
v 0.090986 0.291650 -0.000062
v 0.064990 0.345554 0.000446
v 0.344699 0.525685 0.000446
v 0.096053 0.222670 -0.052255
v 0.327060 0.051221 0.013306
v 0.323763 0.171660 0.011532
v 0.307002 0.289472 0.000446
v 0.325850 0.360799 0.000446
v 0.225516 0.209552 -0.085423
v 0.313089 0.232268 0.009285
v 0.116019 0.224424 -0.046967
v 0.286503 0.254224 0.060726
v 0.172763 0.276538 0.094448
v 0.164070 0.210837 -0.082887
v 0.234209 0.275253 0.091912
v 0.121392 0.265029 0.062632
v 0.099718 0.245124 0.008616
v 0.276887 0.221061 -0.053607
v 0.229970 0.214057 -0.091895
v 0.320428 0.239915 0.011174
v 0.167505 0.282152 0.123883
v 0.163316 0.213938 -0.090673
v 0.234159 0.282297 0.122661
v 0.105705 0.266876 0.067764
v 0.093030 0.248856 0.009537
v 0.291770 0.228789 -0.051720
v 0.102470 0.232361 -0.047573
v 0.296403 0.263960 0.066846
v 0.103594 0.116516 0.067670
v 0.103594 0.045588 -0.039026
v 0.296880 0.120500 0.067670
v 0.296880 0.049572 -0.039026
v 0.232451 0.159385 0.119033
v 0.168023 0.158057 0.119033
v 0.232451 0.099870 -0.101164
v 0.168023 0.098542 -0.101164
v 0.094728 0.059282 0.013077
v 0.306173 0.058698 0.013077
v 0.103594 0.024926 0.067670
v 0.103594 0.024926 -0.039026
v 0.296880 0.024926 0.067670
v 0.296880 0.024926 -0.039026
v 0.232451 0.024926 0.119033
v 0.168023 0.024926 0.119033
v 0.232451 0.024926 -0.101164
v 0.168023 0.024926 -0.101164
v 0.094728 0.024926 0.013077
v 0.306173 0.024926 0.013077
v 0.150538 0.086980 0.158888
v 0.070799 0.068897 0.142472
v 0.152896 0.023378 0.162493
v 0.071878 0.023378 0.147478
v 0.240135 0.091979 0.157276
v 0.160339 0.093903 0.157276
v 0.240135 0.028698 0.157276
v 0.160339 0.028698 0.157276
v 0.332215 0.055398 0.149626
v 0.249827 0.084421 0.150866
v 0.332215 0.025273 0.149626
v 0.249827 0.025273 0.150866
v 0.114770 0.003043 0.007773
v 0.121953 0.003043 -0.034438
v 0.168023 0.003043 0.119033
v 0.121953 0.003043 0.052000
v 0.174149 0.003043 -0.084778
v 0.286070 0.003043 0.007773
v 0.278541 0.003043 0.052000
v 0.232451 0.003043 0.119033
v 0.278541 0.003043 -0.034438
v 0.226345 0.003043 -0.084778
v 0.152896 0.003043 0.162493
v 0.071878 0.003043 0.147478
v 0.240135 0.003043 0.157276
v 0.160339 0.003043 0.157276
v 0.332215 0.003043 0.149626
v 0.249827 0.003043 0.150866
v 0.240135 0.003043 0.249374
v 0.240135 0.028698 0.249374
v 0.160339 0.003043 0.249374
v 0.160339 0.028698 0.249374
v 0.139345 0.048839 0.235609
v 0.058328 0.049519 0.220595
v 0.139345 0.023378 0.235609
v 0.058328 0.023378 0.220595
v 0.240135 0.065427 0.249374
v 0.160339 0.063782 0.249374
v 0.333390 0.049036 0.224512
v 0.250946 0.042999 0.225219
v 0.333334 0.025273 0.223979
v 0.250946 0.025273 0.225219
v 0.139345 0.003043 0.235609
v 0.058328 0.003043 0.220595
v 0.333334 0.003043 0.223979
v 0.250946 0.003043 0.225219
v 0.212437 0.011717 0.322473
v 0.212437 0.028177 0.322473
v 0.191614 0.011717 0.322473
v 0.191614 0.028177 0.322473
v 0.116658 0.034611 0.276247
v 0.067448 0.035198 0.265072
v 0.107908 0.018056 0.295226
v 0.074856 0.018056 0.286643
v 0.220811 0.047845 0.302610
v 0.179664 0.046997 0.302610
v 0.314028 0.033459 0.267258
v 0.271545 0.029593 0.267898
v 0.302461 0.014836 0.284719
v 0.283112 0.014836 0.285010
v 0.109835 0.006415 0.294891
v 0.076381 0.006415 0.286464
v 0.302461 0.008058 0.284719
v 0.283112 0.008058 0.285010
v 0.113255 0.003043 0.155146
v 0.286854 0.003043 0.150309
v 0.292786 0.044608 0.267578
v 0.292140 0.003043 0.224599
v 0.291021 0.099005 0.150246
v 0.292786 0.008058 0.284865
v 0.292786 0.019674 0.284865
v 0.292168 0.062084 0.224866
v 0.200237 0.003043 0.249374
v 0.202026 0.011717 0.322473
v 0.202026 0.028177 0.322473
v 0.200237 0.104300 0.249374
v 0.200237 0.058371 0.302610
v 0.200237 0.121920 0.157276
v 0.198762 0.003043 0.157276
v 0.095575 0.018056 0.292248
v 0.112387 0.093582 0.154986
v 0.098837 0.071666 0.228102
v 0.098837 0.003043 0.228102
v 0.091004 0.041759 0.270366
v 0.095575 0.006415 0.292248
v 0.304762 0.529679 -0.081037
v 0.304762 0.529679 0.087647
v 0.080829 0.525064 -0.081037
v 0.080829 0.525064 0.087647
v 0.259732 0.607655 0.119328
v 0.124064 0.606202 0.119328
v 0.230117 0.528032 -0.106064
v 0.155473 0.526495 -0.106064
v 0.191898 0.574796 0.119328
v 0.069959 0.525064 0.003305
v 0.314930 0.529679 0.003305
v 0.199576 0.615571 -0.078807
v 0.192405 0.545408 -0.098968
v 0.165366 0.696557 -0.107558
v 0.178057 0.632495 0.095886
v 0.179181 0.616006 0.095332
v 0.192405 0.545408 0.098968
v 0.277337 0.627938 0.012590
v 0.291352 0.547447 0.000000
v 0.272428 0.725786 -0.005370
v 0.277935 0.520463 -0.078335
v 0.277935 0.520463 0.078335
v 0.106874 0.516938 -0.078335
v 0.106874 0.516938 0.078335
v 0.192405 0.518700 -0.078335
v 0.192405 0.518700 0.078335
v 0.277935 0.520463 0.000000
v 0.067821 0.889849 -0.092810
v 0.071723 0.899862 0.109386
v 0.112443 0.608688 0.005902
v 0.093457 0.543369 0.000000
v 0.082695 0.657535 0.002248
v 0.106874 0.516938 0.000000
v 0.081220 0.271402 -0.086610
v 0.312707 0.330012 0.087765
v 0.263002 0.333368 0.145540
v 0.129862 0.330974 0.140523
v 0.158383 0.243347 -0.144859
v 0.235545 0.244890 -0.144859
v 0.081220 0.327196 0.087765
v 0.311463 0.264405 -0.080758
v 0.072782 0.291650 0.000476
v 0.323527 0.295960 0.000577
v 0.174962 0.294580 0.138715
v 0.217575 0.296496 0.142570
v 0.222142 0.301448 0.148486
v 0.170016 0.300511 0.146521
v 0.197392 0.332188 0.169997
v 0.192860 0.635873 -0.083694
v 0.134668 0.627622 -0.059344
v 0.110569 0.624195 -0.000566
v 0.135910 0.643767 -0.056139
v 0.125259 0.631283 0.053292
v 0.123045 0.642620 0.058269
v 0.251057 0.644114 -0.059353
v 0.249042 0.660542 -0.052612
v 0.188997 0.659401 -0.079462
v 0.271174 0.661926 0.009838
v 0.112665 0.638954 -0.000727
v 0.268893 0.644501 0.000858
v 0.248924 0.637087 0.066232
v 0.237042 0.663953 0.055642
v 0.168364 0.658067 0.084524
v 0.250829 0.696142 0.075938
v 0.173367 0.675691 0.095313
v 0.098005 0.670346 0.090214
v 0.075469 0.854899 0.109386
v 0.246462 0.717844 -0.087029
v 0.240808 0.860377 -0.097385
v 0.068780 0.795823 -0.092810
v 0.101544 0.682764 -0.074476
v 0.152855 0.845649 -0.135896
v 0.164179 0.717759 -0.120643
v 0.056159 0.798255 0.006087
v 0.073045 0.681896 0.003249
v 0.285264 0.702479 -0.001501
v 0.281117 0.875133 0.000165
v 0.165629 0.980354 0.175606
v 0.179522 0.637508 0.125500
v 0.257730 0.695033 0.086585
v 0.250893 0.874084 0.098515
v 0.077193 0.687389 0.136290
v 0.058522 0.850979 0.130312
v 0.266424 0.729147 -0.109179
v 0.259361 0.858264 -0.122469
v 0.062420 0.784541 -0.100797
v 0.087886 0.703716 -0.089282
v 0.149627 0.831951 -0.170517
v 0.163764 0.721385 -0.151117
v 0.021630 0.793703 0.001101
v 0.054305 0.687470 0.005249
v 0.314835 0.715367 -0.002471
v 0.309653 0.877067 -0.000762
v 0.170851 0.978861 0.188794
v 0.178352 0.641439 0.165461
v 0.279580 0.700276 0.113357
v 0.277295 0.870337 0.114492
v 0.098076 0.796411 0.145515
v 0.176658 0.682782 0.155951
v 0.172135 0.922668 0.169575
v 0.176658 0.682782 0.168783
v 0.248813 0.796411 0.131496
v 0.172135 0.922668 0.156743
v 0.098076 0.796411 0.132683
v 0.248813 0.796411 0.118664
v 0.230572 0.796741 0.125220
v 0.174947 0.711245 0.153389
v 0.174947 0.892473 0.153988
v 0.116694 0.796741 0.135811
v 0.231526 0.796741 0.145551
v 0.174947 0.711220 0.164746
v 0.174947 0.892448 0.165345
v 0.117648 0.796741 0.152886
v 0.214665 0.796741 0.148440
v 0.174947 0.737351 0.160554
v 0.174947 0.864768 0.160975
v 0.134601 0.796741 0.153597
v 0.213983 0.796741 0.137393
v 0.174947 0.737369 0.149240
v 0.173221 0.864786 0.149492
v 0.133918 0.796741 0.141847
v 0.055553 0.886800 0.006088
v 0.263753 0.974954 0.000165
v 0.177772 0.941925 0.140955
v 0.236376 0.961186 0.098515
v 0.151370 0.859268 -0.135896
v 0.068623 0.811236 -0.092810
v 0.056059 0.812770 0.006087
v 0.074855 0.862270 0.109386
v 0.248513 0.888362 0.098515
v 0.278271 0.891497 0.000165
v 0.238468 0.876524 -0.097385
v 0.167620 0.912251 0.134584
v 0.043027 0.925838 0.088008
v 0.057203 0.934482 -0.078495
v 0.047646 1.095562 0.126916
v 0.041540 0.913413 0.003930
v 0.051474 0.950136 0.162390
v 0.062635 1.084725 0.145581
v 0.078109 0.973060 0.132791
v 0.077596 0.979825 0.150852
v 0.072148 1.077091 0.131565
v 0.081129 1.065325 0.138105
v 0.066429 1.005967 0.174376
v 0.081024 1.021301 0.149169
v 0.108124 1.088702 0.112894
v 0.158276 1.033879 0.142283
v 0.221822 1.055837 -0.007667
v 0.164657 1.119755 -0.004196
v 0.086325 1.055448 -0.114171
v 0.124693 0.984866 -0.113272
v 0.085921 1.009863 0.138881
v 0.091395 1.038803 0.140913
v 0.095329 1.625093 0.008129
v 0.029087 1.033586 -0.142230
v 0.114289 1.040290 -0.136895
v 0.122225 0.984386 -0.131304
v 0.049010 1.075775 -0.139664
v 0.160807 1.150680 0.090974
v 0.141879 1.145904 -0.105078
v 0.052707 1.109487 0.122999
v 0.086087 1.137177 0.114341
v 0.102314 1.123532 0.114042
v 0.164657 1.133702 -0.004196
v 0.088693 1.100769 -0.126575
v 0.033529 1.091066 -0.154507
v 0.045831 1.625990 -0.052790
v 0.181698 1.160533 0.113298
v 0.144043 1.155160 -0.114057
v 0.044788 1.110573 0.139970
v 0.087063 1.143669 0.142893
v 0.107615 1.125970 0.142513
v 0.186572 1.136619 -0.007236
v 0.082645 1.100164 -0.142602
v 0.045653 1.116663 -0.155688
v 0.089224 1.631316 -0.023401
v 0.181698 1.173501 0.113298
v 0.147360 1.173403 -0.101660
v 0.044788 1.147458 0.139970
v 0.087063 1.156722 0.142893
v 0.132774 1.167317 0.137877
v 0.186572 1.166706 -0.007236
v 0.077080 1.112961 -0.140907
v 0.053300 1.175963 -0.157112
v 0.077780 1.620157 0.062815
v 0.192368 1.210826 0.081676
v 0.161585 1.200800 -0.100796
v 0.073122 1.233245 0.190011
v 0.125171 1.207100 0.138653
v 0.167360 1.213441 0.119968
v 0.201289 1.207077 -0.007509
v 0.111496 1.168500 -0.142258
v 0.203446 1.416069 -0.169091
v 0.054599 1.411635 -0.194351
v 0.265449 1.317377 0.081676
v 0.255779 1.330651 -0.082997
v 0.164321 1.360124 0.175598
v 0.229658 1.372911 0.140025
v 0.243597 1.347511 0.121896
v 0.270276 1.308717 -0.007509
v 0.227538 1.378739 -0.151393
v 0.114608 1.358765 0.227424
v 0.235797 1.419980 0.140025
v 0.083209 1.471568 0.178417
v 0.132846 1.539690 0.106873
v 0.075853 1.233205 0.208851
v 0.162245 1.360247 0.208851
v 0.061952 1.282040 0.227650
v 0.073717 1.473661 0.208180
v 0.050709 1.447779 0.227067
v 0.174717 1.572913 0.060362
v 0.043714 1.426008 0.213648
v 0.039775 1.287266 0.215949
v 0.093763 1.359397 0.212826
v 0.213907 1.563267 0.055512
v 0.019432 1.386411 0.247259
v 0.022206 1.340089 0.247188
v 0.036431 1.364599 0.246949
v 0.175574 1.599645 0.011604
v 0.214952 1.595830 -0.003882
v 0.175735 1.600452 -0.052101
v 0.215148 1.596812 -0.081482
v 0.148296 1.571876 -0.092741
v 0.237845 1.557889 -0.142621
v 0.537666 1.318591 0.042681
v 0.569529 1.384602 -0.056675
v 0.540797 1.360757 0.085116
v 0.564378 1.338282 0.069184
v 0.586358 1.319460 -0.030104
v 0.582459 1.406974 0.086941
v 0.574985 1.461713 0.056246
v 0.613177 1.470486 0.015408
v 0.585860 1.473829 -0.026336
v 0.608078 1.436118 -0.063307
v 0.494775 1.429052 0.094453
v 0.473557 1.371016 0.089290
v 0.472293 1.357148 0.073365
v 0.475913 1.330694 0.036714
v 0.547495 1.507544 0.017224
v 0.542373 1.497481 0.060262
v 0.548147 1.507742 -0.035734
v 0.476454 1.332641 -0.020744
v 0.478933 1.366503 -0.069209
v 0.545611 1.462317 -0.080082
v 0.284211 1.460440 0.176034
v 0.240666 1.629239 0.107176
v 0.223262 1.663714 0.004726
v 0.257407 1.644669 -0.092760
v 0.276007 1.591341 -0.139900
v 0.490953 1.456211 0.165629
v 0.540548 1.585702 0.007686
v 0.554691 1.565948 -0.077663
v 0.533102 1.568628 0.115575
v 0.259826 1.387185 -0.150790
v 0.485806 1.400670 -0.125131
v 0.550737 1.533931 -0.110622
v 0.426858 1.417501 0.112511
v 0.323916 1.417431 0.117725
v 0.425235 1.339894 0.083940
v 0.304986 1.350697 0.105294
v 0.426701 1.326922 -0.015680
v 0.306296 1.311540 -0.008912
v 0.308487 1.375276 0.122978
v 0.425889 1.372361 0.107279
v 0.306406 1.314326 0.051750
v 0.422130 1.326139 0.047249
v 0.315799 1.344815 -0.077075
v 0.423252 1.365751 -0.068004
v 0.422907 1.446017 0.173957
v 0.352625 1.455836 0.173947
v 0.468210 1.625656 0.006700
v 0.354891 1.650789 0.005713
v 0.470211 1.597544 -0.090030
v 0.363809 1.621107 -0.091395
v 0.353905 1.615851 0.106162
v 0.460483 1.590771 0.110489
v 0.348875 1.388828 -0.145584
v 0.414583 1.392511 -0.134174
v 0.470078 1.563670 -0.131498
v 0.368965 1.594413 -0.127535
v 0.422648 1.412918 0.125002
v 0.334499 1.413422 0.143316
v 0.417629 1.323807 0.097139
v 0.315787 1.329300 0.106526
v 0.421273 1.308243 -0.015610
v 0.313017 1.304275 -0.006813
v 0.317087 1.368865 0.141727
v 0.413674 1.344874 0.128159
v 0.313953 1.304865 0.060470
v 0.417129 1.314359 0.049052
v 0.327228 1.327092 -0.071976
v 0.420513 1.339452 -0.070521
v 0.419084 1.436009 0.133639
v 0.339508 1.437591 0.142863
v 0.329468 1.347286 -0.090754
v 0.412479 1.356192 -0.081505
v 0.410797 1.416700 -0.139036
v 0.470646 1.420652 -0.131345
v 0.467437 1.554551 -0.142477
v 0.297761 1.410260 -0.160579
v 0.304653 1.554551 -0.151090
v 0.366301 1.554551 -0.148088
v 0.351775 1.413367 -0.150795
v 0.453138 1.435017 -0.116112
v 0.450208 1.539670 -0.125129
v 0.319072 1.426192 -0.138533
v 0.323426 1.539670 -0.131019
v 0.351903 1.515540 -0.148550
v 0.435219 1.450445 -0.126180
v 0.435219 1.527063 -0.126349
v 0.338049 1.450349 -0.128764
v 0.338049 1.526966 -0.128992
v 0.421364 1.461939 -0.140255
v 0.351903 1.460730 -0.147219
v 0.421364 1.516776 -0.141427
v 0.435219 1.451244 -0.137301
v 0.435219 1.527958 -0.138941
v 0.338049 1.449553 -0.147044
v 0.338049 1.526228 -0.148906
v 0.407310 1.505800 -0.139090
v 0.365245 1.505052 -0.143404
v 0.365245 1.471859 -0.142598
v 0.407310 1.472591 -0.138380
v 0.298848 1.476936 0.169159
v 0.314141 1.602837 0.137472
v 0.353304 1.473857 0.171073
v 0.436767 1.592234 0.142715
v 0.472228 1.587474 0.144661
v 0.458048 1.470051 0.174216
v 0.402756 1.470124 0.173049
v 0.374459 1.598706 0.139776
v 0.311063 1.484688 0.167442
v 0.324281 1.593495 0.140058
v 0.358126 1.482027 0.169096
v 0.430257 1.584331 0.144589
v 0.460903 1.580218 0.146271
v 0.448649 1.478738 0.171813
v 0.400864 1.478801 0.170804
v 0.376409 1.589924 0.142048
v 0.321479 1.487926 0.155318
v 0.332956 1.582408 0.131538
v 0.362346 1.485615 0.156754
v 0.424981 1.574451 0.135473
v 0.451593 1.570880 0.136934
v 0.440952 1.482759 0.159113
v 0.399458 1.482814 0.158237
v 0.378222 1.579308 0.133267
v 0.329633 1.497453 0.152795
v 0.338668 1.572637 0.134511
v 0.368302 1.495227 0.154117
v 0.417157 1.565429 0.138028
v 0.444460 1.562332 0.139294
v 0.436089 1.492211 0.156349
v 0.397871 1.492645 0.155456
v 0.379887 1.569740 0.136081
v 0.342017 1.508753 0.163994
v 0.348287 1.567455 0.147779
v 0.370871 1.506606 0.165167
v 0.413315 1.560904 0.150899
v 0.432145 1.558218 0.152022
v 0.426341 1.503467 0.167147
v 0.397088 1.504219 0.166354
v 0.380257 1.564740 0.149172
v 0.354383 1.515758 0.158806
v 0.358999 1.558971 0.146868
v 0.375625 1.514178 0.159669
v 0.406870 1.554149 0.149165
v 0.420731 1.552171 0.149992
v 0.416459 1.511866 0.161126
v 0.394924 1.512420 0.160543
v 0.382534 1.556973 0.147894
v 0.051355 1.576579 -0.136421
v 0.173455 1.611285 0.062371
v 0.174312 1.638018 0.013613
v 0.131584 1.578062 0.108882
v 0.544808 1.340086 0.038277
v 0.579045 1.390106 -0.045773
v 0.553878 1.372265 0.074547
v 0.568825 1.353782 0.060357
v 0.594341 1.334345 -0.024501
v 0.586311 1.406859 0.075151
v 0.580084 1.452463 0.049578
v 0.612238 1.460537 0.015600
v 0.587261 1.461660 -0.022869
v 0.607654 1.431140 -0.050023
v 0.575677 1.312927 0.052425
v 0.603868 1.367965 -0.047803
v 0.591067 1.365251 0.088085
v 0.596686 1.345072 0.088864
v 0.598420 1.311318 -0.033246
v 0.626201 1.420404 0.089626
v 0.624959 1.466421 0.055237
v 0.625172 1.470147 0.015060
v 0.624284 1.469144 -0.030555
v 0.620647 1.430140 -0.054357
v 0.859848 1.382546 -0.003801
v 0.857150 1.367560 -0.036371
v 0.853322 1.315325 0.070128
v 0.854716 1.336388 0.070867
v 0.860598 1.373573 0.049382
v 0.860505 1.382287 0.024358
v 0.857093 1.360909 0.067550
v 0.849056 1.343647 -0.034203
v 0.850719 1.307604 0.049044
v 0.853427 1.307854 -0.007520
v 0.574123 1.296948 0.056690
v 0.604375 1.364060 -0.062070
v 0.590127 1.369672 0.098461
v 0.595969 1.334743 0.100473
v 0.597693 1.296400 -0.044881
v 0.628732 1.425631 0.101635
v 0.611115 1.475173 0.067807
v 0.621614 1.480140 0.018680
v 0.628808 1.485148 -0.041428
v 0.624456 1.438468 -0.069914
v 0.610233 1.283386 0.043398
v 0.615370 1.343206 -0.072048
v 0.624651 1.365328 0.129147
v 0.611206 1.316795 0.104416
v 0.613133 1.285187 -0.055533
v 0.636540 1.432854 0.124836
v 0.640200 1.478560 0.082094
v 0.649806 1.501619 0.014512
v 0.646117 1.476592 -0.049361
v 0.638197 1.433770 -0.083949
v 0.828960 1.281713 -0.029257
v 0.825239 1.276833 0.049232
v 0.835286 1.335445 -0.042406
v 0.844632 1.380509 0.086753
v 0.855251 1.431614 0.018635
v 0.854121 1.419681 0.059659
v 0.835190 1.337947 0.100055
v 0.828862 1.304303 0.084841
v 0.848768 1.389986 -0.049124
v 0.857571 1.422461 -0.024107
v 0.672294 1.477117 -0.056824
v 0.672522 1.432768 -0.089547
v 0.634349 1.315906 0.106116
v 0.643972 1.365939 0.124588
v 0.668168 1.477486 0.067402
v 0.676195 1.492606 0.008356
v 0.658021 1.429262 0.109036
v 0.647094 1.341379 -0.086616
v 0.628256 1.274739 0.052601
v 0.628053 1.283381 -0.064607
v 0.694097 1.488044 0.053775
v 0.817822 1.455608 0.048739
v 0.817102 1.455260 0.015594
v 0.696847 1.486594 0.008619
v 0.696756 1.485805 -0.041641
v 0.823867 1.452829 -0.025314
v 0.708557 1.484102 0.043822
v 0.804175 1.459034 0.039930
v 0.803619 1.458765 0.014315
v 0.710682 1.482982 0.008924
v 0.710611 1.482371 -0.029918
v 0.808847 1.456886 -0.017300
v 0.717715 1.471360 0.035952
v 0.790671 1.452233 0.032982
v 0.790246 1.452028 0.013438
v 0.719336 1.470505 0.009325
v 0.719282 1.470039 -0.020312
v 0.794236 1.450594 -0.010684
v 0.726517 1.469189 0.030469
v 0.784562 1.454120 0.028130
v 0.784562 1.453959 0.012733
v 0.726517 1.468515 0.009493
v 0.726517 1.468148 -0.013855
v 0.784562 1.452829 -0.006270
v 0.735488 1.478706 0.026010
v 0.781455 1.466806 0.024162
v 0.781455 1.466678 0.012002
v 0.735488 1.478174 0.009443
v 0.735488 1.477885 -0.008997
v 0.781455 1.465786 -0.003007
v 0.742875 1.476512 0.020470
v 0.772624 1.468713 0.019259
v 0.774202 1.468629 0.011290
v 0.743536 1.476164 0.009612
v 0.743514 1.475974 -0.002473
v 0.774078 1.468045 0.001453
v 0.739937 1.465276 0.020652
v 0.769686 1.457477 0.019441
v 0.771264 1.457393 0.011471
v 0.740598 1.464928 0.009794
v 0.740576 1.464738 -0.002291
v 0.771140 1.456809 0.001635
v 0.911117 1.372242 -0.016099
v 0.898602 1.367015 -0.044740
v 0.905960 1.318908 0.078857
v 0.880146 1.332113 0.070078
v 0.912458 1.366928 0.048868
v 0.911562 1.374845 0.018243
v 0.908488 1.362629 0.076079
v 0.899527 1.335292 -0.056120
v 0.898370 1.305881 0.048682
v 0.900100 1.305782 -0.022159
v 0.984355 1.366627 -0.022300
v 0.965826 1.351715 -0.056477
v 0.969584 1.314277 0.072389
v 0.974352 1.334621 0.075689
v 0.978150 1.366185 0.050421
v 0.974876 1.366513 0.016112
v 0.969835 1.360676 0.075743
v 0.963056 1.324112 -0.061184
v 0.973628 1.298776 0.048130
v 0.972559 1.303783 -0.027926
v 0.912840 1.305261 -0.022427
v 0.941578 1.326748 -0.063796
v 0.941443 1.356287 -0.057385
v 0.956369 1.367532 -0.016128
v 0.957438 1.373181 0.018047
v 0.945215 1.315823 0.074738
v 0.956615 1.367551 0.054650
v 0.945163 1.360998 0.075313
v 0.912471 1.303838 0.049508
v 0.901876 1.306754 0.018201
v 0.979424 1.302441 0.013993
v 0.916472 1.305530 0.017288
v 0.941626 1.334546 0.112112
v 0.950103 1.346507 0.105801
v 0.945191 1.320387 0.109453
v 0.981274 1.327718 0.080466
v 0.978138 1.344100 0.083797
v 0.973447 1.314210 0.086934
v 1.033855 1.331785 0.120995
v 0.958632 1.311988 0.099108
v 0.965266 1.350720 0.094190
v 1.003953 1.332203 0.119521
v 1.004791 1.341566 0.113510
v 1.004282 1.321813 0.115875
v 1.007855 1.328204 0.086041
v 1.007586 1.339171 0.090018
v 1.007009 1.318673 0.092016
v 1.051015 1.330791 0.113793
v 1.005548 1.316209 0.104483
v 1.006306 1.344413 0.101361
v 1.034631 1.340452 0.115444
v 1.034178 1.322301 0.117726
v 1.037535 1.328488 0.090463
v 1.037255 1.338264 0.093973
v 1.036758 1.319812 0.096006
v 1.035381 1.317343 0.107377
v 1.036051 1.343214 0.104316
v 1.051337 1.334377 0.111498
v 1.051150 1.326880 0.112450
v 1.052561 1.329592 0.101302
v 1.052433 1.333551 0.102684
v 1.052240 1.326008 0.103598
v 1.051658 1.324898 0.108227
v 1.051926 1.335533 0.106908
v 1.055731 1.330308 0.109550
v 1.055809 1.331179 0.108993
v 1.055763 1.329356 0.109223
v 1.056108 1.330029 0.106525
v 1.056076 1.330983 0.106854
v 1.056031 1.329157 0.107083
v 1.056252 1.330050 0.108274
v 1.055888 1.328880 0.108201
v 1.055952 1.331459 0.107877
v 0.978463 1.342158 0.067174
v 1.001150 1.338486 0.014282
v 0.990147 1.334844 -0.027763
v 1.073248 1.318718 0.031191
v 1.073687 1.317645 0.045958
v 1.076257 1.338961 0.047727
v 1.076095 1.339891 0.033156
v 1.074465 1.328186 0.055440
v 1.074908 1.329519 0.029175
v 1.076645 1.347308 0.007727
v 1.076998 1.344813 -0.009805
v 1.073978 1.314021 -0.005488
v 1.073627 1.316583 0.011965
v 1.075416 1.333892 0.014988
v 1.075664 1.328154 -0.016359
v 1.061698 1.326040 -0.051934
v 1.059162 1.315867 -0.039815
v 1.063927 1.342140 -0.050849
v 1.060740 1.345693 -0.032245
v 1.058537 1.328307 -0.025855
v 1.089515 1.320956 0.035441
v 1.089756 1.320321 0.043504
v 1.091169 1.331833 0.044337
v 1.091079 1.332367 0.036361
v 1.090245 1.326128 0.045938
v 1.090497 1.326625 0.034623
v 1.093467 1.334113 0.004180
v 1.093578 1.333262 -0.001332
v 1.092628 1.323740 0.000128
v 1.092517 1.324591 0.005639
v 1.092937 1.329778 0.007665
v 1.093158 1.328075 -0.003358
v 1.080985 1.328540 -0.043013
v 1.080741 1.325762 -0.038452
v 1.081238 1.334246 -0.041996
v 1.080977 1.335051 -0.036256
v 1.080562 1.329842 -0.033726
v 0.995936 1.334351 -0.020575
v 0.988918 1.313158 -0.017407
v 0.999384 1.358503 0.007094
v 0.999519 1.359236 -0.016500
v 0.992833 1.312525 0.008255
v 1.003197 1.336570 0.010788
v 0.997955 1.362763 0.021999
v 1.001272 1.338619 0.019037
v 0.993104 1.317628 0.021651
v 0.991140 1.315324 0.046821
v 0.993505 1.340609 0.059805
v 0.996957 1.362188 0.050969
v 0.995066 1.331478 -0.030863
v 1.001012 1.356128 -0.032471
v 0.999438 1.347819 -0.057146
v 0.995220 1.322303 -0.055761
v 0.993105 1.313681 -0.039128
v 0.859207 1.406140 0.060081
v 0.835330 1.306182 0.083208
v 0.886413 1.414564 0.021949
v 0.854689 1.330730 0.098431
v 0.865973 1.368537 0.087078
v 0.861783 1.281820 0.049077
v 0.868576 1.417421 -0.022175
v 0.878184 1.387441 -0.049225
v 0.848438 1.331442 -0.052570
v 0.858854 1.277897 -0.015868
v 0.887777 1.405820 0.023208
v 0.858716 1.331876 0.091984
v 0.865462 1.410072 -0.019377
v 0.851686 1.333996 -0.048726
v 0.860619 1.396472 0.058067
v 0.840255 1.310264 0.079272
v 0.868700 1.365683 0.082466
v 0.866980 1.289576 0.048412
v 0.880208 1.383856 -0.044521
v 0.863777 1.284849 -0.010685
v 0.157009 1.579047 0.048462
v 0.122956 1.554047 0.078848
v 0.157667 1.599567 0.011035
v 0.157790 1.600186 -0.037865
v 0.128517 1.582302 -0.069413
v 0.174474 1.638824 -0.050093
v 0.148316 1.611855 -0.095222
v 0.059727 1.621298 -0.126259
v 0.121694 1.592419 0.080857
v 0.127256 1.620674 -0.067404
v 0.155747 1.617420 0.050470
v 0.156405 1.637939 0.013044
v 0.156529 1.638559 -0.035856
v 0.054928 1.633705 -0.090361
v 0.040974 1.189195 -0.181952
v 0.112382 1.687384 0.041700
v 0.099741 1.666927 0.084209
v 0.099741 1.707840 -0.000808
v 0.065207 1.747559 -0.083750
v 0.065207 1.651951 0.115327
v 0.088019 1.885877 0.086653
v 0.088790 1.821242 0.152684
v 0.120957 1.847036 0.109798
v 0.157046 1.791029 0.069351
v 0.140712 1.760171 0.142440
v 0.060739 1.875347 -0.066151
v 0.110141 1.755097 0.173820
v 0.082825 1.832086 -0.074689
v 0.081892 1.706574 0.213544
v 0.045573 1.882088 -0.027078
v 0.037836 1.803454 0.179849
v 0.124316 1.744300 0.132914
v 0.128788 1.799209 -0.010806
v 0.139503 1.773140 0.045502
v 0.074016 1.781049 -0.091079
v 0.021429 1.618397 0.192072
v 0.082283 1.681221 0.192076
v 0.124576 1.727665 0.038311
v 0.109067 1.697892 0.114016
v 0.111813 1.748393 -0.017318
v 0.020719 1.607066 0.179097
v 0.046852 1.662826 0.202197
v 0.052309 1.689700 0.226197
v 0.104711 1.675068 0.097082
v 0.080418 1.665482 0.150250
v 0.121376 1.709322 0.029565
v 0.065286 1.860240 0.132607
v 0.062118 1.830157 0.151834
v 0.058206 1.872472 0.078260
v 0.131830 1.791104 -0.057674
v 0.104843 1.697493 0.167264
v 0.106243 1.707643 0.174304
v 0.128761 1.711070 0.120322
v 0.136599 1.728834 0.127814
v 0.148652 1.755752 0.051801
v 0.147283 1.734097 0.041555
v 0.152906 1.776377 -0.027671
v 0.042921 1.637076 0.090545
v 0.076518 1.649342 0.069117
v 0.046636 1.682790 -0.051498
v 0.073739 1.673551 -0.016797
v 0.086445 1.660375 0.028107
v 0.036417 1.640969 0.218368
v 0.038881 1.668162 0.240621
v 0.100401 1.919111 0.033484
v 0.153227 1.895750 0.059185
v 0.188286 1.888656 0.058410
v 0.114313 1.886102 -0.055899
v 0.089156 1.908914 -0.016370
v 0.202197 1.855646 -0.030973
v 0.161136 1.864037 -0.061948
v 0.213443 1.865844 0.018881
v 0.113062 1.962352 -0.008345
v 0.144064 1.971628 0.017850
v 0.185530 1.973754 0.014809
v 0.138328 1.945092 -0.078924
v 0.110687 1.951361 -0.048430
v 0.210796 1.956494 -0.055770
v 0.179795 1.947218 -0.081965
v 0.213172 1.967485 -0.015685
v 0.087188 2.026628 -0.059847
v 0.101927 2.041986 -0.041234
v 0.126077 2.056669 -0.042098
v 0.109907 2.024997 -0.106868
v 0.090494 2.019591 -0.087033
v 0.148796 2.055038 -0.089119
v 0.134057 2.039680 -0.107732
v 0.145491 2.062075 -0.061933
v 0.062257 2.087984 -0.100163
v 0.067079 2.093009 -0.094074
v 0.074980 2.097813 -0.094357
v 0.069690 2.087451 -0.115547
v 0.063338 2.085682 -0.109058
v 0.082413 2.097279 -0.109740
v 0.077590 2.092255 -0.115830
v 0.081331 2.099582 -0.100846
v 0.031750 1.832944 0.159866
v 0.025361 1.865642 0.149869
v 0.053062 1.831309 0.156194
v 0.029092 1.812423 0.181529
v 0.027545 1.838745 0.169004
v 0.022577 1.860335 0.150096
v 0.046899 1.831003 0.155432
v 0.026537 1.813036 0.175986
v 0.018302 1.850653 0.156571
v 0.018361 1.822052 0.171892
v 0.018824 1.850389 0.165528
v 0.016927 1.828177 0.177419
v 0.070897 1.736806 0.207557
v 0.015053 1.719321 0.222248
v 0.009939 1.748489 0.215099
v 0.078110 1.753494 0.195101
v 0.054412 1.729707 0.218038
v 0.013040 1.734953 0.221859
v 0.065135 1.747460 0.209496
v 0.071947 1.744454 0.204059
v 0.158487 1.844543 0.133467
v 0.048538 1.728749 0.210053
v 0.018000 1.721363 0.219788
v 0.015954 1.734140 0.215216
v 0.051808 1.751104 0.200964
v 0.013804 1.746824 0.210469
v 0.066405 1.743217 0.202528
v 0.068277 1.754793 0.196873
v 0.065896 1.735864 0.204618
v 0.045271 1.739041 0.206925
v 0.121965 1.825257 0.146383
v 0.185696 1.818783 0.096605
v 0.157124 1.792084 0.163201
v 0.125200 1.781190 0.192227
v 0.048673 1.806927 0.185745
v 0.019418 1.767277 0.221606
v 0.063872 1.751665 0.213092
v 0.017399 1.744149 0.223571
v 0.077183 1.760902 0.206380
v 0.018093 1.743041 0.212621
v 0.046215 1.506290 -0.188301
v 0.046215 1.609908 -0.147355
v 0.019492 1.637582 -0.124290
v 0.028807 1.565398 -0.145201
v 0.054886 1.293532 -0.212578
v 0.218370 1.536467 -0.157244
v 0.151388 1.286557 -0.163730
v 0.102490 1.181568 -0.151157
v 0.160110 1.272241 -0.143012
v 0.035237 1.065077 -0.159442
v 0.049706 1.076976 -0.149854
v 0.043570 1.090772 -0.145336
v 0.039803 1.083342 -0.157713
v 0.092369 0.898377 -0.162003
v 0.048266 0.863230 -0.152571
v 0.056121 0.951503 -0.248165
v 0.096883 0.950181 -0.217104
v 0.104179 0.928935 -0.187089
v 0.122898 0.970195 -0.150162
v 0.105744 0.956626 -0.138710
v 0.054301 0.914518 -0.113916
v 0.113940 1.017926 -0.159549
v 0.038453 1.024186 -0.172800
v 0.084667 0.820679 -0.198222
v 0.056184 0.798557 -0.180379
v 0.061244 0.891862 -0.274244
v 0.087588 0.874548 -0.252415
v 0.096162 0.848494 -0.224589
v 0.057515 0.718577 -0.247574
v 0.034364 0.707113 -0.227462
v 0.075690 0.821085 -0.213346
v 0.053552 0.803891 -0.199478
v 0.057485 0.876411 -0.272432
v 0.077960 0.862955 -0.255466
v 0.084624 0.842704 -0.233839
v 0.034364 0.761363 -0.322635
v 0.057515 0.749899 -0.302523
v 0.065988 0.734238 -0.275048
v 0.055909 0.611274 -0.281346
v 0.039882 0.607502 -0.264234
v 0.054015 0.715520 -0.252601
v 0.034203 0.705709 -0.235389
v 0.034203 0.752137 -0.316838
v 0.054015 0.742325 -0.299626
v 0.061267 0.728923 -0.276114
v 0.047222 0.604488 -0.284418
v 0.034674 0.601772 -0.270906
v 0.036446 0.628406 -0.340814
v 0.053925 0.623343 -0.325559
v 0.061049 0.617073 -0.303792
v 0.040137 0.478266 -0.297999
v 0.027958 0.477716 -0.283879
v 0.031806 0.617342 -0.331229
v 0.045567 0.613477 -0.319246
v 0.051209 0.608772 -0.302112
v 0.035883 0.470667 -0.301157
v 0.026263 0.470233 -0.290004
v 0.023619 0.485828 -0.345618
v 0.037632 0.482950 -0.333644
v 0.043678 0.480182 -0.316215
v 0.029741 0.368689 -0.311358
v 0.020121 0.368255 -0.300205
v 0.022836 0.476640 -0.338769
v 0.033904 0.474366 -0.329312
v 0.038680 0.472180 -0.315545
v 0.021505 0.362251 -0.317312
v 0.014952 0.361955 -0.309715
v 0.016694 0.374662 -0.348970
v 0.027762 0.372388 -0.339513
v 0.032538 0.370202 -0.325746
v 0.035038 0.300198 -0.305029
v 0.024475 0.300198 -0.290288
v 0.012617 0.366319 -0.342933
v 0.020157 0.364771 -0.336491
v 0.023410 0.363282 -0.327113
v 0.016832 0.300198 -0.354773
v 0.034024 0.300198 -0.341161
v 0.038533 0.300198 -0.323650
v 0.018021 0.311920 -0.316808
v 0.011289 0.311864 -0.309728
v 0.017240 0.312396 -0.334267
v 0.011134 0.312217 -0.339204
v 0.020200 0.312114 -0.325790
v 0.017519 0.388354 -0.347600
v 0.020946 0.381947 -0.298835
v 0.033362 0.383894 -0.324376
v 0.030565 0.382381 -0.309988
v 0.028587 0.386080 -0.338143
v 0.007506 0.319119 -0.339666
v 0.011728 0.317870 -0.309727
v 0.018439 0.317955 -0.316869
v 0.017590 0.318676 -0.334534
v 0.020584 0.318250 -0.325949
v 0.028400 1.627972 0.150419
v 0.036360 1.640403 0.174369
v 0.231316 1.066025 -0.004481
v 0.229591 1.068995 0.085645
v 0.174151 1.129943 -0.001010
v 0.170302 1.126325 0.094161
v 0.117618 1.098890 0.116081
v 0.081642 1.087279 0.134751
v 0.165981 1.045197 0.151254
v 0.085815 0.984378 0.141763
v 0.201150 1.050471 -0.082739
v 0.151373 1.112502 -0.101891
v 0.095819 1.065636 -0.110985
v 0.134187 0.995053 -0.110086
v 0.123783 1.050477 -0.133709
v 0.131158 1.093772 0.131313
v 0.100890 1.048991 0.144099
v 0.152608 1.063462 0.150288
v 0.095415 1.020050 0.142067
v 0.189436 1.072814 -0.097099
v 0.216127 1.094693 -0.014264
v 0.216797 1.090080 0.092886
v 0.189449 1.117137 0.100317
v 0.169555 1.107717 -0.105257
v 0.186652 1.124069 -0.013472
v 0.131719 0.994573 -0.128118
v 0.115172 0.932032 -0.145479
v 0.047459 1.012763 -0.204692
v 0.120582 0.951129 -0.164611
v 0.065842 0.891928 -0.125107
v 0.112614 1.000090 -0.181798
v 0.099820 0.930830 -0.149025
v 0.047731 0.998231 -0.210541
v 0.106623 0.952421 -0.169453
v 0.051628 0.891805 -0.131034
v 0.098401 0.988423 -0.187975
v 0.123349 0.596507 -0.068768
v 0.130256 0.605413 0.077702
v 0.264482 0.604246 0.083241
v 0.268645 0.604478 -0.067476
v 0.198469 0.600057 -0.098514
v 0.195851 0.606300 0.107621
v 0.293724 0.599365 0.011207
v 0.093329 0.592997 0.004298
v 0.120641 0.617246 0.073188
v 0.267103 0.619277 -0.064131
v 0.126627 0.610849 -0.065567
v 0.262474 0.619019 0.082367
v 0.199614 0.614579 -0.094275
v 0.184829 0.617453 0.107925
v 0.291230 0.622602 0.012483
v 0.097614 0.607037 0.005133
v 0.119535 0.650662 -0.055762
v 0.172631 0.664055 -0.092749
v 0.124176 0.652641 0.079177
v 0.097925 0.648847 0.016508
v 0.281687 0.678767 -0.016176
v 0.249237 0.682394 -0.079781
v 0.189971 0.665896 0.099187
v 0.261289 0.675038 0.052010
v -0.191656 1.040283 -0.085925
v -0.220097 1.058808 0.082459
v -0.045829 1.609907 0.084220
v -0.000000 0.891502 0.111447
v -0.044666 1.037815 -0.125033
v -0.000000 1.109298 0.133552
v -0.160807 1.116137 0.090974
v -0.141879 1.102314 -0.105078
v -0.143797 0.928726 -0.135896
v -0.226532 0.958882 -0.097385
v -0.256855 0.619843 -0.053035
v -0.252527 0.619602 0.072290
v -0.137158 0.612203 -0.054378
v -0.123998 0.616245 0.062036
v -0.262371 0.546850 -0.069981
v -0.262371 0.546850 0.069981
v -0.122438 0.543966 -0.069981
v -0.122438 0.543966 0.069981
v -0.332058 0.525685 -0.104401
v -0.332058 0.525685 0.105294
v -0.053683 0.519948 -0.104401
v -0.053683 0.519948 0.105294
v -0.320024 0.226382 0.013424
v -0.093167 0.229294 0.010696
v -0.232145 0.214053 -0.105789
v -0.164688 0.213304 -0.105789
v -0.113491 0.669952 -0.079271
v -0.118503 0.666543 0.079492
v -0.246385 0.720382 -0.083088
v -0.084523 0.120445 0.078667
v -0.084523 0.035526 -0.049075
v -0.315934 0.125214 0.078667
v -0.315934 0.040295 -0.049075
v -0.299672 0.165901 -0.067719
v -0.090336 0.180943 0.089599
v -0.307621 0.176985 0.104001
v -0.113231 0.172875 -0.040134
v -0.099059 0.271402 -0.074331
v -0.103111 0.315284 0.078049
v -0.292989 0.314483 0.075364
v -0.295249 0.258220 -0.063284
v -0.276081 0.622771 0.144677
v -0.107429 0.621768 0.144677
v -0.164688 0.247742 0.124250
v -0.232146 0.248518 0.124250
v -0.238797 0.171769 0.140162
v -0.161660 0.170179 0.140162
v -0.164219 0.186689 0.136135
v -0.231946 0.187141 0.136135
v -0.142496 0.315827 0.109019
v -0.251337 0.320720 0.118865
v -0.239266 0.523638 -0.135512
v -0.146474 0.521727 -0.135512
v -0.097231 0.237857 0.077531
v -0.299603 0.240184 0.077531
v -0.238797 0.100514 -0.123469
v -0.161660 0.098925 -0.123469
v -0.231946 0.143073 -0.108282
v -0.164219 0.142621 -0.108282
v -0.231418 0.257924 -0.105443
v -0.165239 0.256667 -0.105443
v -0.076371 0.381444 0.090259
v -0.314828 0.358393 -0.089366
v -0.076371 0.356368 -0.089366
v -0.314828 0.382669 0.090259
v -0.270693 0.389465 0.148086
v -0.118783 0.388782 0.148897
v -0.155857 0.420796 -0.168217
v -0.235342 0.422451 -0.168217
v -0.192504 0.576643 0.177296
v -0.191755 0.584031 0.144677
v -0.288084 0.553410 0.177296
v -0.096924 0.551242 0.177296
v -0.193415 0.510294 0.208730
v -0.195277 0.380142 0.192597
v -0.040170 0.519948 0.000446
v -0.299603 0.220687 -0.054222
v -0.073908 0.051921 0.013306
v -0.086990 0.184136 0.005422
v -0.090986 0.291650 -0.000062
v -0.064990 0.345554 0.000446
v -0.344699 0.525685 0.000446
v -0.096053 0.222670 -0.052255
v -0.327060 0.051221 0.013306
v -0.323763 0.171660 0.011532
v -0.307002 0.289472 0.000446
v -0.325850 0.360799 0.000446
v -0.225516 0.209552 -0.085423
v -0.313089 0.232268 0.009285
v -0.116019 0.224424 -0.046967
v -0.286503 0.254224 0.060726
v -0.172763 0.276538 0.094448
v -0.164070 0.210837 -0.082887
v -0.234209 0.275253 0.091912
v -0.121392 0.265029 0.062632
v -0.099718 0.245124 0.008616
v -0.276887 0.221061 -0.053607
v -0.229970 0.214057 -0.091895
v -0.320428 0.239915 0.011174
v -0.167505 0.282152 0.123883
v -0.163316 0.213938 -0.090673
v -0.234159 0.282297 0.122661
v -0.105705 0.266876 0.067764
v -0.093030 0.248856 0.009537
v -0.291770 0.228789 -0.051720
v -0.102470 0.232361 -0.047573
v -0.296403 0.263960 0.066846
v -0.103594 0.116516 0.067670
v -0.103594 0.045588 -0.039026
v -0.296880 0.120500 0.067670
v -0.296880 0.049572 -0.039026
v -0.232451 0.159385 0.119033
v -0.168023 0.158057 0.119033
v -0.232451 0.099870 -0.101164
v -0.168023 0.098542 -0.101164
v -0.094728 0.059282 0.013077
v -0.306173 0.058698 0.013077
v -0.103594 0.024926 0.067670
v -0.103594 0.024926 -0.039026
v -0.296880 0.024926 0.067670
v -0.296880 0.024926 -0.039026
v -0.232451 0.024926 0.119033
v -0.168023 0.024926 0.119033
v -0.232451 0.024926 -0.101164
v -0.168023 0.024926 -0.101164
v -0.094728 0.024926 0.013077
v -0.306173 0.024926 0.013077
v -0.150538 0.086980 0.158888
v -0.070799 0.068897 0.142472
v -0.152896 0.023378 0.162493
v -0.071878 0.023378 0.147478
v -0.240135 0.091979 0.157276
v -0.160339 0.093903 0.157276
v -0.240135 0.028698 0.157276
v -0.160339 0.028698 0.157276
v -0.332215 0.055398 0.149626
v -0.249827 0.084421 0.150866
v -0.332215 0.025273 0.149626
v -0.249827 0.025273 0.150866
v -0.114770 0.003043 0.007773
v -0.121953 0.003043 -0.034438
v -0.168023 0.003043 0.119033
v -0.121953 0.003043 0.052000
v -0.174149 0.003043 -0.084778
v -0.286070 0.003043 0.007773
v -0.278541 0.003043 0.052000
v -0.232451 0.003043 0.119033
v -0.278541 0.003043 -0.034438
v -0.226345 0.003043 -0.084778
v -0.152896 0.003043 0.162493
v -0.071878 0.003043 0.147478
v -0.240135 0.003043 0.157276
v -0.160339 0.003043 0.157276
v -0.332215 0.003043 0.149626
v -0.249827 0.003043 0.150866
v -0.240135 0.003043 0.249374
v -0.240135 0.028698 0.249374
v -0.160339 0.003043 0.249374
v -0.160339 0.028698 0.249374
v -0.139345 0.048839 0.235609
v -0.058328 0.049519 0.220595
v -0.139345 0.023378 0.235609
v -0.058328 0.023378 0.220595
v -0.240135 0.065427 0.249374
v -0.160339 0.063782 0.249374
v -0.333390 0.049036 0.224512
v -0.250946 0.042999 0.225219
v -0.333334 0.025273 0.223979
v -0.250946 0.025273 0.225219
v -0.139345 0.003043 0.235609
v -0.058328 0.003043 0.220595
v -0.333334 0.003043 0.223979
v -0.250946 0.003043 0.225219
v -0.212437 0.011717 0.322473
v -0.212437 0.028177 0.322473
v -0.191615 0.011717 0.322473
v -0.191615 0.028177 0.322473
v -0.116658 0.034611 0.276247
v -0.067448 0.035197 0.265072
v -0.107908 0.018056 0.295226
v -0.074856 0.018056 0.286643
v -0.220811 0.047845 0.302610
v -0.179664 0.046997 0.302610
v -0.314028 0.033459 0.267258
v -0.271545 0.029593 0.267898
v -0.302461 0.014836 0.284719
v -0.283112 0.014836 0.285010
v -0.109835 0.006415 0.294891
v -0.076381 0.006415 0.286464
v -0.302461 0.008058 0.284719
v -0.283112 0.008058 0.285010
v -0.113255 0.003043 0.155146
v -0.286854 0.003043 0.150309
v -0.292786 0.044608 0.267578
v -0.292140 0.003043 0.224599
v -0.291021 0.099005 0.150246
v -0.292786 0.008058 0.284865
v -0.292786 0.019674 0.284865
v -0.292168 0.062084 0.224866
v -0.200237 0.003043 0.249374
v -0.202026 0.011717 0.322473
v -0.202026 0.028177 0.322473
v -0.200237 0.104300 0.249374
v -0.200237 0.058371 0.302610
v -0.200237 0.121920 0.157276
v -0.198762 0.003043 0.157276
v -0.095575 0.018056 0.292248
v -0.112387 0.093582 0.154986
v -0.098837 0.071666 0.228102
v -0.098837 0.003043 0.228102
v -0.091004 0.041759 0.270366
v -0.095575 0.006415 0.292248
v -0.304762 0.529679 -0.081037
v -0.304762 0.529679 0.087647
v -0.080829 0.525064 -0.081037
v -0.080829 0.525064 0.087647
v -0.259732 0.607655 0.119328
v -0.124064 0.606202 0.119328
v -0.230117 0.528032 -0.106064
v -0.155473 0.526495 -0.106064
v -0.191898 0.574796 0.119328
v -0.069959 0.525064 0.003305
v -0.314930 0.529679 0.003305
v -0.199576 0.615571 -0.078807
v -0.192405 0.545408 -0.098968
v -0.165366 0.696557 -0.107558
v -0.178057 0.632495 0.095886
v -0.179181 0.616006 0.095332
v -0.192405 0.545408 0.098968
v -0.277337 0.627938 0.012590
v -0.291352 0.547447 0.000000
v -0.272428 0.725786 -0.005370
v -0.277935 0.520463 -0.078335
v -0.277935 0.520463 0.078335
v -0.106874 0.516938 -0.078335
v -0.106874 0.516938 0.078335
v -0.192405 0.518700 -0.078335
v -0.192405 0.518700 0.078335
v -0.277935 0.520463 0.000000
v -0.067821 0.889849 -0.092810
v -0.071723 0.899862 0.109386
v -0.112443 0.608688 0.005902
v -0.093457 0.543369 0.000000
v -0.082695 0.657535 0.002248
v -0.106874 0.516938 0.000000
v -0.081220 0.271402 -0.086610
v -0.312707 0.330012 0.087765
v -0.263002 0.333368 0.145540
v -0.129862 0.330974 0.140523
v -0.158383 0.243347 -0.144859
v -0.235545 0.244889 -0.144859
v -0.081220 0.327196 0.087765
v -0.311463 0.264405 -0.080758
v -0.072782 0.291650 0.000476
v -0.323527 0.295960 0.000577
v -0.174962 0.294580 0.138715
v -0.217575 0.296496 0.142570
v -0.222142 0.301448 0.148486
v -0.170016 0.300511 0.146521
v -0.197392 0.332188 0.169997
v -0.192860 0.635873 -0.083694
v -0.134668 0.627622 -0.059344
v -0.110569 0.624195 -0.000566
v -0.135910 0.643767 -0.056139
v -0.125259 0.631283 0.053292
v -0.123045 0.642620 0.058269
v -0.251057 0.644114 -0.059353
v -0.249042 0.660542 -0.052612
v -0.188997 0.659401 -0.079462
v -0.271174 0.661926 0.009838
v -0.112666 0.638954 -0.000727
v -0.268893 0.644501 0.000858
v -0.248924 0.637087 0.066232
v -0.237042 0.663954 0.055642
v -0.168364 0.658067 0.084524
v -0.250829 0.696142 0.075938
v -0.173367 0.675691 0.095313
v -0.098005 0.670346 0.090214
v -0.075469 0.854899 0.109386
v -0.246462 0.717844 -0.087029
v -0.240808 0.860377 -0.097385
v -0.068780 0.795823 -0.092810
v -0.101544 0.682764 -0.074476
v -0.152855 0.845649 -0.135896
v -0.164179 0.717759 -0.120643
v -0.056159 0.798255 0.006088
v -0.073045 0.681896 0.003249
v -0.285264 0.702479 -0.001501
v -0.281117 0.875133 0.000165
v -0.165629 0.980354 0.175606
v -0.179522 0.637508 0.125500
v -0.257730 0.695033 0.086585
v -0.250893 0.874084 0.098515
v -0.077193 0.687389 0.136290
v -0.058522 0.850979 0.130312
v -0.266424 0.729147 -0.109179
v -0.259361 0.858264 -0.122469
v -0.062420 0.784541 -0.100797
v -0.087886 0.703716 -0.089282
v -0.149627 0.831951 -0.170517
v -0.163764 0.721385 -0.151117
v -0.021630 0.793703 0.001101
v -0.054305 0.687471 0.005249
v -0.314835 0.715367 -0.002471
v -0.309653 0.877067 -0.000761
v -0.170851 0.978861 0.188794
v -0.178352 0.641439 0.165461
v -0.279580 0.700276 0.113357
v -0.277295 0.870337 0.114492
v -0.098076 0.796411 0.145515
v -0.176658 0.682782 0.155951
v -0.172135 0.922668 0.169575
v -0.176658 0.682782 0.168783
v -0.248813 0.796411 0.131496
v -0.172135 0.922668 0.156743
v -0.098076 0.796411 0.132683
v -0.248813 0.796411 0.118664
v -0.230572 0.796741 0.125220
v -0.174947 0.711245 0.153389
v -0.174947 0.892473 0.153988
v -0.116694 0.796741 0.135811
v -0.231526 0.796741 0.145551
v -0.174947 0.711220 0.164746
v -0.174947 0.892448 0.165345
v -0.117648 0.796741 0.152886
v -0.214665 0.796741 0.148440
v -0.174947 0.737351 0.160554
v -0.174947 0.864768 0.160975
v -0.134601 0.796741 0.153597
v -0.213983 0.796741 0.137393
v -0.174947 0.737369 0.149240
v -0.173222 0.864786 0.149492
v -0.133918 0.796741 0.141847
v -0.055553 0.886800 0.006088
v -0.263753 0.974954 0.000165
v -0.177772 0.941925 0.140955
v -0.236376 0.961186 0.098515
v -0.151370 0.859268 -0.135896
v -0.068623 0.811236 -0.092810
v -0.056059 0.812770 0.006088
v -0.074855 0.862270 0.109386
v -0.248513 0.888362 0.098515
v -0.278271 0.891497 0.000165
v -0.238468 0.876524 -0.097385
v -0.167620 0.912251 0.134584
v -0.043027 0.925838 0.088008
v -0.057203 0.934482 -0.078495
v -0.047646 1.095562 0.126916
v -0.000000 0.886742 0.064902
v -0.041540 0.913413 0.003930
v -0.051474 0.950136 0.162390
v -0.000000 0.926144 0.155852
v -0.000000 1.109806 0.146179
v -0.062635 1.084725 0.145581
v -0.078109 0.973060 0.132791
v -0.077596 0.979825 0.150852
v -0.072148 1.077091 0.131565
v -0.081129 1.065325 0.138105
v -0.000000 0.994091 0.194617
v -0.066429 1.005967 0.174376
v -0.081024 1.021301 0.149169
v -0.108124 1.088702 0.112894
v -0.158276 1.033879 0.142283
v -0.221822 1.055837 -0.007667
v -0.164657 1.119755 -0.004196
v -0.086325 1.055448 -0.114171
v -0.124693 0.984866 -0.113272
v -0.085921 1.009863 0.138881
v -0.091396 1.038803 0.140913
v -0.095329 1.625093 0.008129
v -0.029087 1.033586 -0.142230
v -0.000000 1.024337 -0.149976
v -0.114289 1.040290 -0.136895
v -0.122225 0.984386 -0.131304
v -0.049010 1.075775 -0.139664
v -0.000000 1.115283 0.137158
v 0.000000 1.632524 -0.069907
v -0.160807 1.150680 0.090974
v -0.141879 1.145904 -0.105078
v -0.052707 1.109487 0.122999
v -0.086087 1.137177 0.114341
v -0.102314 1.123532 0.114042
v -0.164657 1.133702 -0.004196
v -0.088693 1.100769 -0.126575
v -0.033529 1.091066 -0.154507
v -0.000000 1.119558 0.148693
v -0.045831 1.625990 -0.052790
v -0.181698 1.160533 0.113298
v -0.144043 1.155160 -0.114057
v -0.044788 1.110573 0.139970
v -0.087063 1.143669 0.142893
v -0.107615 1.125970 0.142513
v -0.186572 1.136619 -0.007236
v -0.082645 1.100164 -0.142602
v -0.045653 1.116663 -0.155688
v -0.000000 1.139388 0.148693
v -0.089224 1.631316 -0.023401
v -0.181698 1.173501 0.113298
v -0.147360 1.173403 -0.101660
v -0.044788 1.147458 0.139970
v -0.087063 1.156722 0.142893
v -0.132774 1.167317 0.137877
v -0.186572 1.166706 -0.007236
v -0.077080 1.112961 -0.140907
v -0.053300 1.175963 -0.157112
v -0.000000 1.156871 0.185623
v -0.077780 1.620157 0.062815
v -0.192368 1.210826 0.081676
v -0.161585 1.200800 -0.100796
v -0.073122 1.233245 0.190011
v -0.125171 1.207100 0.138653
v -0.167360 1.213441 0.119968
v -0.201289 1.207077 -0.007509
v -0.111496 1.168500 -0.142258
v -0.203446 1.416069 -0.169091
v -0.000000 1.411617 0.247282
v -0.054599 1.411635 -0.194351
v -0.265449 1.317377 0.081676
v -0.255779 1.330651 -0.082997
v -0.164321 1.360124 0.175598
v -0.229658 1.372911 0.140025
v -0.243597 1.347511 0.121896
v -0.270276 1.308717 -0.007509
v -0.227538 1.378739 -0.151393
v -0.114608 1.358765 0.227424
v -0.235797 1.419980 0.140025
v -0.000000 1.553492 0.185623
v -0.083209 1.471568 0.178417
v -0.132846 1.539690 0.106873
v -0.075853 1.233205 0.208851
v -0.000000 1.156832 0.208851
v -0.162245 1.360247 0.208851
v -0.000000 1.215109 0.227424
v -0.061952 1.282040 0.227650
v -0.073717 1.473661 0.208180
v -0.000000 1.553453 0.208851
v -0.050709 1.447779 0.227067
v -0.000000 1.506021 0.227424
v -0.000000 1.481197 0.212826
v -0.174717 1.572913 0.060362
v -0.043714 1.426008 0.213648
v -0.000000 1.231771 0.212826
v -0.039775 1.287266 0.215949
v -0.093763 1.359397 0.212826
v -0.213907 1.563267 0.055512
v -0.019432 1.386411 0.247259
v -0.000000 1.312399 0.247282
v -0.022206 1.340089 0.247188
v -0.036431 1.364599 0.246949
v -0.175574 1.599645 0.011604
v -0.214952 1.595830 -0.003882
v -0.175735 1.600452 -0.052101
v -0.215148 1.596812 -0.081482
v -0.148296 1.571876 -0.092741
v -0.237845 1.557889 -0.142621
v -0.537666 1.318591 0.042681
v -0.569529 1.384602 -0.056675
v -0.540797 1.360757 0.085116
v -0.564378 1.338282 0.069184
v -0.586358 1.319460 -0.030104
v -0.582459 1.406974 0.086941
v -0.574985 1.461713 0.056246
v -0.613177 1.470486 0.015408
v -0.585860 1.473829 -0.026336
v -0.608078 1.436118 -0.063307
v -0.494775 1.429052 0.094453
v -0.473557 1.371016 0.089290
v -0.472293 1.357148 0.073365
v -0.475913 1.330694 0.036714
v -0.547495 1.507544 0.017224
v -0.542373 1.497481 0.060262
v -0.548147 1.507742 -0.035734
v -0.476454 1.332641 -0.020744
v -0.478933 1.366503 -0.069209
v -0.545611 1.462317 -0.080082
v -0.284211 1.460440 0.176034
v -0.240666 1.629239 0.107176
v -0.223262 1.663714 0.004726
v -0.257407 1.644669 -0.092760
v -0.276007 1.591341 -0.139900
v -0.490953 1.456211 0.165629
v -0.540548 1.585702 0.007686
v -0.554691 1.565948 -0.077663
v -0.533102 1.568628 0.115575
v -0.259826 1.387185 -0.150790
v -0.485806 1.400670 -0.125131
v -0.550737 1.533931 -0.110622
v -0.426858 1.417501 0.112511
v -0.323916 1.417431 0.117725
v -0.425235 1.339894 0.083940
v -0.304986 1.350697 0.105294
v -0.426701 1.326922 -0.015680
v -0.306296 1.311540 -0.008912
v -0.308487 1.375276 0.122978
v -0.425889 1.372361 0.107279
v -0.306407 1.314326 0.051750
v -0.422130 1.326139 0.047249
v -0.315799 1.344815 -0.077075
v -0.423252 1.365751 -0.068004
v -0.422907 1.446017 0.173957
v -0.352625 1.455836 0.173947
v -0.468210 1.625656 0.006700
v -0.354891 1.650789 0.005713
v -0.470211 1.597544 -0.090030
v -0.363809 1.621107 -0.091395
v -0.353905 1.615851 0.106162
v -0.460484 1.590771 0.110489
v -0.348875 1.388828 -0.145584
v -0.414583 1.392511 -0.134174
v -0.470078 1.563670 -0.131498
v -0.368965 1.594413 -0.127535
v -0.422648 1.412918 0.125002
v -0.334499 1.413422 0.143316
v -0.417629 1.323807 0.097139
v -0.315787 1.329300 0.106526
v -0.421273 1.308243 -0.015610
v -0.313017 1.304275 -0.006813
v -0.317088 1.368865 0.141727
v -0.413674 1.344874 0.128159
v -0.313953 1.304865 0.060470
v -0.417129 1.314359 0.049052
v -0.327229 1.327092 -0.071976
v -0.420513 1.339452 -0.070521
v -0.419084 1.436009 0.133639
v -0.339508 1.437591 0.142863
v -0.329468 1.347286 -0.090754
v -0.412479 1.356192 -0.081505
v -0.410797 1.416700 -0.139036
v -0.470646 1.420652 -0.131345
v -0.467437 1.554551 -0.142477
v -0.297761 1.410260 -0.160579
v -0.304653 1.554551 -0.151090
v -0.366301 1.554551 -0.148088
v -0.351775 1.413367 -0.150795
v -0.453138 1.435017 -0.116112
v -0.450208 1.539670 -0.125129
v -0.319072 1.426192 -0.138533
v -0.323426 1.539670 -0.131019
v -0.351903 1.515540 -0.148550
v -0.435219 1.450445 -0.126180
v -0.435219 1.527063 -0.126349
v -0.338049 1.450349 -0.128764
v -0.338049 1.526966 -0.128992
v -0.421364 1.461939 -0.140255
v -0.351903 1.460730 -0.147219
v -0.421364 1.516776 -0.141427
v -0.435219 1.451244 -0.137301
v -0.435219 1.527958 -0.138941
v -0.338049 1.449553 -0.147044
v -0.338049 1.526228 -0.148906
v -0.407310 1.505800 -0.139090
v -0.365245 1.505052 -0.143404
v -0.365245 1.471859 -0.142598
v -0.407310 1.472591 -0.138380
v -0.298848 1.476936 0.169159
v -0.314141 1.602837 0.137472
v -0.353304 1.473857 0.171073
v -0.436767 1.592234 0.142715
v -0.472228 1.587474 0.144661
v -0.458048 1.470051 0.174216
v -0.402757 1.470124 0.173049
v -0.374459 1.598706 0.139776
v -0.311063 1.484688 0.167442
v -0.324281 1.593495 0.140058
v -0.358126 1.482027 0.169096
v -0.430257 1.584331 0.144589
v -0.460903 1.580218 0.146271
v -0.448649 1.478738 0.171813
v -0.400864 1.478801 0.170804
v -0.376409 1.589924 0.142048
v -0.321479 1.487926 0.155318
v -0.332956 1.582408 0.131538
v -0.362346 1.485615 0.156754
v -0.424981 1.574451 0.135473
v -0.451593 1.570880 0.136933
v -0.440952 1.482759 0.159113
v -0.399458 1.482814 0.158237
v -0.378222 1.579308 0.133267
v -0.329633 1.497453 0.152795
v -0.338668 1.572637 0.134511
v -0.368302 1.495227 0.154117
v -0.417157 1.565429 0.138028
v -0.444460 1.562332 0.139294
v -0.436089 1.492211 0.156349
v -0.397871 1.492645 0.155456
v -0.379887 1.569740 0.136081
v -0.342017 1.508753 0.163994
v -0.348287 1.567455 0.147779
v -0.370871 1.506606 0.165167
v -0.413315 1.560904 0.150899
v -0.432145 1.558218 0.152022
v -0.426341 1.503467 0.167147
v -0.397088 1.504219 0.166354
v -0.380257 1.564740 0.149172
v -0.354383 1.515758 0.158806
v -0.358999 1.558971 0.146868
v -0.375625 1.514178 0.159669
v -0.406870 1.554149 0.149165
v -0.420731 1.552171 0.149992
v -0.416459 1.511866 0.161126
v -0.394924 1.512420 0.160543
v -0.382534 1.556973 0.147894
v -0.051355 1.576579 -0.136421
v -0.173455 1.611285 0.062371
v -0.174312 1.638018 0.013613
v -0.131584 1.578062 0.108882
v -0.000000 1.565169 0.155218
v -0.544808 1.340086 0.038277
v -0.579045 1.390106 -0.045773
v -0.553878 1.372265 0.074547
v -0.568825 1.353782 0.060357
v -0.594341 1.334345 -0.024501
v -0.586311 1.406859 0.075151
v -0.580084 1.452463 0.049578
v -0.612238 1.460537 0.015600
v -0.587261 1.461660 -0.022869
v -0.607654 1.431140 -0.050023
v -0.575677 1.312927 0.052425
v -0.603868 1.367965 -0.047803
v -0.591067 1.365251 0.088085
v -0.596686 1.345072 0.088864
v -0.598420 1.311318 -0.033246
v -0.626201 1.420404 0.089626
v -0.624959 1.466421 0.055237
v -0.625172 1.470147 0.015060
v -0.624284 1.469144 -0.030555
v -0.620647 1.430140 -0.054357
v -0.859848 1.382546 -0.003801
v -0.857150 1.367560 -0.036371
v -0.853322 1.315325 0.070128
v -0.854716 1.336388 0.070867
v -0.860598 1.373573 0.049382
v -0.860505 1.382287 0.024358
v -0.857093 1.360909 0.067550
v -0.849056 1.343647 -0.034203
v -0.850719 1.307604 0.049044
v -0.853427 1.307854 -0.007520
v -0.574123 1.296948 0.056690
v -0.604375 1.364060 -0.062070
v -0.590127 1.369672 0.098461
v -0.595969 1.334743 0.100473
v -0.597693 1.296400 -0.044881
v -0.628732 1.425631 0.101636
v -0.611115 1.475173 0.067807
v -0.621614 1.480140 0.018680
v -0.628808 1.485148 -0.041428
v -0.624456 1.438468 -0.069914
v -0.610233 1.283386 0.043398
v -0.615370 1.343206 -0.072048
v -0.624651 1.365328 0.129147
v -0.611206 1.316795 0.104416
v -0.613133 1.285187 -0.055533
v -0.636540 1.432854 0.124836
v -0.640200 1.478560 0.082094
v -0.649807 1.501619 0.014512
v -0.646117 1.476592 -0.049361
v -0.638197 1.433770 -0.083949
v -0.828960 1.281713 -0.029257
v -0.825239 1.276833 0.049232
v -0.835286 1.335445 -0.042406
v -0.844632 1.380509 0.086753
v -0.855251 1.431614 0.018635
v -0.854121 1.419681 0.059659
v -0.835190 1.337947 0.100055
v -0.828862 1.304303 0.084841
v -0.848768 1.389986 -0.049124
v -0.857571 1.422461 -0.024107
v -0.672294 1.477117 -0.056824
v -0.672522 1.432768 -0.089547
v -0.634349 1.315906 0.106116
v -0.643972 1.365939 0.124588
v -0.668168 1.477486 0.067402
v -0.676195 1.492606 0.008356
v -0.658021 1.429262 0.109036
v -0.647094 1.341379 -0.086616
v -0.628256 1.274739 0.052601
v -0.628053 1.283381 -0.064607
v -0.694097 1.488044 0.053775
v -0.817822 1.455608 0.048739
v -0.817102 1.455260 0.015594
v -0.696847 1.486594 0.008619
v -0.696756 1.485805 -0.041641
v -0.823867 1.452829 -0.025314
v -0.708557 1.484102 0.043822
v -0.804175 1.459034 0.039930
v -0.803619 1.458765 0.014315
v -0.710682 1.482982 0.008924
v -0.710611 1.482371 -0.029918
v -0.808847 1.456886 -0.017300
v -0.717715 1.471360 0.035952
v -0.790671 1.452233 0.032982
v -0.790246 1.452028 0.013438
v -0.719336 1.470505 0.009325
v -0.719282 1.470039 -0.020312
v -0.794236 1.450594 -0.010684
v -0.726517 1.469189 0.030469
v -0.784562 1.454120 0.028130
v -0.784562 1.453959 0.012733
v -0.726517 1.468515 0.009493
v -0.726517 1.468148 -0.013855
v -0.784562 1.452829 -0.006270
v -0.735488 1.478706 0.026010
v -0.781455 1.466806 0.024162
v -0.781455 1.466678 0.012002
v -0.735488 1.478174 0.009443
v -0.735488 1.477885 -0.008997
v -0.781455 1.465786 -0.003007
v -0.742875 1.476512 0.020470
v -0.772624 1.468713 0.019259
v -0.774202 1.468629 0.011290
v -0.743536 1.476164 0.009612
v -0.743514 1.475974 -0.002473
v -0.774078 1.468045 0.001453
v -0.739937 1.465276 0.020652
v -0.769686 1.457477 0.019441
v -0.771264 1.457393 0.011471
v -0.740598 1.464928 0.009794
v -0.740576 1.464738 -0.002291
v -0.771140 1.456809 0.001635
v -0.911117 1.372242 -0.016099
v -0.898602 1.367015 -0.044740
v -0.905960 1.318908 0.078857
v -0.880146 1.332113 0.070078
v -0.912458 1.366928 0.048868
v -0.911562 1.374845 0.018243
v -0.908488 1.362629 0.076079
v -0.899527 1.335292 -0.056120
v -0.898370 1.305881 0.048682
v -0.900100 1.305782 -0.022159
v -0.984355 1.366627 -0.022300
v -0.965826 1.351715 -0.056477
v -0.969584 1.314277 0.072389
v -0.974352 1.334621 0.075689
v -0.978150 1.366185 0.050421
v -0.974876 1.366513 0.016112
v -0.969835 1.360676 0.075743
v -0.963056 1.324112 -0.061184
v -0.973628 1.298776 0.048130
v -0.972559 1.303783 -0.027926
v -0.912840 1.305261 -0.022427
v -0.941578 1.326748 -0.063796
v -0.941443 1.356287 -0.057385
v -0.956369 1.367532 -0.016128
v -0.957438 1.373181 0.018047
v -0.945215 1.315823 0.074738
v -0.956615 1.367551 0.054650
v -0.945163 1.360998 0.075313
v -0.912471 1.303838 0.049508
v -0.901876 1.306754 0.018201
v -0.979424 1.302441 0.013993
v -0.916472 1.305530 0.017288
v -0.941626 1.334546 0.112112
v -0.950103 1.346507 0.105801
v -0.945191 1.320387 0.109453
v -0.981274 1.327718 0.080466
v -0.978138 1.344100 0.083797
v -0.973447 1.314210 0.086934
v -1.033855 1.331785 0.120995
v -0.958632 1.311988 0.099108
v -0.965266 1.350720 0.094190
v -1.003953 1.332203 0.119521
v -1.004791 1.341566 0.113510
v -1.004282 1.321813 0.115875
v -1.007855 1.328204 0.086041
v -1.007586 1.339171 0.090018
v -1.007009 1.318673 0.092016
v -1.051015 1.330791 0.113793
v -1.005548 1.316209 0.104483
v -1.006306 1.344413 0.101361
v -1.034631 1.340452 0.115444
v -1.034178 1.322301 0.117726
v -1.037535 1.328488 0.090463
v -1.037255 1.338264 0.093973
v -1.036758 1.319812 0.096006
v -1.035381 1.317343 0.107377
v -1.036051 1.343214 0.104316
v -1.051337 1.334377 0.111498
v -1.051150 1.326880 0.112450
v -1.052561 1.329592 0.101302
v -1.052433 1.333551 0.102684
v -1.052240 1.326008 0.103598
v -1.051658 1.324898 0.108227
v -1.051926 1.335533 0.106908
v -1.055731 1.330308 0.109550
v -1.055809 1.331179 0.108993
v -1.055763 1.329356 0.109223
v -1.056108 1.330029 0.106525
v -1.056076 1.330983 0.106854
v -1.056031 1.329157 0.107083
v -1.056252 1.330050 0.108274
v -1.055888 1.328880 0.108201
v -1.055952 1.331459 0.107877
v -0.978463 1.342158 0.067174
v -1.001150 1.338486 0.014282
v -0.990147 1.334844 -0.027763
v -1.073248 1.318718 0.031191
v -1.073687 1.317645 0.045958
v -1.076257 1.338961 0.047727
v -1.076095 1.339891 0.033156
v -1.074465 1.328186 0.055440
v -1.074908 1.329519 0.029175
v -1.076645 1.347308 0.007727
v -1.076998 1.344813 -0.009805
v -1.073978 1.314021 -0.005488
v -1.073627 1.316583 0.011965
v -1.075416 1.333892 0.014988
v -1.075664 1.328154 -0.016359
v -1.061698 1.326040 -0.051934
v -1.059162 1.315867 -0.039815
v -1.063927 1.342140 -0.050849
v -1.060740 1.345693 -0.032245
v -1.058537 1.328307 -0.025855
v -1.089515 1.320956 0.035441
v -1.089756 1.320321 0.043504
v -1.091169 1.331833 0.044337
v -1.091079 1.332367 0.036361
v -1.090245 1.326128 0.045938
v -1.090497 1.326625 0.034623
v -1.093467 1.334113 0.004180
v -1.093578 1.333262 -0.001332
v -1.092628 1.323740 0.000128
v -1.092517 1.324591 0.005639
v -1.092937 1.329778 0.007665
v -1.093158 1.328075 -0.003358
v -1.080985 1.328540 -0.043013
v -1.080741 1.325762 -0.038452
v -1.081238 1.334246 -0.041996
v -1.080977 1.335051 -0.036256
v -1.080562 1.329842 -0.033726
v -0.995936 1.334351 -0.020575
v -0.988918 1.313158 -0.017407
v -0.999384 1.358503 0.007094
v -0.999519 1.359236 -0.016500
v -0.992833 1.312525 0.008255
v -1.003197 1.336570 0.010788
v -0.997955 1.362763 0.021999
v -1.001272 1.338619 0.019037
v -0.993104 1.317628 0.021651
v -0.991140 1.315324 0.046821
v -0.993505 1.340609 0.059805
v -0.996957 1.362188 0.050969
v -0.995066 1.331478 -0.030863
v -1.001012 1.356128 -0.032471
v -0.999438 1.347819 -0.057146
v -0.995220 1.322303 -0.055761
v -0.993105 1.313681 -0.039128
v -0.859207 1.406140 0.060081
v -0.835330 1.306182 0.083208
v -0.886413 1.414564 0.021950
v -0.854689 1.330730 0.098432
v -0.865973 1.368537 0.087078
v -0.861783 1.281820 0.049077
v -0.868576 1.417421 -0.022175
v -0.878184 1.387441 -0.049225
v -0.848438 1.331442 -0.052570
v -0.858854 1.277897 -0.015868
v -0.887777 1.405820 0.023208
v -0.858716 1.331876 0.091984
v -0.865462 1.410072 -0.019377
v -0.851686 1.333996 -0.048726
v -0.860619 1.396472 0.058067
v -0.840255 1.310264 0.079272
v -0.868700 1.365683 0.082466
v -0.866980 1.289576 0.048412
v -0.880208 1.383856 -0.044521
v -0.863777 1.284849 -0.010685
v -0.157009 1.579047 0.048462
v -0.122956 1.554047 0.078848
v -0.157667 1.599567 0.011035
v -0.157790 1.600186 -0.037865
v -0.128517 1.582302 -0.069413
v 0.000000 1.577145 -0.053074
v -0.000000 1.584704 0.121145
v -0.174474 1.638824 -0.050093
v -0.148316 1.611855 -0.095222
v -0.059727 1.621298 -0.126259
v -0.000000 1.604824 0.131575
v -0.000000 1.585803 0.150995
v -0.121694 1.592419 0.080857
v -0.127256 1.620674 -0.067404
v -0.155747 1.617420 0.050470
v -0.156405 1.637939 0.013044
v -0.156529 1.638559 -0.035856
v -0.054928 1.633705 -0.090361
v -0.000000 0.890425 -0.112181
v -0.000000 1.070161 -0.193843
v -0.000000 1.130528 -0.154974
v -0.040974 1.189195 -0.181952
v -0.000000 1.606363 0.106538
v -0.112382 1.687384 0.041700
v -0.099741 1.666927 0.084209
v -0.099741 1.707840 -0.000808
v -0.065207 1.747559 -0.083750
v -0.000000 1.753041 -0.095140
v -0.065207 1.651951 0.115327
v -0.088019 1.885877 0.086653
v -0.088790 1.821242 0.152684
v -0.120957 1.847036 0.109798
v -0.000000 1.646470 0.126717
v -0.157046 1.791029 0.069351
v -0.140712 1.760171 0.142440
v -0.060739 1.875347 -0.066151
v -0.000000 1.930172 -0.120958
v -0.110141 1.755097 0.173820
v -0.000000 1.838671 -0.088373
v -0.082825 1.832086 -0.074689
v -0.081892 1.706574 0.213544
v -0.000000 1.771614 0.216950
v -0.045573 1.882088 -0.027078
v -0.000000 1.931628 -0.037917
v -0.037836 1.803454 0.179849
v -0.000000 1.899963 0.107310
v -0.000000 1.894458 0.153509
v -0.000000 1.702504 0.233425
v -0.124316 1.744300 0.132914
v -0.128788 1.799209 -0.010806
v -0.139503 1.773140 0.045502
v -0.074016 1.781049 -0.091079
v -0.021429 1.618397 0.192072
v -0.082283 1.681221 0.192076
v -0.124576 1.727665 0.038311
v -0.000000 1.787082 -0.103616
v -0.109067 1.697892 0.114016
v -0.111813 1.748393 -0.017318
v -0.000000 1.641777 0.207765
v -0.000000 1.605151 0.179130
v -0.020719 1.607066 0.179097
v -0.046852 1.662826 0.202197
v -0.052309 1.689700 0.226197
v -0.000000 1.695828 0.234258
v -0.000000 1.617472 0.190378
v -0.104711 1.675068 0.097082
v -0.080418 1.665482 0.150250
v -0.121376 1.709322 0.029565
v -0.065286 1.860240 0.132607
v -0.000000 1.658343 0.152506
v -0.062118 1.830157 0.151834
v -0.000000 1.682327 0.170444
v -0.058206 1.872472 0.078260
v -0.131830 1.791104 -0.057674
v -0.104843 1.697493 0.167264
v -0.106243 1.707643 0.174304
v -0.128761 1.711070 0.120322
v -0.136599 1.728834 0.127814
v -0.148652 1.755752 0.051801
v -0.147283 1.734097 0.041555
v -0.152906 1.776377 -0.027671
v -0.000000 1.629579 0.111809
v -0.042921 1.637076 0.090545
v -0.076518 1.649342 0.069117
v -0.046636 1.682790 -0.051498
v -0.000000 1.686320 -0.063530
v -0.073739 1.673551 -0.016797
v -0.086445 1.660375 0.028107
v -0.036417 1.640969 0.218368
v -0.038881 1.668162 0.240621
v -0.000000 1.665771 0.253611
v -0.000000 1.634807 0.223698
v -0.100401 1.919111 0.033484
v -0.153227 1.895750 0.059185
v -0.188286 1.888656 0.058410
v -0.114313 1.886102 -0.055899
v -0.089156 1.908914 -0.016370
v -0.202197 1.855646 -0.030973
v -0.161136 1.864037 -0.061948
v -0.213443 1.865844 0.018881
v -0.113062 1.962352 -0.008345
v -0.144064 1.971628 0.017850
v -0.185530 1.973754 0.014809
v -0.138328 1.945092 -0.078924
v -0.110687 1.951361 -0.048430
v -0.210796 1.956494 -0.055770
v -0.179795 1.947218 -0.081965
v -0.213172 1.967485 -0.015685
v -0.087188 2.026628 -0.059847
v -0.101927 2.041986 -0.041234
v -0.126077 2.056669 -0.042098
v -0.109907 2.024997 -0.106868
v -0.090494 2.019591 -0.087033
v -0.148796 2.055038 -0.089119
v -0.134057 2.039680 -0.107732
v -0.145491 2.062075 -0.061933
v -0.062257 2.087984 -0.100163
v -0.067079 2.093009 -0.094074
v -0.074980 2.097813 -0.094357
v -0.069690 2.087451 -0.115547
v -0.063338 2.085682 -0.109058
v -0.082413 2.097279 -0.109740
v -0.077590 2.092255 -0.115830
v -0.081331 2.099582 -0.100846
v -0.000000 1.886624 0.152005
v -0.031750 1.832944 0.159866
v -0.000000 1.789471 0.210734
v -0.025361 1.865642 0.149869
v -0.000000 1.847834 0.172942
v -0.053062 1.831309 0.156194
v -0.029092 1.812423 0.181529
v -0.027545 1.838745 0.169004
v -0.000000 1.791957 0.196993
v -0.022577 1.860335 0.150096
v -0.046899 1.831003 0.155432
v -0.026537 1.813036 0.175986
v -0.018302 1.850653 0.156571
v -0.000000 1.875225 0.153516
v -0.000000 1.806352 0.187945
v -0.018361 1.822052 0.171892
v -0.018824 1.850389 0.165528
v -0.000000 1.874629 0.160097
v -0.000000 1.835672 0.178887
v -0.000000 1.811069 0.190828
v -0.016927 1.828177 0.177419
v -0.070897 1.736806 0.207557
v -0.015053 1.719321 0.222248
v -0.009939 1.748489 0.215099
v -0.078110 1.753494 0.195101
v -0.054412 1.729707 0.218038
v -0.013040 1.734953 0.221859
v -0.065135 1.747460 0.209496
v -0.071947 1.744454 0.204059
v -0.158487 1.844543 0.133467
v -0.048538 1.728749 0.210053
v -0.018000 1.721363 0.219788
v -0.015954 1.734140 0.215216
v -0.051808 1.751104 0.200964
v -0.013804 1.746824 0.210469
v -0.066405 1.743217 0.202528
v -0.068277 1.754793 0.196873
v -0.065896 1.735864 0.204618
v -0.045271 1.739041 0.206925
v -0.121965 1.825257 0.146383
v -0.185696 1.818783 0.096605
v -0.157124 1.792084 0.163201
v -0.125200 1.781190 0.192227
v -0.048673 1.806927 0.185745
v -0.019418 1.767277 0.221606
v -0.063872 1.751665 0.213092
v -0.017399 1.744149 0.223571
v -0.077183 1.760902 0.206380
v -0.018093 1.743041 0.212621
v -0.046215 1.506290 -0.188301
v -0.046215 1.609908 -0.147355
v -0.019492 1.637582 -0.124290
v 0.000000 1.623342 -0.181981
v 0.000000 1.559395 -0.160740
v 0.000000 1.661543 -0.125124
v -0.000000 1.456110 -0.197856
v -0.028807 1.565398 -0.145201
v -0.000000 1.290506 -0.242719
v -0.000000 1.168104 -0.220268
v -0.000000 1.241422 -0.189712
v -0.000000 1.350521 -0.203786
v -0.000000 1.395975 -0.243630
v -0.054886 1.293532 -0.212578
v -0.000000 1.519724 -0.222927
v -0.218370 1.536467 -0.157244
v -0.151388 1.286557 -0.163730
v -0.102490 1.181568 -0.151157
v -0.160110 1.272241 -0.143012
v -0.035237 1.065077 -0.159442
v -0.049706 1.076976 -0.149854
v -0.043570 1.090772 -0.145336
v -0.039803 1.083342 -0.157713
v -0.092369 0.898377 -0.162003
v -0.048266 0.863230 -0.152571
v -0.056121 0.951503 -0.248165
v -0.000000 0.930450 -0.267975
v -0.096883 0.950181 -0.217104
v -0.104179 0.928935 -0.187089
v -0.000000 0.809152 -0.158439
v -0.122898 0.970195 -0.150162
v -0.105744 0.956626 -0.138710
v -0.054301 0.914518 -0.113916
v -0.113940 1.017926 -0.159549
v -0.000000 0.844472 -0.135577
v -0.038453 1.024186 -0.172800
v -0.000000 1.024170 -0.178626
v -0.084667 0.820679 -0.198222
v -0.056184 0.798557 -0.180379
v -0.061244 0.891862 -0.274244
v -0.000000 0.897547 -0.281685
v -0.087588 0.874548 -0.252415
v -0.096162 0.848494 -0.224589
v -0.000000 0.788731 -0.174637
v -0.057515 0.718577 -0.247574
v -0.034364 0.707113 -0.227462
v -0.075690 0.821085 -0.213346
v -0.053552 0.803891 -0.199478
v -0.057485 0.876411 -0.272432
v -0.000000 0.880830 -0.278215
v -0.077960 0.862955 -0.255466
v -0.084624 0.842704 -0.233839
v -0.000000 0.796255 -0.195015
v -0.034364 0.761363 -0.322635
v 0.000000 0.765559 -0.329997
v -0.057515 0.749899 -0.302523
v -0.065988 0.734238 -0.275048
v 0.000000 0.702917 -0.220100
v -0.055909 0.611274 -0.281346
v -0.039882 0.607502 -0.264234
v -0.054015 0.715520 -0.252601
v -0.034203 0.705709 -0.235389
v -0.034203 0.752137 -0.316838
v 0.000000 0.755728 -0.323138
v -0.054015 0.742325 -0.299626
v -0.061267 0.728923 -0.276114
v 0.000000 0.702118 -0.229089
v -0.047222 0.604488 -0.284418
v -0.034674 0.601772 -0.270906
v -0.036446 0.628406 -0.340814
v 0.000000 0.631506 -0.344607
v -0.053925 0.623343 -0.325559
v -0.061049 0.617073 -0.303792
v 0.000000 0.607368 -0.256180
v -0.040137 0.478266 -0.297999
v -0.027958 0.477716 -0.283879
v -0.031806 0.617342 -0.331229
v 0.000000 0.619831 -0.334167
v -0.045567 0.613477 -0.319246
v -0.051209 0.608772 -0.302112
v 0.000000 0.601865 -0.264501
v -0.035883 0.470667 -0.301157
v -0.026263 0.470233 -0.290004
v -0.023619 0.485828 -0.345618
v -0.000000 0.488788 -0.348185
v -0.037632 0.482950 -0.333644
v -0.043678 0.480182 -0.316215
v 0.000000 0.479554 -0.276794
v -0.029741 0.368689 -0.311358
v -0.020121 0.368255 -0.300205
v -0.022836 0.476640 -0.338769
v -0.000000 0.478978 -0.340796
v -0.033904 0.474366 -0.329312
v -0.038680 0.472180 -0.315545
v -0.000000 0.471685 -0.284408
v -0.021505 0.362251 -0.317312
v -0.014952 0.361955 -0.309715
v -0.016694 0.374662 -0.348970
v -0.000000 0.377000 -0.350997
v -0.027762 0.372388 -0.339513
v -0.032538 0.370202 -0.325746
v -0.000000 0.369707 -0.294609
v -0.035038 0.300198 -0.305029
v -0.024475 0.300198 -0.290288
v -0.012617 0.366319 -0.342933
v -0.000000 0.367912 -0.344314
v -0.020157 0.364771 -0.336491
v -0.023410 0.363282 -0.327113
v -0.000000 0.362944 -0.305903
v -0.016832 0.300198 -0.354773
v -0.000000 0.298653 -0.364533
v -0.034024 0.300198 -0.341161
v -0.038533 0.300198 -0.323650
v -0.000000 0.300198 -0.282111
v -0.018021 0.311920 -0.316808
v -0.000000 0.204456 -0.321001
v -0.000000 0.312051 -0.305877
v -0.011289 0.311864 -0.309728
v -0.017240 0.312396 -0.334267
v -0.011134 0.312217 -0.339204
v -0.020200 0.312114 -0.325790
v -0.000000 0.310830 -0.340552
v -0.017519 0.388354 -0.347600
v -0.000000 0.390692 -0.349628
v -0.020946 0.381947 -0.298835
v -0.033362 0.383894 -0.324376
v -0.030565 0.382381 -0.309988
v -0.000000 0.383399 -0.293239
v -0.028587 0.386080 -0.338143
v -0.000000 0.319575 -0.340194
v -0.007506 0.319119 -0.339666
v -0.011728 0.317870 -0.309727
v -0.018439 0.317955 -0.316869
v -0.000000 0.318153 -0.305880
v -0.017590 0.318676 -0.334534
v -0.020584 0.318250 -0.325949
v -0.028400 1.627972 0.150419
v -0.000000 1.625810 0.152923
v -0.000000 1.637908 0.171442
v -0.036360 1.640403 0.174369
v -0.231316 1.066025 -0.004481
v -0.229591 1.068995 0.085645
v -0.174151 1.129943 -0.001010
v -0.170302 1.126325 0.094161
v -0.117618 1.098890 0.116081
v -0.081642 1.087279 0.134751
v -0.165981 1.045197 0.151254
v -0.085815 0.984378 0.141763
v -0.201150 1.050471 -0.082739
v -0.151373 1.112502 -0.101891
v -0.095819 1.065636 -0.110985
v -0.134187 0.995053 -0.110086
v -0.123783 1.050477 -0.133709
v -0.131158 1.093772 0.131313
v -0.100890 1.048991 0.144099
v -0.152608 1.063462 0.150288
v -0.095415 1.020050 0.142067
v -0.189436 1.072814 -0.097099
v -0.216127 1.094693 -0.014264
v -0.216797 1.090080 0.092886
v -0.189449 1.117137 0.100317
v -0.169555 1.107717 -0.105257
v -0.186652 1.124069 -0.013472
v -0.131719 0.994573 -0.128118
v -0.115172 0.932032 -0.145479
v -0.000000 0.826479 -0.142222
v -0.047459 1.012763 -0.204692
v -0.120582 0.951129 -0.164611
v -0.065843 0.891928 -0.125107
v -0.112614 1.000090 -0.181798
v -0.000000 1.012945 -0.211184
v -0.099821 0.930830 -0.149025
v -0.000000 0.828831 -0.145702
v -0.047731 0.998231 -0.210541
v -0.106624 0.952421 -0.169453
v -0.051628 0.891805 -0.131034
v -0.098401 0.988423 -0.187975
v -0.000000 0.997152 -0.221890
v -0.123349 0.596507 -0.068768
v -0.130256 0.605413 0.077702
v -0.264482 0.604246 0.083241
v -0.268645 0.604478 -0.067476
v -0.198469 0.600057 -0.098514
v -0.195851 0.606300 0.107621
v -0.293724 0.599365 0.011207
v -0.093329 0.592997 0.004298
v -0.120641 0.617246 0.073188
v -0.267103 0.619277 -0.064131
v -0.126627 0.610849 -0.065567
v -0.262474 0.619019 0.082367
v -0.199614 0.614579 -0.094275
v -0.184829 0.617453 0.107925
v -0.291230 0.622602 0.012483
v -0.097614 0.607037 0.005133
v -0.119535 0.650662 -0.055762
v -0.172631 0.664055 -0.092749
v -0.124176 0.652641 0.079177
v -0.097925 0.648847 0.016508
v -0.281687 0.678767 -0.016176
v -0.249237 0.682394 -0.079781
v -0.189971 0.665896 0.099187
v -0.261289 0.675038 0.052010
vt 0.065235 0.384472
vt 0.065235 0.384472
vt 0.065235 0.384472
vt 0.065235 0.384472
vt 0.065235 0.384472
vt 0.065235 0.384472
vt 0.065235 0.384472
vt 0.065235 0.384472
vt 0.065235 0.384472
vt 0.065235 0.384472
vt 0.065235 0.384472
vt 0.065235 0.384472
vt 0.065235 0.384472
vt 0.065235 0.384472
vt 0.065235 0.384472
vt 0.065235 0.384472
vt 0.065235 0.384472
vt 0.065235 0.384472
vt 0.065235 0.384472
vt 0.065235 0.384472
vt 0.065235 0.384472
vt 0.065235 0.384472
vt 0.065235 0.384472
vt 0.065235 0.384472
vt 0.065235 0.384472
vt 0.065235 0.384472
vt 0.065235 0.384472
vt 0.065235 0.384472
vt 0.065235 0.384472
vt 0.065235 0.384472
vt 0.065235 0.384472
vt 0.065235 0.384472
vt 0.065235 0.384472
vt 0.065235 0.384472
vt 0.065235 0.384472
vt 0.065235 0.384472
vt 0.065235 0.384472
vt 0.065235 0.384472
vt 0.065235 0.384472
vt 0.065235 0.384472
vt 0.065235 0.384472
vt 0.065235 0.384472
vt 0.065235 0.384472
vt 0.065235 0.384472
vt 0.065235 0.384472
vt 0.065235 0.384472
vt 0.065235 0.384472
vt 0.065235 0.384472
vt 0.065235 0.384472
vt 0.065235 0.384472
vt 0.065235 0.384472
vt 0.065235 0.384472
vt 0.065235 0.384472
vt 0.065235 0.384472
vt 0.065235 0.384472
vt 0.065235 0.384472
vt 0.065235 0.384472
vt 0.065235 0.384472
vt 0.065235 0.384472
vt 0.065235 0.384472
vt 0.065235 0.384472
vt 0.065235 0.384472
vt 0.065235 0.384472
vt 0.065235 0.384472
vt 0.065235 0.384472
vt 0.065235 0.384472
vt 0.065235 0.384472
vt 0.065235 0.384472
vt 0.065235 0.384472
vt 0.065235 0.384472
vt 0.065235 0.384472
vt 0.065235 0.384472
vt 0.065235 0.384472
vt 0.065235 0.384472
vt 0.065235 0.384472
vt 0.065235 0.384472
vt 0.065235 0.384472
vt 0.065235 0.384472
vt 0.065235 0.384472
vt 0.065235 0.384472
vt 0.065235 0.384472
vt 0.065235 0.384472
vt 0.065235 0.384472
vt 0.065235 0.384472
vt 0.065235 0.384472
vt 0.065235 0.384472
vt 0.065235 0.384472
vt 0.065235 0.384472
vt 0.065235 0.384472
vt 0.065235 0.384472
vt 0.065235 0.384472
vt 0.065235 0.384472
vt 0.065235 0.384472
vt 0.065235 0.384472
vt 0.065235 0.384472
vt 0.065235 0.384472
vt 0.065235 0.384472
vt 0.065235 0.384472
vt 0.065235 0.384472
vt 0.065235 0.384472
vt 0.065235 0.384472
vt 0.065235 0.384472
vt 0.065235 0.384472
vt 0.065235 0.384472
vt 0.065235 0.384472
vt 0.065235 0.384472
vt 0.065235 0.384472
vt 0.065235 0.384472
vt 0.065235 0.384472
vt 0.065235 0.384472
vt 0.065235 0.384472
vt 0.065235 0.384472
vt 0.065235 0.384472
vt 0.065235 0.384472
vt 0.065235 0.384472
vt 0.065235 0.384472
vt 0.065235 0.384472
vt 0.065235 0.384472
vt 0.065235 0.384472
vt 0.065235 0.384472
vt 0.065235 0.384472
vt 0.065235 0.384472
vt 0.065235 0.384472
vt 0.065235 0.384472
vt 0.065235 0.384472
vt 0.065235 0.384472
vt 0.065235 0.384472
vt 0.065235 0.384472
vt 0.065235 0.384472
vt 0.065235 0.384472
vt 0.065235 0.384472
vt 0.065235 0.384472
vt 0.065235 0.384472
vt 0.065235 0.384472
vt 0.065235 0.384472
vt 0.065235 0.384472
vt 0.065235 0.384472
vt 0.065235 0.384472
vt 0.065235 0.384472
vt 0.065235 0.384472
vt 0.065235 0.384472
vt 0.065235 0.384472
vt 0.065235 0.384472
vt 0.065235 0.384472
vt 0.065235 0.384472
vt 0.065235 0.384472
vt 0.065235 0.384472
vt 0.065235 0.384472
vt 0.065235 0.384472
vt 0.065235 0.384472
vt 0.065235 0.384472
vt 0.065235 0.384472
vt 0.065235 0.384472
vt 0.065235 0.384472
vt 0.065235 0.384472
vt 0.065235 0.384472
vt 0.065235 0.384472
vt 0.065235 0.384472
vt 0.065235 0.384472
vt 0.065235 0.384472
vt 0.065235 0.384472
vt 0.065235 0.384472
vt 0.065235 0.384472
vt 0.065235 0.384472
vt 0.065235 0.384472
vt 0.065235 0.384472
vt 0.065235 0.384472
vt 0.065235 0.384472
vt 0.065235 0.384472
vt 0.065235 0.384472
vt 0.065235 0.384472
vt 0.065235 0.384472
vt 0.065235 0.384472
vt 0.065235 0.384472
vt 0.065235 0.384472
vt 0.065235 0.384472
vt 0.065235 0.384472
vt 0.065235 0.384472
vt 0.065235 0.384472
vt 0.065235 0.384472
vt 0.065235 0.384472
vt 0.065235 0.384472
vt 0.065235 0.384472
vt 0.065235 0.384472
vt 0.065235 0.384472
vt 0.065235 0.384472
vt 0.065235 0.384472
vt 0.065235 0.384472
vt 0.065235 0.384472
vt 0.065235 0.384472
vt 0.065235 0.384472
vt 0.065235 0.384472
vt 0.065235 0.384472
vt 0.065235 0.384472
vt 0.065235 0.384472
vt 0.065235 0.384472
vt 0.065235 0.384472
vt 0.065235 0.384472
vt 0.065235 0.384472
vt 0.065235 0.384472
vt 0.065235 0.384472
vt 0.065235 0.384472
vt 0.065235 0.384472
vt 0.065235 0.384472
vt 0.065235 0.384472
vt 0.065235 0.384472
vt 0.065235 0.384472
vt 0.065235 0.384472
vt 0.065235 0.384472
vt 0.065235 0.384472
vt 0.065235 0.384472
vt 0.065235 0.384472
vt 0.065235 0.384472
vt 0.065235 0.384472
vt 0.065235 0.384472
vt 0.065235 0.384472
vt 0.065235 0.384472
vt 0.065235 0.384472
vt 0.065235 0.384472
vt 0.065235 0.384472
vt 0.065235 0.384472
vt 0.065235 0.384472
vt 0.065235 0.384472
vt 0.065235 0.384472
vt 0.065235 0.384472
vt 0.065235 0.384472
vt 0.065235 0.384472
vt 0.065235 0.384472
vt 0.065235 0.384472
vt 0.065235 0.384472
vt 0.065235 0.384472
vt 0.065235 0.384472
vt 0.065235 0.384472
vt 0.065235 0.384472
vt 0.065235 0.384472
vt 0.065235 0.384472
vt 0.065235 0.384472
vt 0.065235 0.384472
vt 0.065235 0.384472
vt 0.065235 0.384472
vt 0.065235 0.384472
vt 0.065235 0.384472
vt 0.065235 0.384472
vt 0.065235 0.384472
vt 0.065235 0.384472
vt 0.065235 0.384472
vt 0.065235 0.384472
vt 0.065235 0.384472
vt 0.065235 0.384472
vt 0.065235 0.384472
vt 0.065235 0.384472
vt 0.065235 0.384472
vt 0.065235 0.384472
vt 0.065235 0.384472
vt 0.065235 0.384472
vt 0.065235 0.384472
vt 0.065235 0.384472
vt 0.065235 0.384472
vt 0.065235 0.384472
vt 0.065235 0.384472
vt 0.065235 0.384472
vt 0.065235 0.384472
vt 0.065235 0.384472
vt 0.065235 0.384472
vt 0.065235 0.384472
vt 0.065235 0.384472
vt 0.065235 0.384472
vt 0.065235 0.384472
vt 0.065235 0.384472
vt 0.065235 0.384472
vt 0.065235 0.384472
vt 0.065235 0.384472
vt 0.065235 0.384472
vt 0.065235 0.384472
vt 0.065235 0.384472
vt 0.065235 0.384472
vt 0.065235 0.384472
vt 0.065235 0.384472
vt 0.065235 0.384472
vt 0.065235 0.384472
vt 0.065235 0.384472
vt 0.065235 0.384472
vt 0.065235 0.384472
vt 0.065235 0.384472
vt 0.065235 0.384472
vt 0.065235 0.384472
vt 0.065235 0.384472
vt 0.065235 0.384472
vt 0.065235 0.384472
vt 0.065235 0.384472
vt 0.065235 0.384472
vt 0.065235 0.384472
vt 0.065235 0.384472
vt 0.065235 0.384472
vt 0.065235 0.384472
vt 0.065235 0.384472
vt 0.065235 0.384472
vt 0.065235 0.384472
vt 0.065235 0.384472
vt 0.065235 0.384472
vt 0.065235 0.384472
vt 0.065235 0.384472
vt 0.065235 0.384472
vt 0.065235 0.384472
vt 0.065235 0.384472
vt 0.065235 0.384472
vt 0.065235 0.384472
vt 0.065235 0.384472
vt 0.065235 0.384472
vt 0.065235 0.384472
vt 0.065235 0.384472
vt 0.065235 0.384472
vt 0.065235 0.384472
vt 0.065235 0.384472
vt 0.065235 0.384472
vt 0.065235 0.384472
vt 0.065235 0.384472
vt 0.065235 0.384472
vt 0.065235 0.384472
vt 0.065235 0.384472
vt 0.065235 0.384472
vt 0.065235 0.384472
vt 0.065235 0.384472
vt 0.065235 0.384472
vt 0.065235 0.384472
vt 0.065235 0.384472
vt 0.065235 0.384472
vt 0.065235 0.384472
vt 0.065235 0.384472
vt 0.065235 0.384472
vt 0.065235 0.384472
vt 0.065235 0.384472
vt 0.065235 0.384472
vt 0.065235 0.384472
vt 0.065235 0.384472
vt 0.065235 0.384472
vt 0.065235 0.384472
vt 0.065235 0.384472
vt 0.065235 0.384472
vt 0.065235 0.384472
vt 0.065235 0.384472
vt 0.065235 0.384472
vt 0.065235 0.384472
vt 0.065235 0.384472
vt 0.065235 0.384472
vt 0.065235 0.384472
vt 0.065235 0.384472
vt 0.065235 0.384472
vt 0.065235 0.384472
vt 0.065235 0.384472
vt 0.065235 0.384472
vt 0.065235 0.384472
vt 0.065235 0.384472
vt 0.065235 0.384472
vt 0.065235 0.384472
vt 0.065235 0.384472
vt 0.065235 0.384472
vt 0.065235 0.384472
vt 0.065235 0.384472
vt 0.065235 0.384472
vt 0.065235 0.384472
vt 0.065235 0.384472
vt 0.065235 0.384472
vt 0.065235 0.384472
vt 0.065235 0.384472
vt 0.065235 0.384472
vt 0.065235 0.384472
vt 0.065235 0.384472
vt 0.065235 0.384472
vt 0.065235 0.384472
vt 0.065235 0.384472
vt 0.065235 0.384472
vt 0.065235 0.384472
vt 0.065235 0.384472
vt 0.065235 0.384472
vt 0.065235 0.384472
vt 0.065235 0.384472
vt 0.065235 0.384472
vt 0.065235 0.384472
vt 0.065235 0.384472
vt 0.065235 0.384472
vt 0.065235 0.384472
vt 0.065235 0.384472
vt 0.065235 0.384472
vt 0.065235 0.384472
vt 0.065235 0.384472
vt 0.065235 0.384472
vt 0.065235 0.384472
vt 0.065235 0.384472
vt 0.065235 0.384472
vt 0.065235 0.384472
vt 0.065235 0.384472
vt 0.065235 0.384472
vt 0.065235 0.384472
vt 0.065235 0.384472
vt 0.065235 0.384472
vt 0.065235 0.384472
vt 0.065235 0.384472
vt 0.065235 0.384472
vt 0.065235 0.384472
vt 0.065235 0.384472
vt 0.065235 0.384472
vt 0.065235 0.384472
vt 0.065235 0.384472
vt 0.065235 0.384472
vt 0.065235 0.384472
vt 0.065235 0.384472
vt 0.065235 0.384472
vt 0.065235 0.384472
vt 0.065235 0.384472
vt 0.065235 0.384472
vt 0.065235 0.384472
vt 0.065235 0.384472
vt 0.065235 0.384472
vt 0.065235 0.384472
vt 0.065235 0.384472
vt 0.065235 0.384472
vt 0.065235 0.384472
vt 0.065235 0.384472
vt 0.065235 0.384472
vt 0.065235 0.384472
vt 0.065235 0.384472
vt 0.065235 0.384472
vt 0.065235 0.384472
vt 0.065235 0.384472
vt 0.065235 0.384472
vt 0.065235 0.384472
vt 0.065235 0.384472
vt 0.065235 0.384472
vt 0.065235 0.384472
vt 0.065235 0.384472
vt 0.065235 0.384472
vt 0.065235 0.384472
vt 0.065235 0.384472
vt 0.065235 0.384472
vt 0.065235 0.384472
vt 0.065235 0.384472
vt 0.065235 0.384472
vt 0.065235 0.384472
vt 0.065235 0.384472
vt 0.065235 0.384472
vt 0.065235 0.384472
vt 0.065235 0.384472
vt 0.065235 0.384472
vt 0.065235 0.384472
vt 0.065235 0.384472
vt 0.065235 0.384472
vt 0.065235 0.384472
vt 0.065235 0.384472
vt 0.065235 0.384472
vt 0.065235 0.384472
vt 0.065235 0.384472
vt 0.065235 0.384472
vt 0.065235 0.384472
vt 0.065235 0.384472
vt 0.065235 0.384472
vt 0.065235 0.384472
vt 0.065235 0.384472
vt 0.065235 0.384472
vt 0.065235 0.384472
vt 0.065235 0.384472
vt 0.065235 0.384472
vt 0.065235 0.384472
vt 0.065235 0.384472
vt 0.065235 0.384472
vt 0.065235 0.384472
vt 0.065235 0.384472
vt 0.065235 0.384472
vt 0.065235 0.384472
vt 0.065235 0.384472
vt 0.065235 0.384472
vt 0.065235 0.384472
vt 0.065235 0.384472
vt 0.065235 0.384472
vt 0.065235 0.384472
vt 0.065235 0.384472
vt 0.065235 0.384472
vt 0.065235 0.384472
vt 0.065235 0.384472
vt 0.065235 0.384472
vt 0.065235 0.384472
vt 0.065235 0.384472
vt 0.065235 0.384472
vt 0.065235 0.384472
vt 0.065235 0.384472
vt 0.065235 0.384472
vt 0.065235 0.384472
vt 0.065235 0.384472
vt 0.065235 0.384472
vt 0.065235 0.384472
vt 0.065235 0.384472
vt 0.065235 0.384472
vt 0.065235 0.384472
vt 0.065235 0.384472
vt 0.065235 0.384472
vt 0.065235 0.384472
vt 0.065235 0.384472
vt 0.065235 0.384472
vt 0.065235 0.384472
vt 0.065235 0.384472
vt 0.065235 0.384472
vt 0.065235 0.384472
vt 0.065235 0.384472
vt 0.065235 0.384472
vt 0.065235 0.384472
vt 0.065235 0.384472
vt 0.065235 0.384472
vt 0.065235 0.384472
vt 0.065235 0.384472
vt 0.065235 0.384472
vt 0.065235 0.384472
vt 0.065235 0.384472
vt 0.065235 0.384472
vt 0.065235 0.384472
vt 0.065235 0.384472
vt 0.065235 0.384472
vt 0.065235 0.384472
vt 0.065235 0.384472
vt 0.065235 0.384472
vt 0.065235 0.384472
vt 0.065235 0.384472
vt 0.065235 0.384472
vt 0.065235 0.384472
vt 0.065235 0.384472
vt 0.065235 0.384472
vt 0.065235 0.384472
vt 0.065235 0.384472
vt 0.065235 0.384472
vt 0.065235 0.384472
vt 0.065235 0.384472
vt 0.065235 0.384472
vt 0.065235 0.384472
vt 0.065235 0.384472
vt 0.065235 0.384472
vt 0.065235 0.384472
vt 0.065235 0.384472
vt 0.065235 0.384472
vt 0.065235 0.384472
vt 0.065235 0.384472
vt 0.065235 0.384472
vt 0.065235 0.384472
vt 0.065235 0.384472
vt 0.065235 0.384472
vt 0.065235 0.384472
vt 0.065235 0.384472
vt 0.065235 0.384472
vt 0.065235 0.384472
vt 0.065235 0.384472
vt 0.065235 0.384472
vt 0.065235 0.384472
vt 0.065235 0.384472
vt 0.065235 0.384472
vt 0.065235 0.384472
vt 0.065235 0.384472
vt 0.065235 0.384472
vt 0.065235 0.384472
vt 0.065235 0.384472
vt 0.065235 0.384472
vt 0.065235 0.384472
vt 0.065235 0.384472
vt 0.065235 0.384472
vt 0.065235 0.384472
vt 0.065235 0.384472
vt 0.065235 0.384472
vt 0.065235 0.384472
vt 0.065235 0.384472
vt 0.065235 0.384472
vt 0.065235 0.384472
vt 0.065235 0.384472
vt 0.065235 0.384472
vt 0.065235 0.384472
vt 0.065235 0.384472
vt 0.065235 0.384472
vt 0.065235 0.384472
vt 0.065235 0.384472
vt 0.065235 0.384472
vt 0.065235 0.384472
vt 0.065235 0.384472
vt 0.065235 0.384472
vt 0.065235 0.384472
vt 0.065235 0.384472
vt 0.065235 0.384472
vt 0.065235 0.384472
vt 0.065235 0.384472
vt 0.065235 0.384472
vt 0.065235 0.384472
vt 0.065235 0.384472
vt 0.065235 0.384472
vt 0.065235 0.384472
vt 0.065235 0.384472
vt 0.065235 0.384472
vt 0.065235 0.384472
vt 0.065235 0.384472
vt 0.065235 0.384472
vt 0.065235 0.384472
vt 0.065235 0.384472
vt 0.065235 0.384472
vt 0.065235 0.384472
vt 0.065235 0.384472
vt 0.065235 0.384472
vt 0.065235 0.384472
vt 0.065235 0.384472
vt 0.065235 0.384472
vt 0.065235 0.384472
vt 0.065235 0.384472
vt 0.065235 0.384472
vt 0.065235 0.384472
vt 0.065235 0.384472
vt 0.065235 0.384472
vt 0.065235 0.384472
vt 0.065235 0.384472
vt 0.065235 0.384472
vt 0.065235 0.384472
vt 0.065235 0.384472
vt 0.065235 0.384472
vt 0.065235 0.384472
vt 0.065235 0.384472
vt 0.065235 0.384472
vt 0.065235 0.384472
vt 0.065235 0.384472
vt 0.065235 0.384472
vt 0.065235 0.384472
vt 0.065235 0.384472
vt 0.065235 0.384472
vt 0.065235 0.384472
vt 0.065235 0.384472
vt 0.065235 0.384472
vt 0.065235 0.384472
vt 0.065235 0.384472
vt 0.065235 0.384472
vt 0.065235 0.384472
vt 0.065235 0.384472
vt 0.065235 0.384472
vt 0.065235 0.384472
vt 0.065235 0.384472
vt 0.065235 0.384472
vt 0.065235 0.384472
vt 0.065235 0.384472
vt 0.065235 0.384472
vt 0.065235 0.384472
vt 0.065235 0.384472
vt 0.065235 0.384472
vt 0.065235 0.384472
vt 0.065235 0.384472
vt 0.065235 0.384472
vt 0.065235 0.384472
vt 0.065235 0.384472
vt 0.065235 0.384472
vt 0.065235 0.384472
vt 0.065235 0.384472
vt 0.065235 0.384472
vt 0.065235 0.384472
vt 0.065235 0.384472
vt 0.065235 0.384472
vt 0.065235 0.384472
vt 0.065235 0.384472
vt 0.065235 0.384472
vt 0.065235 0.384472
vt 0.065235 0.384472
vt 0.065235 0.384472
vt 0.065235 0.384472
vt 0.065235 0.384472
vt 0.065235 0.384472
vt 0.065235 0.384472
vt 0.065235 0.384472
vt 0.065235 0.384472
vt 0.065235 0.384472
vt 0.065235 0.384472
vt 0.065235 0.384472
vt 0.065235 0.384472
vt 0.065235 0.384472
vt 0.065235 0.384472
vt 0.065235 0.384472
vt 0.065235 0.384472
vt 0.065235 0.384472
vt 0.065235 0.384472
vt 0.065235 0.384472
vt 0.065235 0.384472
vt 0.065235 0.384472
vt 0.065235 0.384472
vt 0.065235 0.384472
vt 0.065235 0.384472
vt 0.065235 0.384472
vt 0.065235 0.384472
vt 0.065235 0.384472
vt 0.065235 0.384472
vt 0.065235 0.384472
vt 0.065235 0.384472
vt 0.065235 0.384472
vt 0.065235 0.384472
vt 0.065235 0.384472
vt 0.065235 0.384472
vt 0.065235 0.384472
vt 0.065235 0.384472
vt 0.065235 0.384472
vt 0.065235 0.384472
vt 0.065235 0.384472
vt 0.065235 0.384472
vt 0.065235 0.384472
vt 0.065235 0.384472
vt 0.065235 0.384472
vt 0.065235 0.384472
vt 0.065235 0.384472
vt 0.065235 0.384472
vt 0.065235 0.384472
vt 0.065235 0.384472
vt 0.065235 0.384472
vt 0.065235 0.384472
vt 0.065235 0.384472
vt 0.065235 0.384472
vt 0.065235 0.384472
vt 0.065235 0.384472
vt 0.065235 0.384472
vt 0.065235 0.384472
vt 0.065235 0.384472
vt 0.065235 0.384472
vt 0.065235 0.384472
vt 0.065235 0.384472
vt 0.065235 0.384472
vt 0.065235 0.384472
vt 0.065235 0.384472
vt 0.065235 0.384472
vt 0.065235 0.384472
vt 0.065235 0.384472
vt 0.065235 0.384472
vt 0.065235 0.384472
vt 0.065235 0.384472
vt 0.065235 0.384472
vt 0.065235 0.384472
vt 0.065235 0.384472
vt 0.065235 0.384472
vt 0.065235 0.384472
vt 0.065235 0.384472
vt 0.065235 0.384472
vt 0.065235 0.384472
vt 0.065235 0.384472
vt 0.065235 0.384472
vt 0.065235 0.384472
vt 0.065235 0.384472
vt 0.065235 0.384472
vt 0.065235 0.384472
vt 0.065235 0.384472
vt 0.065235 0.384472
vt 0.065235 0.384472
vt 0.065235 0.384472
vt 0.065235 0.384472
vt 0.065235 0.384472
vt 0.065235 0.384472
vt 0.065235 0.384472
vt 0.065235 0.384472
vt 0.065235 0.384472
vt 0.065235 0.384472
vt 0.065235 0.384472
vt 0.065235 0.384472
vt 0.065235 0.384472
vt 0.065235 0.384472
vt 0.065235 0.384472
vt 0.065235 0.384472
vt 0.065235 0.384472
vt 0.065235 0.384472
vt 0.065235 0.384472
vt 0.065235 0.384472
vt 0.065235 0.384472
vt 0.065235 0.384472
vt 0.065235 0.384472
vt 0.065235 0.384472
vt 0.065235 0.384472
vt 0.065235 0.384472
vt 0.065235 0.384472
vt 0.065235 0.384472
vt 0.065235 0.384472
vt 0.065235 0.384472
vt 0.065235 0.384472
vt 0.065235 0.384472
vt 0.065235 0.384472
vt 0.065235 0.384472
vt 0.065235 0.384472
vt 0.065235 0.384472
vt 0.065235 0.384472
vt 0.065235 0.384472
vt 0.065235 0.384472
vt 0.065235 0.384472
vt 0.065235 0.384472
vt 0.065235 0.384472
vt 0.065235 0.384472
vt 0.065235 0.384472
vt 0.065235 0.384472
vt 0.065235 0.384472
vt 0.065235 0.384472
vt 0.065235 0.384472
vt 0.065235 0.384472
vt 0.065235 0.384472
vt 0.065235 0.384472
vt 0.065235 0.384472
vt 0.065235 0.384472
vt 0.065235 0.384472
vt 0.065235 0.384472
vt 0.065235 0.384472
vt 0.065235 0.384472
vt 0.065235 0.384472
vt 0.065235 0.384472
vt 0.065235 0.384472
vt 0.065235 0.384472
vt 0.065235 0.384472
vt 0.065235 0.384472
vt 0.065235 0.384472
vt 0.065235 0.384472
vt 0.065235 0.384472
vt 0.065235 0.384472
vt 0.065235 0.384472
vt 0.065235 0.384472
vt 0.065235 0.384472
vt 0.065235 0.384472
vt 0.065235 0.384472
vt 0.065235 0.384472
vt 0.065235 0.384472
vt 0.065235 0.384472
vt 0.065235 0.384472
vt 0.065235 0.384472
vt 0.065235 0.384472
vt 0.065235 0.384472
vt 0.065235 0.384472
vt 0.065235 0.384472
vt 0.065235 0.384472
vt 0.065235 0.384472
vt 0.065235 0.384472
vt 0.065235 0.384472
vt 0.065235 0.384472
vt 0.065235 0.384472
vt 0.065235 0.384472
vt 0.065235 0.384472
vt 0.065235 0.384472
vt 0.065235 0.384472
vt 0.065235 0.384472
vt 0.065235 0.384472
vt 0.065235 0.384472
vt 0.065235 0.384472
vt 0.065235 0.384472
vt 0.065235 0.384472
vt 0.065235 0.384472
vt 0.065235 0.384472
vt 0.065235 0.384472
vt 0.065235 0.384472
vt 0.065235 0.384472
vt 0.065235 0.384472
vt 0.065235 0.384472
vt 0.065235 0.384472
vt 0.065235 0.384472
vt 0.065235 0.384472
vt 0.065235 0.384472
vt 0.065235 0.384472
vt 0.065235 0.384472
vt 0.065235 0.384472
vt 0.065235 0.384472
vt 0.065235 0.384472
vt 0.065235 0.384472
vt 0.065235 0.384472
vt 0.065235 0.384472
vt 0.065235 0.384472
vt 0.065235 0.384472
vt 0.065235 0.384472
vt 0.065235 0.384472
vt 0.065235 0.384472
vt 0.065235 0.384472
vt 0.065235 0.384472
vt 0.065235 0.384472
vt 0.065235 0.384472
vt 0.065235 0.384472
vt 0.065235 0.384472
vt 0.065235 0.384472
vt 0.065235 0.384472
vt 0.065235 0.384472
vt 0.065235 0.384472
vt 0.065235 0.384472
vt 0.065235 0.384472
vt 0.065235 0.384472
vt 0.065235 0.384472
vt 0.065235 0.384472
vt 0.065235 0.384472
vt 0.065235 0.384472
vt 0.065235 0.384472
vt 0.065235 0.384472
vt 0.065235 0.384472
vt 0.065235 0.384472
vt 0.065235 0.384472
vt 0.065235 0.384472
vt 0.065235 0.384472
vt 0.065235 0.384472
vt 0.065235 0.384472
vt 0.065235 0.384472
vt 0.065235 0.384472
vt 0.065235 0.384472
vt 0.065235 0.384472
vt 0.065235 0.384472
vt 0.065235 0.384472
vt 0.065235 0.384472
vt 0.065235 0.384472
vt 0.065235 0.384472
vt 0.065235 0.384472
vt 0.065235 0.384472
vt 0.065235 0.384472
vt 0.065235 0.384472
vt 0.065235 0.384472
vt 0.065235 0.384472
vt 0.065235 0.384472
vt 0.065235 0.384472
vt 0.065235 0.384472
vt 0.065235 0.384472
vt 0.065235 0.384472
vt 0.065235 0.384472
vt 0.065235 0.384472
vt 0.065235 0.384472
vt 0.065235 0.384472
vt 0.065235 0.384472
vt 0.065235 0.384472
vt 0.065235 0.384472
vt 0.065235 0.384472
vt 0.065235 0.384472
vt 0.065235 0.384472
vt 0.065235 0.384472
vt 0.065235 0.384472
vt 0.065235 0.384472
vt 0.065235 0.384472
vt 0.065235 0.384472
vt 0.065235 0.384472
vt 0.065235 0.384472
vt 0.065235 0.384472
vt 0.065235 0.384472
vt 0.065235 0.384472
vt 0.065235 0.384472
vt 0.065235 0.384472
vt 0.065235 0.384472
vt 0.065235 0.384472
vt 0.065235 0.384472
vt 0.065235 0.384472
vt 0.065235 0.384472
vt 0.065235 0.384472
vt 0.065235 0.384472
vt 0.065235 0.384472
vt 0.065235 0.384472
vt 0.065235 0.384472
vt 0.065235 0.384472
vt 0.065235 0.384472
vt 0.065235 0.384472
vt 0.065235 0.384472
vt 0.065235 0.384472
vt 0.065235 0.384472
vt 0.065235 0.384472
vt 0.065235 0.384472
vt 0.065235 0.384472
vt 0.065235 0.384472
vt 0.065235 0.384472
vt 0.065235 0.384472
vt 0.065235 0.384472
vt 0.065235 0.384472
vt 0.065235 0.384472
vt 0.065235 0.384472
vt 0.065235 0.384472
vt 0.065235 0.384472
vt 0.065235 0.384472
vt 0.065235 0.384472
vt 0.065235 0.384472
vt 0.065235 0.384472
vt 0.065235 0.384472
vt 0.065235 0.384472
vt 0.065235 0.384472
vt 0.065235 0.384472
vt 0.065235 0.384472
vt 0.065235 0.384472
vt 0.065235 0.384472
vt 0.065235 0.384472
vt 0.065235 0.384472
vt 0.065235 0.384472
vt 0.065235 0.384472
vt 0.065235 0.384472
vt 0.065235 0.384472
vt 0.065235 0.384472
vt 0.065235 0.384472
vt 0.065235 0.384472
vt 0.065235 0.384472
vt 0.065235 0.384472
vt 0.065235 0.384472
vt 0.065235 0.384472
vt 0.065235 0.384472
vt 0.065235 0.384472
vt 0.065235 0.384472
vt 0.065235 0.384472
vt 0.065235 0.384472
vt 0.065235 0.384472
vt 0.065235 0.384472
vt 0.065235 0.384472
vt 0.065235 0.384472
vt 0.065235 0.384472
vt 0.065235 0.384472
vt 0.065235 0.384472
vt 0.065235 0.384472
vt 0.065235 0.384472
vt 0.065235 0.384472
vt 0.065235 0.384472
vt 0.065235 0.384472
vt 0.065235 0.384472
vt 0.065235 0.384472
vt 0.065235 0.384472
vt 0.065235 0.384472
vt 0.065235 0.384472
vt 0.065235 0.384472
vt 0.065235 0.384472
vt 0.065235 0.384472
vt 0.065235 0.384472
vt 0.065235 0.384472
vt 0.065235 0.384472
vt 0.065235 0.384472
vt 0.065235 0.384472
vt 0.065235 0.384472
vt 0.065235 0.384472
vt 0.065235 0.384472
vt 0.065235 0.384472
vt 0.065235 0.384472
vt 0.065235 0.384472
vt 0.065235 0.384472
vt 0.065235 0.384472
vt 0.065235 0.384472
vt 0.065235 0.384472
vt 0.065235 0.384472
vt 0.065235 0.384472
vt 0.065235 0.384472
vt 0.065235 0.384472
vt 0.065235 0.384472
vt 0.065235 0.384472
vt 0.065235 0.384472
vt 0.065235 0.384472
vt 0.065235 0.384472
vt 0.065235 0.384472
vt 0.065235 0.384472
vt 0.065235 0.384472
vt 0.065235 0.384472
vt 0.065235 0.384472
vt 0.065235 0.384472
vt 0.065235 0.384472
vt 0.065235 0.384472
vt 0.065235 0.384472
vt 0.065235 0.384472
vt 0.065235 0.384472
vt 0.065235 0.384472
vt 0.065235 0.384472
vt 0.065235 0.384472
vt 0.065235 0.384472
vt 0.065235 0.384472
vt 0.065235 0.384472
vt 0.065235 0.384472
vt 0.065235 0.384472
vt 0.065235 0.384472
vt 0.065235 0.384472
vt 0.065235 0.384472
vt 0.065235 0.384472
vt 0.065235 0.384472
vt 0.065235 0.384472
vt 0.065235 0.384472
vt 0.065235 0.384472
vt 0.065235 0.384472
vt 0.065235 0.384472
vt 0.065235 0.384472
vt 0.065235 0.384472
vt 0.065235 0.384472
vt 0.065235 0.384472
vt 0.065235 0.384472
vt 0.065235 0.384472
vt 0.065235 0.384472
vt 0.065235 0.384472
vt 0.065235 0.384472
vt 0.065235 0.384472
vt 0.065235 0.384472
vt 0.065235 0.384472
vt 0.065235 0.384472
vt 0.065235 0.384472
vt 0.065235 0.384472
vt 0.065235 0.384472
vt 0.065235 0.384472
vt 0.065235 0.384472
vt 0.065235 0.384472
vt 0.065235 0.384472
vt 0.065235 0.384472
vt 0.065235 0.384472
vt 0.065235 0.384472
vt 0.065235 0.384472
vt 0.065235 0.384472
vt 0.065235 0.384472
vt 0.065235 0.384472
vt 0.065235 0.384472
vt 0.065235 0.384472
vt 0.065235 0.384472
vt 0.065235 0.384472
vt 0.065235 0.384472
vt 0.065235 0.384472
vt 0.065235 0.384472
vt 0.065235 0.384472
vt 0.065235 0.384472
vt 0.065235 0.384472
vt 0.065235 0.384472
vt 0.065235 0.384472
vt 0.065235 0.384472
vt 0.065235 0.384472
vt 0.065235 0.384472
vt 0.065235 0.384472
vt 0.065235 0.384472
vt 0.065235 0.384472
vt 0.065235 0.384472
vt 0.065235 0.384472
vt 0.065235 0.384472
vt 0.065235 0.384472
vt 0.065235 0.384472
vt 0.065235 0.384472
vt 0.065235 0.384472
vt 0.065235 0.384472
vt 0.065235 0.384472
vt 0.065235 0.384472
vt 0.065235 0.384472
vt 0.065235 0.384472
vt 0.065235 0.384472
vt 0.065235 0.384472
vt 0.065235 0.384472
vt 0.065235 0.384472
vt 0.065235 0.384472
vt 0.065235 0.384472
vt 0.065235 0.384472
vt 0.065235 0.384472
vt 0.065235 0.384472
vt 0.065235 0.384472
vt 0.065235 0.384472
vt 0.065235 0.384472
vt 0.065235 0.384472
vt 0.065235 0.384472
vt 0.065235 0.384472
vt 0.065235 0.384472
vt 0.065235 0.384472
vt 0.065235 0.384472
vt 0.065235 0.384472
vt 0.065235 0.384472
vt 0.065235 0.384472
vt 0.065235 0.384472
vt 0.065235 0.384472
vt 0.065235 0.384472
vt 0.065235 0.384472
vt 0.065235 0.384472
vt 0.065235 0.384472
vt 0.065235 0.384472
vt 0.065235 0.384472
vt 0.065235 0.384472
vt 0.065235 0.384472
vt 0.065235 0.384472
vt 0.065235 0.384472
vt 0.065235 0.384472
vt 0.065235 0.384472
vt 0.065235 0.384472
vt 0.065235 0.384472
vt 0.065235 0.384472
vt 0.065235 0.384472
vt 0.065235 0.384472
vt 0.065235 0.384472
vt 0.065235 0.384472
vt 0.065235 0.384472
vt 0.065235 0.384472
vt 0.065235 0.384472
vt 0.065235 0.384472
vt 0.065235 0.384472
vt 0.065235 0.384472
vt 0.065235 0.384472
vt 0.065235 0.384472
vt 0.065235 0.384472
vt 0.065235 0.384472
vt 0.065235 0.384472
vt 0.065235 0.384472
vt 0.065235 0.384472
vt 0.065235 0.384472
vt 0.065235 0.384472
vt 0.065235 0.384472
vt 0.065235 0.384472
vt 0.065235 0.384472
vt 0.065235 0.384472
vt 0.065235 0.384472
vt 0.065235 0.384472
vt 0.065235 0.384472
vt 0.065235 0.384472
vt 0.065235 0.384472
vt 0.065235 0.384472
vt 0.065235 0.384472
vt 0.065235 0.384472
vt 0.065235 0.384472
vt 0.065235 0.384472
vt 0.065235 0.384472
vt 0.065235 0.384472
vt 0.065235 0.384472
vt 0.065235 0.384472
vt 0.065235 0.384472
vt 0.065235 0.384472
vt 0.065235 0.384472
vt 0.065235 0.384472
vt 0.065235 0.384472
vt 0.065235 0.384472
vt 0.065235 0.384472
vt 0.065235 0.384472
vt 0.065235 0.384472
vt 0.065235 0.384472
vt 0.065235 0.384472
vt 0.065235 0.384472
vt 0.065235 0.384472
vt 0.065235 0.384472
vt 0.065235 0.384472
vt 0.065235 0.384472
vt 0.065235 0.384472
vt 0.065235 0.384472
vt 0.065235 0.384472
vt 0.065235 0.384472
vt 0.065235 0.384472
vt 0.065235 0.384472
vt 0.065235 0.384472
vt 0.065235 0.384472
vt 0.065235 0.384472
vt 0.065235 0.384472
vt 0.065235 0.384472
vt 0.065235 0.384472
vt 0.065235 0.384472
vt 0.065235 0.384472
vt 0.065235 0.384472
vt 0.065235 0.384472
vt 0.065235 0.384472
vt 0.065235 0.384472
vt 0.065235 0.384472
vt 0.065235 0.384472
vt 0.065235 0.384472
vt 0.065235 0.384472
vt 0.065235 0.384472
vt 0.065235 0.384472
vt 0.065235 0.384472
vt 0.065235 0.384472
vt 0.065235 0.384472
vt 0.065235 0.384472
vt 0.065235 0.384472
vt 0.065235 0.384472
vt 0.065235 0.384472
vt 0.065235 0.384472
vt 0.065235 0.384472
vt 0.065235 0.384472
vt 0.065235 0.384472
vt 0.065235 0.384472
vt 0.065235 0.384472
vt 0.065235 0.384472
vt 0.065235 0.384472
vt 0.065235 0.384472
vt 0.065235 0.384472
vt 0.065235 0.384472
vt 0.065235 0.384472
vt 0.065235 0.384472
vt 0.065235 0.384472
vt 0.065235 0.384472
vt 0.065235 0.384472
vt 0.065235 0.384472
vt 0.065235 0.384472
vt 0.065235 0.384472
vt 0.065235 0.384472
vt 0.065235 0.384472
vt 0.065235 0.384472
vt 0.065235 0.384472
vt 0.065235 0.384472
vt 0.065235 0.384472
vt 0.065235 0.384472
vt 0.065235 0.384472
vt 0.065235 0.384472
vt 0.065235 0.384472
vt 0.065235 0.384472
vt 0.065235 0.384472
vt 0.065235 0.384472
vt 0.065235 0.384472
vt 0.065235 0.384472
vt 0.065235 0.384472
vt 0.065235 0.384472
vt 0.065235 0.384472
vt 0.065235 0.384472
vt 0.065235 0.384472
vt 0.065235 0.384472
vt 0.065235 0.384472
vt 0.065235 0.384472
vt 0.065235 0.384472
vt 0.065235 0.384472
vt 0.065235 0.384472
vt 0.065235 0.384472
vt 0.065235 0.384472
vt 0.065235 0.384472
vt 0.065235 0.384472
vt 0.065235 0.384472
vt 0.065235 0.384472
vt 0.065235 0.384472
vt 0.065235 0.384472
vt 0.065235 0.384472
vt 0.065235 0.384472
vt 0.065235 0.384472
vt 0.065235 0.384472
vt 0.065235 0.384472
vt 0.065235 0.384472
vt 0.065235 0.384472
vt 0.065235 0.384472
vt 0.065235 0.384472
vt 0.065235 0.384472
vt 0.065235 0.384472
vt 0.065235 0.384472
vt 0.065235 0.384472
vt 0.065235 0.384472
vt 0.065235 0.384472
vt 0.065235 0.384472
vt 0.065235 0.384472
vt 0.065235 0.384472
vt 0.065235 0.384472
vt 0.065235 0.384472
vt 0.065235 0.384472
vt 0.065235 0.384472
vt 0.065235 0.384472
vt 0.065235 0.384472
vt 0.065235 0.384472
vt 0.065235 0.384472
vt 0.065235 0.384472
vt 0.065235 0.384472
vt 0.065235 0.384472
vt 0.065235 0.384472
vt 0.065235 0.384472
vt 0.065235 0.384472
vt 0.065235 0.384472
vt 0.065235 0.384472
vt 0.065235 0.384472
vt 0.065235 0.384472
vt 0.065235 0.384472
vt 0.065235 0.384472
vt 0.065235 0.384472
vt 0.065235 0.384472
vt 0.065235 0.384472
vt 0.065235 0.384472
vt 0.065235 0.384472
vt 0.065235 0.384472
vt 0.065235 0.384472
vt 0.065235 0.384472
vt 0.065235 0.384472
vt 0.065235 0.384472
vt 0.065235 0.384472
vt 0.065235 0.384472
vt 0.065235 0.384472
vt 0.065235 0.384472
vt 0.065235 0.384472
vt 0.065235 0.384472
vt 0.065235 0.384472
vt 0.065235 0.384472
vt 0.065235 0.384472
vt 0.065235 0.384472
vt 0.065235 0.384472
vt 0.065235 0.384472
vt 0.065235 0.384472
vt 0.065235 0.384472
vt 0.065235 0.384472
vt 0.065235 0.384472
vt 0.065235 0.384472
vt 0.065235 0.384472
vt 0.065235 0.384472
vt 0.065235 0.384472
vt 0.065235 0.384472
vt 0.065235 0.384472
vt 0.065235 0.384472
vt 0.065235 0.384472
vt 0.065235 0.384472
vt 0.065235 0.384472
vt 0.065235 0.384472
vt 0.065235 0.384472
vt 0.065235 0.384472
vt 0.065235 0.384472
vt 0.065235 0.384472
vt 0.065235 0.384472
vt 0.065235 0.384472
vt 0.065235 0.384472
vt 0.065235 0.384472
vt 0.065235 0.384472
vt 0.065235 0.384472
vt 0.065235 0.384472
vt 0.065235 0.384472
vt 0.065235 0.384472
vt 0.065235 0.384472
vt 0.065235 0.384472
vt 0.065235 0.384472
vt 0.065235 0.384472
vt 0.065235 0.384472
vt 0.065235 0.384472
vt 0.065235 0.384472
vt 0.065235 0.384472
vt 0.065235 0.384472
vt 0.065235 0.384472
vt 0.065235 0.384472
vt 0.065235 0.384472
vt 0.065235 0.384472
vt 0.065235 0.384472
vt 0.065235 0.384472
vt 0.065235 0.384472
vt 0.065235 0.384472
vt 0.065235 0.384472
vt 0.065235 0.384472
vt 0.065235 0.384472
vt 0.065235 0.384472
vt 0.065235 0.384472
vt 0.065235 0.384472
vt 0.065235 0.384472
vt 0.065235 0.384472
vt 0.065235 0.384472
vt 0.065235 0.384472
vt 0.065235 0.384472
vt 0.065235 0.384472
vt 0.065235 0.384472
vt 0.065235 0.384472
vt 0.065235 0.384472
vt 0.065235 0.384472
vt 0.065235 0.384472
vt 0.065235 0.384472
vt 0.065235 0.384472
vt 0.065235 0.384472
vt 0.065235 0.384472
vt 0.065235 0.384472
vt 0.065235 0.384472
vt 0.065235 0.384472
vt 0.065235 0.384472
vt 0.065235 0.384472
vt 0.065235 0.384472
vt 0.065235 0.384472
vt 0.065235 0.384472
vt 0.065235 0.384472
vt 0.065235 0.384472
vt 0.065235 0.384472
vt 0.065235 0.384472
vt 0.065235 0.384472
vt 0.065235 0.384472
vt 0.065235 0.384472
vt 0.065235 0.384472
vt 0.065235 0.384472
vt 0.065235 0.384472
vt 0.065235 0.384472
vt 0.065235 0.384472
vt 0.065235 0.384472
vt 0.065235 0.384472
vt 0.065235 0.384472
vt 0.065235 0.384472
vt 0.065235 0.384472
vt 0.065235 0.384472
vt 0.065235 0.384472
vt 0.065235 0.384472
vt 0.065235 0.384472
vt 0.065235 0.384472
vt 0.065235 0.384472
vt 0.065235 0.384472
vt 0.065235 0.384472
vt 0.065235 0.384472
vt 0.065235 0.384472
vt 0.065235 0.384472
vt 0.065235 0.384472
vt 0.065235 0.384472
vt 0.065235 0.384472
vt 0.065235 0.384472
vt 0.065235 0.384472
vt 0.065235 0.384472
vt 0.065235 0.384472
vt 0.065235 0.384472
vt 0.065235 0.384472
vt 0.065235 0.384472
vt 0.065235 0.384472
vt 0.065235 0.384472
vt 0.065235 0.384472
vt 0.065235 0.384472
vt 0.065235 0.384472
vt 0.065235 0.384472
vt 0.065235 0.384472
vt 0.065235 0.384472
vt 0.065235 0.384472
vt 0.065235 0.384472
vt 0.065235 0.384472
vt 0.065235 0.384472
vt 0.065235 0.384472
vt 0.065235 0.384472
vt 0.065235 0.384472
vt 0.065235 0.384472
vt 0.065235 0.384472
vt 0.065235 0.384472
vt 0.065235 0.384472
vt 0.065235 0.384472
vt 0.065235 0.384472
vt 0.065235 0.384472
vt 0.065235 0.384472
vt 0.065235 0.384472
vt 0.065235 0.384472
vt 0.065235 0.384472
vt 0.065235 0.384472
vt 0.065235 0.384472
vt 0.065235 0.384472
vt 0.065235 0.384472
vt 0.065235 0.384472
vt 0.065235 0.384472
vt 0.065235 0.384472
vt 0.065235 0.384472
vt 0.065235 0.384472
vt 0.065235 0.384472
vt 0.065235 0.384472
vt 0.065235 0.384472
vt 0.065235 0.384472
vt 0.065235 0.384472
vt 0.065235 0.384472
vt 0.065235 0.384472
vt 0.065235 0.384472
vt 0.065235 0.384472
vt 0.065235 0.384472
vt 0.065235 0.384472
vt 0.065235 0.384472
vt 0.065235 0.384472
vt 0.065235 0.384472
vt 0.065235 0.384472
vt 0.065235 0.384472
vt 0.065235 0.384472
vt 0.065235 0.384472
vt 0.065235 0.384472
vt 0.065235 0.384472
vt 0.065235 0.384472
vt 0.065235 0.384472
vt 0.065235 0.384472
vt 0.065235 0.384472
vt 0.065235 0.384472
vt 0.065235 0.384472
vt 0.065235 0.384472
vt 0.065235 0.384472
vt 0.065235 0.384472
vt 0.065235 0.384472
vt 0.065235 0.384472
vt 0.065235 0.384472
vt 0.065235 0.384472
vt 0.065235 0.384472
vt 0.065235 0.384472
vt 0.065235 0.384472
vt 0.065235 0.384472
vt 0.065235 0.384472
vt 0.065235 0.384472
vt 0.065235 0.384472
vt 0.065235 0.384472
vt 0.065235 0.384472
vt 0.065235 0.384472
vt 0.065235 0.384472
vt 0.065235 0.384472
vt 0.065235 0.384472
vt 0.065235 0.384472
vt 0.065235 0.384472
vt 0.065235 0.384472
vt 0.065235 0.384472
vt 0.065235 0.384472
vt 0.065235 0.384472
vt 0.065235 0.384472
vt 0.065235 0.384472
vt 0.065235 0.384472
vt 0.065235 0.384472
vt 0.065235 0.384472
vt 0.065235 0.384472
vt 0.065235 0.384472
vt 0.065235 0.384472
vt 0.065235 0.384472
vt 0.065235 0.384472
vt 0.065235 0.384472
vt 0.065235 0.384472
vt 0.065235 0.384472
vt 0.065235 0.384472
vt 0.065235 0.384472
vt 0.065235 0.384472
vt 0.065235 0.384472
vt 0.065235 0.384472
vt 0.065235 0.384472
vt 0.065235 0.384472
vt 0.065235 0.384472
vt 0.065235 0.384472
vt 0.065235 0.384472
vt 0.065235 0.384472
vt 0.065235 0.384472
vt 0.065235 0.384472
vt 0.065235 0.384472
vt 0.065235 0.384472
vt 0.065235 0.384472
vt 0.065235 0.384472
vt 0.065235 0.384472
vt 0.065235 0.384472
vt 0.065235 0.384472
vt 0.065235 0.384472
vt 0.065235 0.384472
vt 0.065235 0.384472
vt 0.065235 0.384472
vt 0.065235 0.384472
vt 0.065235 0.384472
vt 0.065235 0.384472
vt 0.065235 0.384472
vt 0.065235 0.384472
vt 0.065235 0.384472
vt 0.065235 0.384472
vt 0.065235 0.384472
vt 0.065235 0.384472
vt 0.065235 0.384472
vt 0.065235 0.384472
vt 0.065235 0.384472
vt 0.065235 0.384472
vt 0.065235 0.384472
vt 0.065235 0.384472
vt 0.065235 0.384472
vt 0.065235 0.384472
vt 0.065235 0.384472
vt 0.065235 0.384472
vt 0.065235 0.384472
vt 0.065235 0.384472
vt 0.065235 0.384472
vt 0.065235 0.384472
vt 0.065235 0.384472
vt 0.065235 0.384472
vt 0.065235 0.384472
vt 0.065235 0.384472
vt 0.065235 0.384472
vt 0.065235 0.384472
vt 0.065235 0.384472
vt 0.065235 0.384472
vt 0.065235 0.384472
vt 0.065235 0.384472
vt 0.065235 0.384472
vt 0.065235 0.384472
vt 0.065235 0.384472
vt 0.065235 0.384472
vt 0.065235 0.384472
vt 0.065235 0.384472
vt 0.065235 0.384472
vt 0.065235 0.384472
vt 0.065235 0.384472
vt 0.065235 0.384472
vt 0.065235 0.384472
vt 0.065235 0.384472
vt 0.065235 0.384472
vt 0.065235 0.384472
vt 0.065235 0.384472
vt 0.065235 0.384472
vt 0.065235 0.384472
vt 0.065235 0.384472
vt 0.065235 0.384472
vt 0.065235 0.384472
vt 0.065235 0.384472
vt 0.065235 0.384472
vt 0.065235 0.384472
vt 0.065235 0.384472
vt 0.065235 0.384472
vt 0.065235 0.384472
vt 0.065235 0.384472
vt 0.065235 0.384472
vt 0.065235 0.384472
vt 0.065235 0.384472
vt 0.065235 0.384472
vt 0.065235 0.384472
vt 0.065235 0.384472
vt 0.065235 0.384472
vt 0.065235 0.384472
vt 0.065235 0.384472
vt 0.065235 0.384472
vt 0.065235 0.384472
vt 0.065235 0.384472
vt 0.065235 0.384472
vt 0.065235 0.384472
vt 0.065235 0.384472
vt 0.065235 0.384472
vt 0.065235 0.384472
vt 0.065235 0.384472
vt 0.065235 0.384472
vt 0.065235 0.384472
vt 0.065235 0.384472
vt 0.065235 0.384472
vt 0.065235 0.384472
vt 0.065235 0.384472
vt 0.065235 0.384472
vt 0.065235 0.384472
vt 0.065235 0.384472
vt 0.065235 0.384472
vt 0.065235 0.384472
vt 0.065235 0.384472
vt 0.065235 0.384472
vt 0.065235 0.384472
vt 0.065235 0.384472
vt 0.065235 0.384472
vt 0.065235 0.384472
vt 0.065235 0.384472
vt 0.065235 0.384472
vt 0.065235 0.384472
vt 0.065235 0.384472
vt 0.065235 0.384472
vt 0.065235 0.384472
vt 0.065235 0.384472
vt 0.065235 0.384472
vt 0.065235 0.384472
vt 0.065235 0.384472
vt 0.065235 0.384472
vt 0.065235 0.384472
vt 0.065235 0.384472
vt 0.065235 0.384472
vt 0.065235 0.384472
vt 0.065235 0.384472
vt 0.065235 0.384472
vt 0.065235 0.384472
vt 0.065235 0.384472
vt 0.065235 0.384472
vt 0.065235 0.384472
vt 0.065235 0.384472
vt 0.065235 0.384472
vt 0.065235 0.384472
vt 0.065235 0.384472
vt 0.065235 0.384472
vt 0.065235 0.384472
vt 0.065235 0.384472
vt 0.065235 0.384472
vt 0.065235 0.384472
vt 0.065235 0.384472
vt 0.065235 0.384472
vt 0.065235 0.384472
vt 0.065235 0.384472
vt 0.065235 0.384472
vt 0.065235 0.384472
vt 0.065235 0.384472
vt 0.065235 0.384472
vt 0.065235 0.384472
vt 0.065235 0.384472
vt 0.065235 0.384472
vt 0.065235 0.384472
vt 0.065235 0.384472
vt 0.065235 0.384472
vt 0.065235 0.384472
vt 0.065235 0.384472
vt 0.065235 0.384472
vt 0.065235 0.384472
vt 0.065235 0.384472
vt 0.065235 0.384472
vt 0.065235 0.384472
vt 0.065235 0.384472
vt 0.065235 0.384472
vt 0.065235 0.384472
vt 0.065235 0.384472
vt 0.065235 0.384472
vt 0.065235 0.384472
vt 0.065235 0.384472
vt 0.065235 0.384472
vt 0.065235 0.384472
vt 0.065235 0.384472
vt 0.065235 0.384472
vt 0.065235 0.384472
vt 0.065235 0.384472
vt 0.065235 0.384472
vt 0.065235 0.384472
vt 0.065235 0.384472
vt 0.065235 0.384472
vt 0.065235 0.384472
vt 0.065235 0.384472
vt 0.065235 0.384472
vt 0.065235 0.384472
vt 0.065235 0.384472
vt 0.065235 0.384472
vt 0.065235 0.384472
vt 0.065235 0.384472
vt 0.065235 0.384472
vt 0.065235 0.384472
vt 0.065235 0.384472
vt 0.065235 0.384472
vt 0.065235 0.384472
vt 0.065235 0.384472
vt 0.065235 0.384472
vt 0.065235 0.384472
vt 0.065235 0.384472
vt 0.065235 0.384472
vt 0.065235 0.384472
vt 0.065235 0.384472
vt 0.065235 0.384472
vt 0.065235 0.384472
vt 0.065235 0.384472
vt 0.065235 0.384472
vt 0.065235 0.384472
vt 0.065235 0.384472
vt 0.065235 0.384472
vt 0.065235 0.384472
vt 0.065235 0.384472
vt 0.065235 0.384472
vt 0.065235 0.384472
vt 0.065235 0.384472
vt 0.065235 0.384472
vt 0.065235 0.384472
vt 0.065235 0.384472
vt 0.065235 0.384472
vt 0.065235 0.384472
vt 0.065235 0.384472
vt 0.065235 0.384472
vt 0.065235 0.384472
vt 0.065235 0.384472
vt 0.065235 0.384472
vt 0.065235 0.384472
vt 0.065235 0.384472
vt 0.065235 0.384472
vt 0.065235 0.384472
vt 0.065235 0.384472
vt 0.065235 0.384472
vt 0.065235 0.384472
vt 0.065235 0.384472
vt 0.065235 0.384472
vt 0.065235 0.384472
vt 0.065235 0.384472
vt 0.065235 0.384472
vt 0.065235 0.384472
vt 0.065235 0.384472
vt 0.065235 0.384472
vt 0.065235 0.384472
vt 0.065235 0.384472
vt 0.065235 0.384472
vt 0.065235 0.384472
vt 0.065235 0.384472
vt 0.065235 0.384472
vt 0.065235 0.384472
vt 0.065235 0.384472
vt 0.065235 0.384472
vt 0.065235 0.384472
vt 0.065235 0.384472
vt 0.065235 0.384472
vt 0.065235 0.384472
vt 0.065235 0.384472
vt 0.065235 0.384472
vt 0.065235 0.384472
vt 0.065235 0.384472
vt 0.065235 0.384472
vt 0.065235 0.384472
vt 0.065235 0.384472
vt 0.065235 0.384472
vt 0.065235 0.384472
vt 0.065235 0.384472
vt 0.065235 0.384472
vt 0.065235 0.384472
vt 0.065235 0.384472
vt 0.065235 0.384472
vt 0.065235 0.384472
vt 0.065235 0.384472
vt 0.065235 0.384472
vt 0.065235 0.384472
vt 0.065235 0.384472
vt 0.065235 0.384472
vt 0.065235 0.384472
vt 0.065235 0.384472
vt 0.065235 0.384472
vt 0.065235 0.384472
vt 0.065235 0.384472
vt 0.065235 0.384472
vt 0.065235 0.384472
vt 0.065235 0.384472
vt 0.065235 0.384472
vt 0.065235 0.384472
vt 0.065235 0.384472
vt 0.065235 0.384472
vt 0.065235 0.384472
vt 0.065235 0.384472
vt 0.065235 0.384472
vt 0.065235 0.384472
vt 0.065235 0.384472
vt 0.065235 0.384472
vt 0.065235 0.384472
vt 0.065235 0.384472
vt 0.065235 0.384472
vt 0.065235 0.384472
vt 0.065235 0.384472
vt 0.065235 0.384472
vt 0.065235 0.384472
vt 0.065235 0.384472
vt 0.065235 0.384472
vt 0.065235 0.384472
vt 0.065235 0.384472
vt 0.065235 0.384472
vt 0.065235 0.384472
vt 0.065235 0.384472
vt 0.065235 0.384472
vt 0.065235 0.384472
vt 0.065235 0.384472
vt 0.065235 0.384472
vt 0.065235 0.384472
vt 0.065235 0.384472
vt 0.065235 0.384472
vt 0.065235 0.384472
vt 0.065235 0.384472
vt 0.065235 0.384472
vt 0.065235 0.384472
vt 0.065235 0.384472
vt 0.065235 0.384472
vt 0.065235 0.384472
vt 0.065235 0.384472
vt 0.065235 0.384472
vt 0.065235 0.384472
vt 0.065235 0.384472
vt 0.065235 0.384472
vt 0.065235 0.384472
vt 0.065235 0.384472
vt 0.065235 0.384472
vt 0.065235 0.384472
vt 0.065235 0.384472
vt 0.065235 0.384472
vt 0.065235 0.384472
vt 0.065235 0.384472
vt 0.065235 0.384472
vt 0.065235 0.384472
vt 0.065235 0.384472
vt 0.065235 0.384472
vt 0.065235 0.384472
vt 0.065235 0.384472
vt 0.065235 0.384472
vt 0.065235 0.384472
vt 0.065235 0.384472
vt 0.065235 0.384472
vt 0.065235 0.384472
vt 0.065235 0.384472
vt 0.065235 0.384472
vt 0.065235 0.384472
vt 0.065235 0.384472
vt 0.065235 0.384472
vt 0.065235 0.384472
vt 0.065235 0.384472
vt 0.065235 0.384472
vt 0.065235 0.384472
vt 0.065235 0.384472
vt 0.065235 0.384472
vt 0.065235 0.384472
vt 0.065235 0.384472
vt 0.065235 0.384472
vt 0.065235 0.384472
vt 0.065235 0.384472
vt 0.065235 0.384472
vt 0.065235 0.384472
vt 0.065235 0.384472
vt 0.065235 0.384472
vt 0.065235 0.384472
vt 0.065235 0.384472
vt 0.065235 0.384472
vt 0.065235 0.384472
vt 0.065235 0.384472
vt 0.065235 0.384472
vt 0.065235 0.384472
vt 0.065235 0.384472
vt 0.065235 0.384472
vt 0.065235 0.384472
vt 0.065235 0.384472
vt 0.065235 0.384472
vt 0.065235 0.384472
vt 0.065235 0.384472
vt 0.065235 0.384472
vt 0.065235 0.384472
vt 0.065235 0.384472
vt 0.065235 0.384472
vt 0.065235 0.384472
vt 0.065235 0.384472
vt 0.065235 0.384472
vt 0.065235 0.384472
vt 0.065235 0.384472
vt 0.065235 0.384472
vt 0.065235 0.384472
vt 0.065235 0.384472
vt 0.065235 0.384472
vt 0.065235 0.384472
vt 0.065235 0.384472
vt 0.065235 0.384472
vt 0.065235 0.384472
vt 0.065235 0.384472
vt 0.065235 0.384472
vt 0.065235 0.384472
vt 0.065235 0.384472
vt 0.065235 0.384472
vt 0.065235 0.384472
vt 0.065235 0.384472
vt 0.065235 0.384472
vt 0.065235 0.384472
vt 0.065235 0.384472
vt 0.065235 0.384472
vt 0.065235 0.384472
vt 0.065235 0.384472
vt 0.065235 0.384472
vt 0.065235 0.384472
vt 0.065235 0.384472
vt 0.065235 0.384472
vt 0.065235 0.384472
vt 0.065235 0.384472
vt 0.065235 0.384472
vt 0.065235 0.384472
vt 0.065235 0.384472
vt 0.065235 0.384472
vt 0.065235 0.384472
vt 0.065235 0.384472
vt 0.065235 0.384472
vt 0.065235 0.384472
vt 0.065235 0.384472
vt 0.065235 0.384472
vt 0.065235 0.384472
vt 0.065235 0.384472
vt 0.065235 0.384472
vt 0.065235 0.384472
vt 0.065235 0.384472
vt 0.065235 0.384472
vt 0.065235 0.384472
vt 0.065235 0.384472
vt 0.065235 0.384472
vt 0.065235 0.384472
vt 0.065235 0.384472
vt 0.065235 0.384472
vt 0.065235 0.384472
vt 0.065235 0.384472
vt 0.065235 0.384472
vt 0.065235 0.384472
vt 0.065235 0.384472
vt 0.065235 0.384472
vt 0.065235 0.384472
vt 0.065235 0.384472
vt 0.065235 0.384472
vt 0.065235 0.384472
vt 0.065235 0.384472
vt 0.065235 0.384472
vt 0.065235 0.384472
vt 0.065235 0.384472
vt 0.065235 0.384472
vt 0.065235 0.384472
vt 0.065235 0.384472
vt 0.065235 0.384472
vt 0.065235 0.384472
vt 0.065235 0.384472
vt 0.065235 0.384472
vt 0.065235 0.384472
vt 0.065235 0.384472
vt 0.065235 0.384472
vt 0.065235 0.384472
vt 0.065235 0.384472
vt 0.065235 0.384472
vt 0.065235 0.384472
vt 0.065235 0.384472
vt 0.065235 0.384472
vt 0.065235 0.384472
vt 0.065235 0.384472
vt 0.065235 0.384472
vt 0.065235 0.384472
vt 0.065235 0.384472
vt 0.065235 0.384472
vt 0.065235 0.384472
vt 0.065235 0.384472
vt 0.065235 0.384472
vt 0.065235 0.384472
vt 0.065235 0.384472
vt 0.065235 0.384472
vt 0.065235 0.384472
vt 0.065235 0.384472
vt 0.065235 0.384472
vt 0.065235 0.384472
vt 0.065235 0.384472
vt 0.065235 0.384472
vt 0.065235 0.384472
vt 0.065235 0.384472
vt 0.065235 0.384472
vt 0.065235 0.384472
vt 0.065235 0.384472
vt 0.065235 0.384472
vt 0.065235 0.384472
vt 0.065235 0.384472
vt 0.065235 0.384472
vt 0.065235 0.384472
vt 0.065235 0.384472
vt 0.065235 0.384472
vt 0.065235 0.384472
vt 0.065235 0.384472
vt 0.065235 0.384472
vt 0.065235 0.384472
vt 0.065235 0.384472
vt 0.065235 0.384472
vt 0.065235 0.384472
vt 0.065235 0.384472
vt 0.065235 0.384472
vt 0.065235 0.384472
vt 0.065235 0.384472
vt 0.065235 0.384472
vt 0.065235 0.384472
vt 0.065235 0.384472
vt 0.065235 0.384472
vt 0.065235 0.384472
vt 0.065235 0.384472
vt 0.065235 0.384472
vt 0.065235 0.384472
vt 0.065235 0.384472
vt 0.065235 0.384472
vt 0.065235 0.384472
vt 0.065235 0.384472
vt 0.065235 0.384472
vt 0.065235 0.384472
vt 0.065235 0.384472
vt 0.065235 0.384472
vt 0.065235 0.384472
vt 0.065235 0.384472
vt 0.065235 0.384472
vt 0.065235 0.384472
vt 0.065235 0.384472
vt 0.065235 0.384472
vt 0.065235 0.384472
vt 0.065235 0.384472
vt 0.065235 0.384472
vt 0.065235 0.384472
vt 0.065235 0.384472
vt 0.065235 0.384472
vt 0.065235 0.384472
vt 0.065235 0.384472
vt 0.065235 0.384472
vt 0.065235 0.384472
vt 0.065235 0.384472
vt 0.065235 0.384472
vt 0.065235 0.384472
vt 0.065235 0.384472
vt 0.065235 0.384472
vt 0.065235 0.384472
vt 0.065235 0.384472
vt 0.065235 0.384472
vt 0.065235 0.384472
vt 0.065235 0.384472
vt 0.065235 0.384472
vt 0.065235 0.384472
vt 0.065235 0.384472
vt 0.065235 0.384472
vt 0.065235 0.384472
vt 0.065235 0.384472
vt 0.065235 0.384472
vt 0.065235 0.384472
vt 0.065235 0.384472
vt 0.065235 0.384472
vt 0.065235 0.384472
vt 0.065235 0.384472
vt 0.065235 0.384472
vt 0.065235 0.384472
vt 0.065235 0.384472
vt 0.065235 0.384472
vt 0.065235 0.384472
vt 0.065235 0.384472
vt 0.065235 0.384472
vt 0.065235 0.384472
vt 0.065235 0.384472
vt 0.065235 0.384472
vt 0.065235 0.384472
vt 0.065235 0.384472
vt 0.065235 0.384472
vt 0.065235 0.384472
vt 0.065235 0.384472
vt 0.065235 0.384472
vt 0.065235 0.384472
vt 0.065235 0.384472
vt 0.065235 0.384472
vt 0.065235 0.384472
vt 0.065235 0.384472
vt 0.065235 0.384472
vt 0.065235 0.384472
vt 0.065235 0.384472
vt 0.065235 0.384472
vt 0.065235 0.384472
vt 0.065235 0.384472
vt 0.065235 0.384472
vt 0.065235 0.384472
vt 0.065235 0.384472
vt 0.065235 0.384472
vt 0.065235 0.384472
vt 0.065235 0.384472
vt 0.065235 0.384472
vt 0.065235 0.384472
vt 0.065235 0.384472
vt 0.065235 0.384472
vt 0.065235 0.384472
vt 0.065235 0.384472
vt 0.065235 0.384472
vt 0.065235 0.384472
vt 0.065235 0.384472
vt 0.065235 0.384472
vt 0.065235 0.384472
vt 0.065235 0.384472
vt 0.065235 0.384472
vt 0.065235 0.384472
vt 0.065235 0.384472
vt 0.065235 0.384472
vt 0.065235 0.384472
vt 0.065235 0.384472
vt 0.065235 0.384472
vt 0.065235 0.384472
vt 0.065235 0.384472
vt 0.065235 0.384472
vt 0.065235 0.384472
vt 0.065235 0.384472
vt 0.065235 0.384472
vt 0.065235 0.384472
vt 0.065235 0.384472
vt 0.065235 0.384472
vt 0.065235 0.384472
vt 0.065235 0.384472
vt 0.065235 0.384472
vt 0.065235 0.384472
vt 0.065235 0.384472
vt 0.065235 0.384472
vt 0.065235 0.384472
vt 0.065235 0.384472
vt 0.065235 0.384472
vt 0.065235 0.384472
vt 0.065235 0.384472
vt 0.065235 0.384472
vt 0.065235 0.384472
vt 0.065235 0.384472
vt 0.065235 0.384472
vt 0.065235 0.384472
vt 0.065235 0.384472
vt 0.065235 0.384472
vt 0.065235 0.384472
vt 0.065235 0.384472
vt 0.065235 0.384472
vt 0.065235 0.384472
vt 0.065235 0.384472
vt 0.065235 0.384472
vt 0.065235 0.384472
vt 0.065235 0.384472
vt 0.065235 0.384472
vt 0.065235 0.384472
vt 0.065235 0.384472
vt 0.065235 0.384472
vt 0.065235 0.384472
vt 0.065235 0.384472
vt 0.065235 0.384472
vt 0.065235 0.384472
vt 0.065235 0.384472
vt 0.065235 0.384472
vt 0.065235 0.384472
vt 0.065235 0.384472
vt 0.065235 0.384472
vt 0.065235 0.384472
vt 0.065235 0.384472
vt 0.065235 0.384472
vt 0.065235 0.384472
vt 0.065235 0.384472
vt 0.065235 0.384472
vt 0.065235 0.384472
vt 0.065235 0.384472
vt 0.065235 0.384472
vt 0.065235 0.384472
vt 0.065235 0.384472
vt 0.065235 0.384472
vt 0.065235 0.384472
vt 0.065235 0.384472
vt 0.065235 0.384472
vt 0.065235 0.384472
vt 0.065235 0.384472
vt 0.065235 0.384472
vt 0.065235 0.384472
vt 0.065235 0.384472
vt 0.065235 0.384472
vt 0.065235 0.384472
vt 0.065235 0.384472
vt 0.065235 0.384472
vt 0.065235 0.384472
vt 0.065235 0.384472
vt 0.065235 0.384472
vt 0.065235 0.384472
vt 0.065235 0.384472
vt 0.065235 0.384472
vt 0.065235 0.384472
vt 0.065235 0.384472
vt 0.065235 0.384472
vt 0.065235 0.384472
vt 0.065235 0.384472
vt 0.065235 0.384472
vt 0.065235 0.384472
vt 0.065235 0.384472
vt 0.065235 0.384472
vt 0.065235 0.384472
vt 0.065235 0.384472
vt 0.065235 0.384472
vt 0.065235 0.384472
vt 0.065235 0.384472
vt 0.065235 0.384472
vt 0.065235 0.384472
vt 0.065235 0.384472
vt 0.065235 0.384472
vt 0.065235 0.384472
vt 0.065235 0.384472
vt 0.065235 0.384472
vt 0.065235 0.384472
vt 0.065235 0.384472
vt 0.065235 0.384472
vt 0.065235 0.384472
vt 0.065235 0.384472
vt 0.065235 0.384472
vt 0.065235 0.384472
vt 0.065235 0.384472
vt 0.065235 0.384472
vt 0.065235 0.384472
vt 0.065235 0.384472
vt 0.065235 0.384472
vt 0.065235 0.384472
vt 0.065235 0.384472
vt 0.065235 0.384472
vt 0.065235 0.384472
vt 0.065235 0.384472
vt 0.065235 0.384472
vt 0.065235 0.384472
vt 0.065235 0.384472
vt 0.065235 0.384472
vt 0.065235 0.384472
vt 0.065235 0.384472
vt 0.065235 0.384472
vt 0.065235 0.384472
vt 0.065235 0.384472
vt 0.065235 0.384472
vt 0.065235 0.384472
vt 0.065235 0.384472
vt 0.065235 0.384472
vt 0.065235 0.384472
vt 0.065235 0.384472
vt 0.065235 0.384472
vt 0.065235 0.384472
vt 0.065235 0.384472
vt 0.065235 0.384472
vt 0.065235 0.384472
vt 0.065235 0.384472
vt 0.065235 0.384472
vt 0.065235 0.384472
vt 0.065235 0.384472
vt 0.065235 0.384472
vt 0.065235 0.384472
vt 0.065235 0.384472
vt 0.065235 0.384472
vt 0.065235 0.384472
vt 0.065235 0.384472
vt 0.065235 0.384472
vt 0.065235 0.384472
vt 0.065235 0.384472
vt 0.065235 0.384472
vt 0.065235 0.384472
vt 0.065235 0.384472
vt 0.065235 0.384472
vt 0.065235 0.384472
vt 0.065235 0.384472
vt 0.065235 0.384472
vt 0.065235 0.384472
vt 0.065235 0.384472
vt 0.065235 0.384472
vt 0.065235 0.384472
vt 0.065235 0.384472
vt 0.065235 0.384472
vt 0.065235 0.384472
vt 0.065235 0.384472
vt 0.065235 0.384472
vt 0.065235 0.384472
vt 0.065235 0.384472
vt 0.065235 0.384472
vt 0.065235 0.384472
vt 0.065235 0.384472
vt 0.065235 0.384472
vt 0.065235 0.384472
vt 0.065235 0.384472
vt 0.065235 0.384472
vt 0.065235 0.384472
vt 0.065235 0.384472
vt 0.065235 0.384472
vt 0.065235 0.384472
vt 0.065235 0.384472
vt 0.065235 0.384472
vt 0.065235 0.384472
vt 0.065235 0.384472
vt 0.065235 0.384472
vt 0.065235 0.384472
vt 0.065235 0.384472
vt 0.065235 0.384472
vt 0.065235 0.384472
vt 0.065235 0.384472
vt 0.065235 0.384472
vt 0.065235 0.384472
vt 0.065235 0.384472
vt 0.065235 0.384472
vt 0.065235 0.384472
vn 0.4007 0.8955 0.1936
vn 0.4431 -0.1594 0.8822
vn 0.1038 0.4270 0.8983
vn -0.4332 -0.1698 0.8852
vn 0.1065 0.4382 0.8926
vn -0.1127 0.4242 0.8985
vn -0.1145 0.4310 0.8950
vn -0.4081 0.8883 0.2106
vn -0.3309 -0.9177 0.2198
vn 0.5267 -0.8340 -0.1646
vn 0.0206 -0.9995 -0.0230
vn 0.3217 -0.9008 0.2915
vn -0.0931 -0.8465 0.5241
vn -0.2448 -0.6623 0.7081
vn 0.2508 -0.6882 0.6808
vn 0.1274 -0.8433 0.5222
vn 0.0178 -0.8649 0.5016
vn -0.5014 -0.8489 -0.1672
vn -0.0658 0.9880 -0.1398
vn 0.3953 0.8700 -0.2947
vn -0.4080 0.8670 -0.2860
vn 0.0251 0.9898 -0.1399
vn 0.1315 0.9912 -0.0158
vn -0.5235 0.5350 -0.6631
vn 0.5055 0.5586 -0.6576
vn 0.1345 0.9908 0.0162
vn -0.0203 0.9879 -0.1537
vn -0.1672 0.9857 -0.0215
vn -0.1713 0.9850 0.0221
vn 0.4412 -0.2331 0.8666
vn 0.3332 -0.3456 0.8772
vn -0.0201 -0.5840 0.8115
vn -0.3739 -0.3216 0.8699
vn -0.4441 -0.3024 0.8434
vn 0.5106 0.7509 -0.4188
vn -0.5420 -0.7944 -0.2743
vn -0.2619 0.8902 -0.3728
vn -0.4261 -0.8980 0.1100
vn -0.7357 0.6609 -0.1480
vn -0.0790 0.9585 -0.2741
vn 0.1327 -0.9654 -0.2246
vn -0.4485 -0.8923 0.0508
vn 0.5268 -0.8487 -0.0466
vn -0.3189 0.9375 -0.1390
vn -0.0306 -0.8824 -0.4695
vn 0.3332 -0.9428 -0.0016
vn 0.3128 -0.9077 -0.2795
vn -0.0651 0.9901 -0.1246
vn -0.6108 0.7353 -0.2936
vn 0.0213 0.9989 0.0426
vn -0.8578 0.5131 0.0292
vn -0.8305 -0.5564 0.0274
vn 0.0091 -0.1256 0.9920
vn 0.0025 0.1305 0.9915
vn 0.8326 -0.5533 -0.0255
vn 0.8596 0.5103 -0.0255
vn 0.8638 -0.4957 -0.0899
vn 0.8260 0.5631 -0.0240
vn 0.1248 0.1296 0.9837
vn 0.1184 -0.1249 0.9851
vn -0.8307 0.5561 0.0258
vn -0.8499 -0.5191 0.0904
vn 0.3370 0.9302 0.1456
vn 0.6619 0.7484 0.0417
vn -0.6463 0.0884 0.7579
vn -0.5543 0.6707 -0.4928
vn -0.5049 0.6486 -0.5695
vn -0.3289 0.5472 -0.7697
vn -0.3615 0.0456 0.9312
vn 0.6235 -0.6979 0.3524
vn 0.7419 -0.6652 -0.0838
vn 0.7466 -0.6459 -0.1594
vn -0.3104 -0.0080 0.9506
vn 0.4894 -0.7215 0.4899
vn -0.7310 0.6824 -0.0036
vn -0.7385 0.6724 0.0505
vn 0.3510 -0.5615 0.7493
vn 0.3585 -0.0424 -0.9326
vn 0.7254 -0.6874 0.0365
vn -0.1129 -0.9817 0.1532
vn 0.4225 -0.9064 0.0015
vn 0.3392 -0.9092 -0.2412
vn 0.2009 -0.9609 0.1903
vn 0.6211 -0.7523 0.2200
vn -0.6351 -0.7493 0.1873
vn 0.6988 -0.6355 -0.3284
vn 0.7164 0.6902 0.1016
vn 0.7158 -0.6967 -0.0478
vn 0.7927 0.5968 0.1245
vn 0.3592 -0.2441 0.9008
vn 0.4975 0.3672 0.7859
vn 0.3636 0.2783 0.8890
vn 0.8192 -0.5735 -0.0094
vn -0.4550 0.3445 0.8211
vn 0.3707 0.3277 0.8690
vn 0.2910 -0.2813 0.9144
vn -0.5035 -0.3710 0.7803
vn -0.5079 0.4012 0.7623
vn -0.4813 -0.3975 0.7812
vn 0.0057 -0.0004 1.0000
vn 0.4799 0.3848 0.7884
vn 0.4782 -0.3089 0.8222
vn 0.4318 -0.3520 0.8305
vn 0.9962 -0.0874 0.0039
vn 0.7842 -0.4436 -0.4339
vn 0.1599 -0.9063 0.3912
vn 0.1686 0.9570 0.2360
vn 0.3792 0.6824 -0.6249
vn 0.0878 0.5325 -0.8419
vn 0.4208 0.8858 -0.1956
vn 0.3729 0.8946 0.2463
vn 0.9922 0.0781 0.0967
vn 0.1286 -0.8145 -0.5658
vn 0.8990 -0.2957 0.3229
vn 0.9941 0.0409 0.1006
vn 0.0901 -0.8906 -0.4458
vn 0.1014 0.9438 0.3147
vn 0.2031 0.9238 0.3245
vn 0.1502 0.9664 -0.2087
vn 0.2112 0.9399 -0.2683
vn 0.4062 0.6525 -0.6397
vn 0.1214 0.7328 -0.6695
vn 0.1964 0.7791 -0.5953
vn 0.0850 0.8772 0.4726
vn -0.8338 0.3343 0.4393
vn 0.9744 -0.1688 -0.1485
vn 0.0757 -0.7870 0.6123
vn -0.0472 -0.9249 0.3772
vn -0.8639 -0.4282 0.2650
vn 0.9447 -0.3187 0.0778
vn 0.1668 -0.0253 0.9857
vn 0.0525 -0.9400 0.3370
vn 0.0592 -0.9128 -0.4041
vn 0.0684 -0.9963 0.0523
vn -0.0316 -0.7378 0.6743
vn -0.8560 -0.2893 0.4286
vn 0.9219 -0.3819 0.0653
vn -0.7679 -0.6401 0.0232
vn 0.9246 -0.0880 0.3705
vn -0.6924 -0.6127 -0.3809
vn 0.9384 -0.2160 0.2697
vn 0.1575 -0.1732 0.9722
vn -0.8956 0.1931 0.4007
vn 0.9447 0.0235 0.3270
vn 0.1469 -0.8148 -0.5608
vn 0.1212 -0.6112 -0.7821
vn -0.5461 -0.5372 -0.6428
vn 0.7895 -0.0235 -0.6133
vn 0.8168 -0.4897 -0.3050
vn -0.5203 -0.5819 -0.6250
vn 0.0825 0.4050 -0.9106
vn 0.3361 -0.0658 -0.9395
vn 0.1088 -0.3824 -0.9176
vn 0.1897 -0.1954 -0.9622
vn 0.1412 -0.1834 -0.9729
vn -0.6814 -0.0790 -0.7277
vn 0.0647 0.7462 -0.6626
vn 0.7241 0.0139 -0.6895
vn 0.0381 -0.0324 -0.9987
vn 0.3209 -0.0428 -0.9462
vn 0.0311 -0.7840 -0.6200
vn 0.3223 0.0289 -0.9462
vn -0.0097 0.9999 0.0048
vn 0.1079 -0.0104 -0.9941
vn 1.0000 0.0000 0.0000
vn 0.0092 -1.0000 -0.0001
vn -1.0000 0.0000 0.0000
vn 0.0069 -0.0243 -0.9997
vn 0.1021 -0.3305 -0.9383
vn 0.1012 -0.1409 -0.9848
vn 0.0998 0.0965 -0.9903
vn 0.1929 -0.0210 -0.9810
vn 0.1013 -0.0227 -0.9946
vn -0.1479 -0.0211 -0.9888
vn 0.3441 -0.0228 -0.9386
vn 0.0906 0.2873 -0.9535
vn -0.0201 0.2463 0.9690
vn 0.0664 -0.1078 0.9919
vn 0.2409 0.9705 0.0108
vn -0.0068 0.0863 0.9962
vn 0.0179 0.2644 0.9642
vn -0.1027 -0.6444 0.7578
vn -0.1271 -0.6351 0.7619
vn -0.0732 -0.6431 0.7623
vn -0.0166 0.2825 0.9591
vn -0.0139 0.2804 0.9598
vn -0.0171 0.2806 0.9597
vn -0.7960 0.2364 0.5573
vn -0.0052 0.9524 0.3047
vn 0.7463 0.0758 0.6613
vn 0.0600 0.9528 0.2976
vn 0.0437 0.9552 0.2927
vn 0.0894 0.9311 0.3536
vn 0.0964 0.9230 0.3724
vn 0.0582 0.9385 0.3404
vn -0.0143 0.2422 0.9701
vn -0.0197 0.2702 0.9626
vn -0.0272 0.2436 0.9695
vn -0.0187 0.2723 0.9620
vn -0.0178 0.2724 0.9620
vn -0.0724 -0.1826 0.9805
vn -0.0832 -0.1725 0.9815
vn -0.0580 -0.1786 0.9822
vn 0.7398 0.0879 0.6671
vn -0.0301 -0.6958 0.7176
vn -0.7506 0.2440 0.6140
vn -0.0937 -0.6843 0.7232
vn -0.0708 -0.6743 0.7350
vn -0.0192 0.2681 0.9632
vn -0.3115 0.2836 0.9069
vn -0.0073 0.5769 0.8168
vn 0.2624 0.2308 0.9370
vn 0.0161 0.5809 0.8138
vn 0.0104 0.5833 0.8122
vn -0.7145 -0.0600 0.6970
vn 0.3281 0.0424 0.9437
vn -0.3194 0.1905 -0.9283
vn -0.0168 0.3566 0.9341
vn -0.7547 0.3139 0.5761
vn -0.6511 0.0790 -0.7548
vn -0.3480 -0.7385 0.5775
vn -0.3089 0.9375 -0.1601
vn -0.4569 -0.8871 -0.0659
vn -0.7118 0.3738 0.5947
vn -0.7068 -0.1360 -0.6942
vn -0.2928 0.5773 -0.7622
vn -0.6103 -0.1558 0.7767
vn -0.4154 0.8982 0.1441
vn 0.8232 -0.2049 -0.5294
vn 0.9428 0.1195 0.3112
vn 0.8240 -0.5665 -0.0012
vn 0.8428 -0.0960 0.5295
vn 0.8821 -0.2031 -0.4251
vn 0.6436 -0.2722 0.7153
vn 0.9586 0.2719 0.0849
vn 0.7874 0.0937 0.6093
vn 0.7645 -0.3839 -0.5179
vn 0.6780 -0.6969 0.2337
vn 0.9995 0.0327 0.0029
vn -0.6725 0.0166 -0.7399
vn -0.2086 0.9024 -0.3770
vn -0.1229 0.8458 0.5191
vn -0.0048 0.9999 0.0126
vn -0.0191 0.8768 0.4804
vn 0.2555 0.8150 0.5201
vn 0.2102 0.9499 -0.2311
vn 0.3762 0.0466 -0.9254
vn 0.7468 -0.0103 0.6650
vn 0.9989 0.0310 0.0346
vn 0.8450 0.0102 -0.5346
vn -0.9995 -0.0327 -0.0029
vn -0.9989 -0.0310 -0.0346
vn 0.3256 0.8538 -0.4063
vn 0.7222 0.5741 -0.3857
vn 0.5266 -0.2680 -0.8068
vn -0.0197 0.7650 0.6438
vn 0.6800 -0.1317 -0.7213
vn 0.4990 -0.2355 -0.8340
vn 0.5005 0.7859 -0.3631
vn 0.4782 0.5320 -0.6988
vn 0.3822 -0.6780 -0.6279
vn 0.6741 -0.6402 -0.3684
vn 0.3956 0.4998 -0.7705
vn 0.5538 0.3203 -0.7686
vn 0.5438 0.7075 -0.4513
vn 0.6554 -0.4979 -0.5680
vn 0.5085 -0.3157 -0.8011
vn 0.6685 0.4026 -0.6253
vn 0.5179 -0.5915 -0.6179
vn 0.5738 -0.8077 -0.1355
vn 0.5311 -0.2408 -0.8124
vn -0.4007 0.8955 0.1936
vn -0.4431 -0.1594 0.8822
vn -0.1038 0.4270 0.8983
vn 0.4332 -0.1698 0.8852
vn -0.1065 0.4382 0.8926
vn 0.1127 0.4242 0.8985
vn 0.1145 0.4310 0.8950
vn 0.4081 0.8883 0.2106
vn 0.3309 -0.9177 0.2198
vn -0.5267 -0.8340 -0.1646
vn -0.0206 -0.9995 -0.0230
vn -0.3217 -0.9008 0.2915
vn 0.0931 -0.8465 0.5241
vn 0.2448 -0.6623 0.7081
vn -0.2508 -0.6882 0.6808
vn -0.1274 -0.8433 0.5222
vn -0.0178 -0.8649 0.5016
vn 0.5014 -0.8489 -0.1672
vn 0.0658 0.9880 -0.1398
vn -0.3953 0.8700 -0.2947
vn 0.4080 0.8670 -0.2860
vn -0.0251 0.9898 -0.1399
vn -0.1315 0.9912 -0.0158
vn 0.5235 0.5350 -0.6631
vn -0.5055 0.5586 -0.6576
vn -0.1345 0.9908 0.0162
vn 0.0203 0.9879 -0.1537
vn 0.1672 0.9857 -0.0215
vn 0.1713 0.9850 0.0221
vn -0.4412 -0.2331 0.8666
vn -0.3332 -0.3456 0.8772
vn 0.0201 -0.5840 0.8115
vn 0.3739 -0.3216 0.8699
vn 0.4441 -0.3024 0.8434
vn -0.5106 0.7509 -0.4188
vn 0.5420 -0.7944 -0.2743
vn 0.2619 0.8902 -0.3728
vn 0.4261 -0.8980 0.1100
vn 0.7357 0.6609 -0.1480
vn 0.0790 0.9585 -0.2741
vn -0.1327 -0.9654 -0.2246
vn 0.4485 -0.8923 0.0508
vn -0.5268 -0.8487 -0.0466
vn 0.3189 0.9375 -0.1390
vn 0.0306 -0.8824 -0.4695
vn -0.3332 -0.9428 -0.0016
vn -0.3128 -0.9077 -0.2795
vn 0.0651 0.9901 -0.1246
vn 0.6108 0.7353 -0.2936
vn -0.0213 0.9989 0.0426
vn 0.8578 0.5131 0.0292
vn 0.8305 -0.5564 0.0274
vn -0.0091 -0.1256 0.9920
vn -0.0025 0.1305 0.9915
vn -0.8326 -0.5533 -0.0255
vn -0.8596 0.5103 -0.0255
vn -0.8638 -0.4957 -0.0899
vn -0.8260 0.5631 -0.0240
vn -0.1248 0.1296 0.9837
vn -0.1184 -0.1249 0.9851
vn 0.8307 0.5561 0.0258
vn 0.8499 -0.5191 0.0904
vn -0.3370 0.9302 0.1456
vn -0.6619 0.7484 0.0417
vn 0.6463 0.0884 0.7579
vn 0.5543 0.6707 -0.4928
vn 0.5049 0.6486 -0.5695
vn 0.3289 0.5472 -0.7697
vn 0.3615 0.0456 0.9312
vn -0.6235 -0.6979 0.3524
vn -0.7419 -0.6652 -0.0838
vn -0.7466 -0.6459 -0.1594
vn 0.3104 -0.0080 0.9506
vn -0.4894 -0.7215 0.4899
vn 0.7310 0.6824 -0.0036
vn 0.7385 0.6724 0.0505
vn -0.3510 -0.5615 0.7493
vn -0.3585 -0.0424 -0.9326
vn -0.7254 -0.6874 0.0365
vn 0.1129 -0.9817 0.1532
vn -0.4225 -0.9064 0.0015
vn -0.3392 -0.9092 -0.2412
vn -0.2009 -0.9609 0.1903
vn -0.6211 -0.7523 0.2200
vn 0.6351 -0.7493 0.1873
vn -0.6988 -0.6355 -0.3284
vn -0.7164 0.6902 0.1016
vn -0.7158 -0.6967 -0.0478
vn -0.7927 0.5968 0.1245
vn -0.3592 -0.2441 0.9008
vn -0.4975 0.3672 0.7859
vn -0.3636 0.2783 0.8890
vn -0.8192 -0.5735 -0.0094
vn 0.4550 0.3445 0.8211
vn -0.3707 0.3277 0.8690
vn -0.2910 -0.2813 0.9144
vn 0.5035 -0.3710 0.7803
vn 0.5079 0.4012 0.7623
vn 0.4813 -0.3975 0.7812
vn -0.0057 -0.0004 1.0000
vn -0.4799 0.3848 0.7884
vn -0.4782 -0.3089 0.8222
vn -0.4318 -0.3520 0.8305
vn -0.9962 -0.0874 0.0039
vn -0.7842 -0.4436 -0.4339
vn -0.1599 -0.9063 0.3912
vn -0.1686 0.9570 0.2360
vn -0.3792 0.6824 -0.6249
vn -0.0878 0.5325 -0.8419
vn -0.4208 0.8858 -0.1956
vn -0.3729 0.8946 0.2463
vn -0.9922 0.0781 0.0967
vn -0.1286 -0.8145 -0.5658
vn -0.8990 -0.2957 0.3229
vn -0.9941 0.0409 0.1006
vn -0.0901 -0.8906 -0.4458
vn -0.1014 0.9438 0.3147
vn -0.2031 0.9238 0.3245
vn -0.1502 0.9664 -0.2087
vn -0.2112 0.9399 -0.2683
vn -0.4062 0.6525 -0.6397
vn -0.1214 0.7328 -0.6695
vn -0.1964 0.7791 -0.5953
vn -0.0850 0.8772 0.4726
vn 0.8338 0.3343 0.4393
vn -0.9744 -0.1688 -0.1485
vn -0.0757 -0.7870 0.6123
vn 0.0472 -0.9249 0.3772
vn 0.8639 -0.4282 0.2650
vn -0.9447 -0.3187 0.0778
vn -0.1667 -0.0253 0.9857
vn -0.0525 -0.9400 0.3370
vn -0.0592 -0.9128 -0.4041
vn -0.0684 -0.9963 0.0523
vn 0.0316 -0.7378 0.6743
vn 0.8560 -0.2893 0.4286
vn -0.9219 -0.3819 0.0653
vn 0.7679 -0.6401 0.0232
vn -0.9246 -0.0880 0.3705
vn 0.6924 -0.6127 -0.3809
vn -0.9384 -0.2160 0.2697
vn -0.1575 -0.1732 0.9722
vn 0.8956 0.1931 0.4007
vn -0.9447 0.0235 0.3270
vn -0.1469 -0.8148 -0.5608
vn -0.1212 -0.6112 -0.7821
vn 0.5461 -0.5372 -0.6428
vn -0.7895 -0.0235 -0.6133
vn -0.8168 -0.4897 -0.3050
vn 0.5203 -0.5819 -0.6250
vn -0.0825 0.4050 -0.9106
vn -0.3361 -0.0658 -0.9395
vn -0.1088 -0.3824 -0.9176
vn -0.1897 -0.1954 -0.9622
vn -0.1412 -0.1834 -0.9729
vn 0.6814 -0.0790 -0.7277
vn -0.0647 0.7462 -0.6626
vn -0.7241 0.0139 -0.6895
vn -0.0381 -0.0324 -0.9987
vn -0.3209 -0.0428 -0.9462
vn -0.0311 -0.7840 -0.6200
vn -0.3223 0.0289 -0.9462
vn 0.0097 0.9999 0.0048
vn -0.1079 -0.0104 -0.9941
vn -0.0092 -1.0000 -0.0001
vn -0.0069 -0.0243 -0.9997
vn -0.1021 -0.3305 -0.9383
vn -0.1012 -0.1409 -0.9848
vn -0.0998 0.0965 -0.9903
vn -0.1929 -0.0210 -0.9810
vn -0.1013 -0.0227 -0.9946
vn 0.1479 -0.0211 -0.9888
vn -0.3441 -0.0228 -0.9386
vn -0.0906 0.2873 -0.9535
vn 0.0201 0.2463 0.9690
vn -0.0664 -0.1078 0.9919
vn -0.2409 0.9705 0.0108
vn 0.0068 0.0863 0.9962
vn -0.0179 0.2644 0.9642
vn 0.1027 -0.6444 0.7578
vn 0.1271 -0.6351 0.7619
vn 0.0732 -0.6431 0.7623
vn 0.0166 0.2825 0.9591
vn 0.0139 0.2804 0.9598
vn 0.0171 0.2806 0.9597
vn 0.7960 0.2364 0.5573
vn 0.0052 0.9524 0.3047
vn -0.7463 0.0758 0.6613
vn -0.0600 0.9528 0.2976
vn -0.0437 0.9552 0.2927
vn -0.0894 0.9311 0.3536
vn -0.0964 0.9230 0.3724
vn -0.0582 0.9385 0.3404
vn 0.0143 0.2422 0.9701
vn 0.0197 0.2702 0.9626
vn 0.0272 0.2436 0.9695
vn 0.0187 0.2723 0.9620
vn 0.0178 0.2724 0.9620
vn 0.0724 -0.1826 0.9805
vn 0.0832 -0.1725 0.9815
vn 0.0580 -0.1786 0.9822
vn -0.7398 0.0879 0.6671
vn 0.0301 -0.6958 0.7176
vn 0.7506 0.2440 0.6140
vn 0.0937 -0.6842 0.7232
vn 0.0708 -0.6743 0.7350
vn 0.0192 0.2681 0.9632
vn 0.3115 0.2836 0.9069
vn 0.0073 0.5769 0.8168
vn -0.2624 0.2308 0.9370
vn -0.0161 0.5809 0.8138
vn -0.0104 0.5833 0.8122
vn 0.7145 -0.0600 0.6970
vn -0.3281 0.0424 0.9437
vn 0.3194 0.1905 -0.9283
vn 0.0168 0.3566 0.9341
vn 0.7547 0.3139 0.5761
vn 0.6511 0.0790 -0.7548
vn 0.3480 -0.7385 0.5775
vn 0.3089 0.9375 -0.1601
vn 0.4569 -0.8871 -0.0659
vn 0.7118 0.3738 0.5947
vn 0.7068 -0.1360 -0.6942
vn 0.2928 0.5773 -0.7622
vn 0.6103 -0.1558 0.7767
vn 0.4154 0.8982 0.1441
vn -0.8232 -0.2049 -0.5294
vn -0.9428 0.1195 0.3112
vn -0.8240 -0.5666 -0.0012
vn -0.8428 -0.0960 0.5295
vn -0.8821 -0.2030 -0.4251
vn -0.6436 -0.2722 0.7153
vn -0.9586 0.2719 0.0849
vn -0.7874 0.0937 0.6093
vn -0.7645 -0.3839 -0.5179
vn -0.6780 -0.6969 0.2337
vn -0.9995 0.0327 0.0029
vn 0.6725 0.0166 -0.7399
vn 0.2086 0.9024 -0.3770
vn 0.1229 0.8458 0.5191
vn 0.0048 0.9999 0.0126
vn 0.0191 0.8768 0.4804
vn -0.2555 0.8150 0.5201
vn -0.2102 0.9499 -0.2311
vn -0.3762 0.0466 -0.9254
vn -0.7468 -0.0103 0.6650
vn -0.9989 0.0310 0.0346
vn -0.8450 0.0102 -0.5346
vn 0.9995 -0.0327 -0.0029
vn 0.9989 -0.0310 -0.0346
vn -0.3256 0.8538 -0.4063
vn -0.7222 0.5741 -0.3857
vn -0.5266 -0.2680 -0.8068
vn 0.0197 0.7650 0.6438
vn -0.6800 -0.1317 -0.7213
vn -0.4990 -0.2355 -0.8340
vn -0.5005 0.7859 -0.3631
vn -0.4782 0.5320 -0.6988
vn -0.3822 -0.6780 -0.6279
vn -0.6741 -0.6402 -0.3684
vn -0.3956 0.4998 -0.7705
vn -0.5538 0.3203 -0.7686
vn -0.5438 0.7075 -0.4513
vn -0.6554 -0.4979 -0.5680
vn -0.5085 -0.3157 -0.8011
vn -0.6685 0.4026 -0.6253
vn -0.5179 -0.5915 -0.6179
vn -0.5738 -0.8077 -0.1355
vn -0.5311 -0.2408 -0.8124
vn 0.7554 0.0118 0.6551
vn 0.2372 -0.0367 0.9708
vn 0.0096 0.0796 0.9968
vn 0.0000 -0.9572 0.2895
vn -0.0160 -0.9048 0.4256
vn 0.5510 -0.5827 0.5974
vn 0.0000 -0.7550 0.6557
vn 0.6194 -0.3479 -0.7037
vn 0.9561 -0.2509 -0.1515
vn 0.9440 -0.2618 0.2007
vn 0.7508 -0.2982 -0.5893
vn -0.6877 -0.7066 0.1664
vn -0.4539 -0.7946 -0.4031
vn -0.5675 -0.4467 -0.6916
vn -0.8854 -0.4496 -0.1181
vn -0.6989 0.1685 -0.6950
vn 0.0143 0.1414 -0.9898
vn -0.0091 -0.0757 -0.9971
vn -0.6841 -0.0199 -0.7291
vn -0.5467 -0.6771 -0.4927
vn 0.0512 -0.8401 -0.5400
vn -0.0208 -0.4638 -0.8857
vn -0.4724 -0.5507 -0.6881
vn -0.9977 0.0612 0.0273
vn -0.9989 0.0473 -0.0013
vn 0.2204 0.1720 0.9601
vn -0.2884 0.1677 0.9427
vn -0.2163 -0.3672 0.9046
vn 0.1924 -0.4368 0.8787
vn 0.9987 0.0158 0.0486
vn 0.6874 -0.0067 0.7262
vn 0.6903 -0.1201 0.7135
vn 0.9998 -0.0060 -0.0144
vn 0.7327 0.0919 -0.6743
vn 0.6866 -0.0497 -0.7253
vn 0.0569 -0.0347 0.9978
vn -0.6389 -0.1322 0.7578
vn -0.6955 -0.0525 0.7166
vn -0.0193 -0.1579 0.9872
vn 0.0491 0.9987 0.0111
vn -0.0815 0.9950 0.0570
vn 0.2329 0.5964 -0.7681
vn -0.3358 0.5416 -0.7707
vn 0.7559 0.0606 0.6518
vn 0.6519 -0.4465 0.6129
vn 0.4051 -0.8086 0.4266
vn 0.5842 -0.4756 0.6576
vn 0.3731 -0.7139 0.5925
vn 0.2109 -0.9775 0.0023
vn 0.7806 -0.4632 0.4196
vn 0.5384 -0.6659 0.5164
vn 0.7735 0.3591 -0.5222
vn 0.7937 0.0838 -0.6025
vn 0.3076 0.1469 -0.9401
vn -0.5691 0.7966 -0.2036
vn -0.2380 0.9372 -0.2548
vn -0.8410 0.2691 -0.4693
vn -0.9920 0.1142 -0.0542
vn -0.3260 0.1758 0.9289
vn -0.8622 0.2031 0.4641
vn -0.8478 0.1088 0.5189
vn 0.1423 -0.9207 -0.3635
vn 0.0108 -0.6915 -0.7223
vn -0.6270 -0.7720 -0.1036
vn -0.7206 -0.6875 -0.0895
vn -0.6655 -0.4334 0.6077
vn 0.4564 -0.7932 -0.4032
vn 0.1888 -0.4631 -0.8659
vn 0.9954 0.0804 -0.0522
vn 0.5955 -0.7381 0.3171
vn -0.9899 0.0515 -0.1319
vn -0.8693 0.0089 -0.4942
vn -0.4634 -0.7745 -0.4306
vn -0.6378 -0.7213 0.2699
vn 0.5565 0.8228 0.1153
vn 0.2746 0.7721 0.5730
vn 0.2971 0.1769 0.9383
vn 0.8076 0.2040 0.5532
vn -0.2480 0.7579 0.6034
vn -0.6149 0.7717 0.1623
vn 0.9832 0.1805 -0.0259
vn -0.5751 -0.5151 0.6355
vn -0.7319 -0.5336 0.4237
vn -0.4306 -0.7682 0.4737
vn -0.3787 -0.8104 0.4470
vn 0.2911 -0.7573 -0.5845
vn 0.7355 -0.6356 -0.2345
vn 0.6209 -0.7723 -0.1340
vn 0.1656 -0.9345 -0.3151
vn 0.8483 -0.5011 0.1710
vn 0.7859 -0.5733 0.2315
vn -0.7222 -0.6660 0.1867
vn -0.7143 -0.6558 -0.2441
vn -0.4284 -0.9036 0.0055
vn -0.6108 -0.7491 0.2564
vn -0.2822 -0.7889 -0.5459
vn -0.1957 -0.9390 -0.2828
vn 0.0389 0.9834 -0.1771
vn 0.4930 0.8362 -0.2399
vn -0.4246 0.1476 -0.8932
vn -0.2483 -0.4183 -0.8737
vn -0.2247 0.6814 -0.6965
vn 0.1972 0.6906 -0.6958
vn 0.2898 0.0411 -0.9562
vn -0.2841 0.0342 -0.9582
vn -0.7205 0.5121 -0.4675
vn -0.8644 -0.1006 -0.4926
vn -0.8286 0.5597 0.0065
vn -0.9919 -0.1257 0.0187
vn 0.8086 0.5883 0.0048
vn 0.8954 0.3404 0.2871
vn 0.8983 -0.0898 0.4300
vn 0.9970 -0.0773 0.0062
vn 0.7059 0.5388 -0.4597
vn 0.8684 -0.0746 -0.4902
vn -0.4526 0.8801 0.1430
vn -0.9054 0.3086 0.2914
vn -0.8874 -0.1417 0.4385
vn -0.6093 -0.1797 0.7722
vn 0.4327 0.8894 0.1473
vn 0.6160 -0.1374 0.7756
vn 0.8516 0.1679 0.4964
vn -0.8580 0.1449 0.4927
vn 0.5919 0.8053 -0.0321
vn 0.2687 0.9464 -0.1789
vn -0.2502 0.6544 0.7135
vn 0.3045 0.6782 0.6687
vn 0.3289 0.8724 -0.3617
vn 0.0887 0.8373 -0.5394
vn -0.5937 0.7794 -0.2000
vn -0.7081 0.6739 0.2107
vn 0.0234 0.8099 -0.5861
vn -0.3616 0.8475 -0.3886
vn 0.5601 -0.4637 0.6865
vn 0.3516 0.8102 0.4689
vn 0.9342 0.3513 -0.0618
vn 0.3612 -0.8360 -0.4130
vn 0.6252 -0.6481 0.4347
vn 0.9363 -0.3510 0.0030
vn 0.8397 -0.3232 -0.4364
vn -0.3762 -0.8427 -0.3851
vn 0.0831 -0.7891 -0.6085
vn -0.3549 -0.3085 -0.8825
vn -0.8413 -0.3234 -0.4331
vn -0.0524 -0.7960 -0.6029
vn 0.3549 -0.3084 -0.8826
vn -0.6104 -0.6509 0.4513
vn -0.9364 -0.3509 0.0029
vn 0.1741 -0.3153 0.9329
vn 0.0025 0.7732 0.6341
vn 0.9456 0.3114 0.0941
vn 0.9570 -0.2119 -0.1982
vn -0.5603 -0.4808 0.6744
vn -0.9561 -0.2224 -0.1909
vn -0.1572 -0.3019 0.9403
vn -0.3052 0.8571 0.4150
vn 0.7062 0.4101 0.5771
vn 0.3419 0.0000 0.9397
vn 0.9951 0.0000 -0.0990
vn 0.7245 -0.6855 -0.0721
vn 0.0269 -0.9969 0.0739
vn -0.7245 -0.6855 -0.0721
vn 0.0000 -1.0000 0.0000
vn 0.0000 -0.9982 0.0590
vn -0.7183 -0.6731 0.1757
vn 0.4228 -0.8719 -0.2468
vn 0.1938 -0.8593 -0.4732
vn -0.2785 0.0562 0.9588
vn 0.9643 0.0128 0.2644
vn -0.9544 -0.0710 -0.2898
vn -0.8999 0.4246 -0.0996
vn 0.6929 -0.7017 -0.1658
vn 0.9738 -0.0540 -0.2207
vn 0.9766 -0.0227 0.2140
vn 0.7256 -0.6625 0.1859
vn -0.9990 -0.0343 0.0284
vn -0.8809 0.4489 0.1496
vn -0.9951 0.0000 -0.0990
vn -0.9416 0.3206 0.1032
vn -0.6597 -0.7214 -0.2106
vn -0.7382 -0.6734 0.0384
vn -0.0092 -0.9994 0.0336
vn -0.9670 0.0000 0.2545
vn -0.7261 0.3439 0.5954
vn -0.4386 -0.8986 -0.0108
vn -0.4240 -0.8718 -0.2452
vn -0.1937 -0.8594 -0.4731
vn 0.4394 -0.8982 -0.0114
vn 0.3679 -0.9296 -0.0193
vn -0.3712 -0.9283 -0.0186
vn -0.6225 -0.7653 0.1638
vn 0.9840 -0.0044 0.1781
vn 0.7175 -0.6776 0.1613
vn 0.6662 -0.7245 0.1766
vn 0.0402 0.9134 0.4050
vn 0.8415 0.4602 0.2831
vn -0.8924 0.3576 0.2750
vn -0.9811 -0.0186 0.1926
vn -0.5176 0.2263 0.8252
vn -0.7338 0.3500 0.5821
vn 0.9447 0.0291 0.3266
vn 0.7576 0.4806 0.4417
vn 0.5528 0.5154 0.6548
vn 0.3424 0.2924 0.8929
vn 0.0000 -0.6641 0.7476
vn -0.4404 -0.5587 0.7027
vn -0.7197 -0.6632 0.2053
vn 0.0006 -0.9991 0.0415
vn 0.0110 -0.6771 0.7357
vn -0.4017 -0.5764 0.7116
vn -0.0411 0.7968 0.6028
vn 0.6861 0.4172 0.5959
vn -0.6577 0.2535 0.7093
vn -0.7742 0.4384 0.4565
vn -0.9700 -0.0244 0.2417
vn -0.8441 0.4123 0.3426
vn -0.0025 0.9187 0.3949
vn 0.8853 0.3783 0.2703
vn -0.0054 -0.9996 0.0263
vn -0.1189 0.9137 0.3886
vn 0.6955 -0.6726 0.2526
vn -0.1301 0.7885 0.6010
vn -0.2000 0.3616 0.9106
vn 0.7171 0.3910 0.5769
vn -0.0137 0.7236 0.6901
vn 0.0006 0.3124 0.9499
vn 0.5371 0.2312 0.8112
vn 0.4562 -0.5563 0.6946
vn -0.0125 0.3806 0.9246
vn 0.5028 0.1668 0.8481
vn -0.1735 -0.6865 0.7060
vn 0.3875 -0.5750 0.7206
vn 0.4203 -0.5769 0.7004
vn -0.5483 -0.6050 0.5773
vn -0.4905 0.1779 0.8531
vn -0.7148 0.3836 0.5848
vn -0.1401 -0.9801 -0.1406
vn 0.2595 -0.9644 0.0495
vn 0.0174 0.7094 -0.7045
vn -0.5706 0.6583 -0.4910
vn -0.6877 -0.0920 -0.7201
vn -0.0129 -0.0059 -0.9999
vn 0.5636 0.8260 0.0008
vn 0.1273 0.9895 0.0686
vn 0.3433 0.8702 -0.3533
vn -0.0175 0.7587 -0.6512
vn -0.1392 0.9874 0.0748
vn -0.3578 0.8612 -0.3610
vn -0.0182 0.9549 0.2962
vn -0.5859 0.8103 0.0092
vn -0.4305 -0.9025 0.0107
vn -0.5117 -0.8397 0.1818
vn -0.0340 0.0139 -0.9993
vn -0.8180 -0.0193 -0.5749
vn -0.7924 -0.0392 -0.6087
vn -0.0696 0.1353 -0.9883
vn -0.9992 -0.0205 0.0325
vn -0.9718 -0.2354 0.0107
vn 0.0132 -0.6283 -0.7779
vn 0.1072 -0.4296 -0.8966
vn 0.0063 1.0000 -0.0025
vn 0.0121 0.9999 0.0049
vn -0.2124 0.8661 -0.4524
vn -0.0104 0.7458 -0.6661
vn -0.0064 0.7734 -0.6339
vn -0.0085 0.7521 -0.6590
vn 0.1878 0.8759 -0.4443
vn -0.0573 0.9984 0.0002
vn -0.0349 0.9994 -0.0001
vn -0.0168 0.9977 0.0658
vn -0.0244 0.9975 0.0660
vn -0.3827 -0.6948 0.6089
vn -0.1603 -0.9868 -0.0225
vn -0.0917 0.2674 0.9592
vn -0.0157 -0.5769 0.8166
vn -0.6559 -0.5675 0.4977
vn -0.8661 0.0479 0.4976
vn 0.5614 0.8234 0.0819
vn 0.4713 0.7821 -0.4077
vn 0.6821 0.1349 -0.7187
vn 0.9692 0.2385 -0.0608
vn -0.6760 0.7351 -0.0508
vn -0.4567 0.8565 0.2403
vn -0.9919 -0.0462 -0.1183
vn -0.3754 -0.6459 0.6647
vn -0.0455 0.8846 0.4641
vn 0.6363 0.3755 0.6739
vn 0.3157 0.8678 0.3836
vn 0.2974 -0.5718 0.7645
vn 0.8366 -0.2844 0.4681
vn 0.1622 -0.9860 -0.0395
vn 0.0200 -0.9664 0.2563
vn 0.6614 -0.3516 0.6625
vn 0.2261 -0.9387 -0.2602
vn 0.0780 -0.9692 -0.2334
vn -0.9692 0.2452 0.0235
vn -0.6582 -0.2264 0.7180
vn 0.7342 0.6761 -0.0622
vn 0.7406 0.4701 0.4800
vn 0.7529 -0.4608 0.4698
vn 0.8538 -0.5099 -0.1045
vn -0.7961 0.3664 0.4816
vn -0.9148 0.3734 -0.1541
vn -0.8101 -0.5825 -0.0654
vn -0.6680 -0.4740 0.5737
vn 0.4909 0.5862 -0.6445
vn 0.6159 -0.5102 -0.6002
vn -0.7914 0.2417 -0.5614
vn -0.5722 -0.6102 -0.5480
vn -0.2406 0.4216 -0.8742
vn -0.0362 -0.5681 -0.8221
vn 0.3507 -0.0217 0.9362
vn 0.0331 0.9518 0.3050
vn 0.1038 -0.3787 0.9196
vn 0.7255 0.0243 0.6877
vn 0.0058 -0.8762 0.4819
vn -0.2569 -0.0217 0.9662
vn -0.6525 0.0182 0.7575
vn 0.0724 -0.7215 0.6886
vn 0.0915 0.2807 0.9554
vn 0.1280 0.2685 0.9547
vn 0.6847 0.0033 0.7288
vn -0.0037 0.8777 0.4792
vn 0.0887 -0.2972 0.9507
vn -0.5736 -0.0159 0.8189
vn 0.7540 0.0304 0.6561
vn 0.0030 0.8498 0.5271
vn 0.0808 -0.8504 0.5199
vn -0.6689 0.0184 0.7431
vn 0.8954 0.4359 0.0905
vn 0.9853 0.1627 -0.0527
vn 0.9583 0.2749 -0.0772
vn 0.7964 0.1643 0.5820
vn 0.7036 0.1056 -0.7027
vn 0.6578 0.2523 -0.7096
vn -0.0859 0.9794 0.1826
vn 0.2559 -0.0214 0.9665
vn -0.1859 0.8469 -0.4981
vn 0.5257 0.8334 -0.1704
vn -0.7351 0.6333 -0.2417
vn 0.5509 0.8316 -0.0702
vn 0.3239 0.7813 -0.5335
vn -0.2673 0.5925 -0.7599
vn -0.7458 0.6389 -0.1887
vn -0.7023 0.6092 -0.3682
vn 0.0000 -0.9967 0.0813
vn -0.2020 -0.9790 -0.0276
vn 0.5183 -0.0084 0.8551
vn 0.5361 0.6566 0.5305
vn 0.0000 0.8149 0.5796
vn 0.0000 -0.0549 0.9985
vn 0.3962 -0.5307 0.7492
vn 0.8658 -0.3403 0.3668
vn 0.9214 0.3864 0.0419
vn 0.2760 0.6799 0.6794
vn 0.5257 -0.4459 0.7244
vn 0.6722 -0.0429 -0.7391
vn 0.6168 -0.3915 -0.6828
vn -0.0780 -0.9636 -0.2558
vn 0.9696 -0.2101 -0.1251
vn 0.8678 -0.3364 0.3657
vn 0.4075 0.3749 -0.8327
vn 0.1018 0.3610 -0.9270
vn 0.2020 0.5330 -0.8216
vn 0.4154 0.4154 -0.8092
vn 0.6507 -0.6766 -0.3446
vn 0.7367 -0.6471 -0.1961
vn 0.4940 -0.4512 0.7432
vn 0.8088 -0.3476 0.4743
vn 0.0000 0.5469 -0.8372
vn 0.2889 0.4718 -0.8330
vn 0.3587 0.4869 -0.7964
vn 0.0000 0.4751 -0.8799
vn 0.6445 -0.5793 -0.4991
vn 0.5798 -0.4873 -0.6530
vn -0.1910 0.8711 0.4524
vn -0.1230 0.9632 0.2388
vn 0.5835 -0.7570 0.2941
vn 0.2343 -0.4835 0.8434
vn 0.3035 0.9487 -0.0883
vn 0.8894 -0.4558 -0.0337
vn 0.6796 -0.6088 -0.4092
vn 0.8049 -0.5893 -0.0691
vn 0.0882 -0.6730 0.7344
vn 0.3021 -0.3521 0.8859
vn 0.3025 0.5838 0.7534
vn 0.0000 0.5905 0.8070
vn 0.0000 -0.7586 0.6515
vn -0.0056 -0.3659 0.9306
vn 0.0122 -0.7355 0.6774
vn 0.3503 -0.0143 0.9365
vn 0.1789 -0.1633 0.9702
vn 0.5909 -0.1085 -0.7994
vn 0.4746 -0.3193 -0.8202
vn 0.2456 0.0613 -0.9674
vn 0.8164 -0.2055 -0.5397
vn 0.0000 -0.5578 0.8299
vn 0.1780 -0.7260 0.6642
vn 0.2525 -0.2999 0.9199
vn 0.0000 -0.3647 0.9311
vn 0.7550 -0.4645 0.4629
vn 0.8199 -0.0406 0.5710
vn 0.7957 -0.5932 -0.1222
vn 0.9737 -0.1576 -0.1645
vn 0.6898 -0.6024 0.4015
vn 0.0000 -0.9040 0.4275
vn 0.8657 -0.3602 0.3476
vn 0.5667 -0.1570 0.8088
vn 0.2578 -0.2256 -0.9395
vn 0.2331 -0.4448 -0.8648
vn 0.5687 -0.4024 -0.7174
vn 0.7655 -0.4090 -0.4967
vn 0.8813 -0.4557 -0.1253
vn 0.3900 -0.2213 0.8938
vn 0.5247 -0.7189 0.4560
vn 0.4098 -0.4855 0.7722
vn 0.4497 -0.2262 -0.8640
vn 0.2989 -0.1205 -0.9466
vn 0.3026 0.0757 -0.9501
vn 0.4125 -0.0266 -0.9105
vn 0.4839 -0.6630 -0.5712
vn 0.5109 -0.8481 -0.1400
vn 0.3990 -0.2113 0.8922
vn 0.7653 -0.0220 0.6432
vn 0.6276 -0.3573 -0.6917
vn 0.0807 0.0440 0.9958
vn 0.4500 0.3295 0.8300
vn 0.6256 0.6014 0.4969
vn -0.4325 0.5639 0.7035
vn 0.6395 0.4240 0.6412
vn -0.5767 0.8082 0.1192
vn 0.8133 0.5519 0.1843
vn -0.4937 0.7410 -0.4552
vn 0.6302 0.6823 -0.3706
vn -0.4288 0.3986 -0.8107
vn 0.2350 0.5691 -0.7879
vn 0.7195 -0.2127 -0.6611
vn 0.4381 -0.2828 0.8533
vn 0.1771 -0.4191 0.8905
vn 0.2130 -0.3907 0.8955
vn 0.6748 -0.1130 0.7293
vn 0.1027 -0.7496 0.6538
vn 0.0066 -0.9678 0.2517
vn 0.2171 -0.9348 0.2809
vn 0.6762 -0.6130 0.4086
vn 0.8821 0.4482 0.1447
vn 0.8535 0.2157 0.4742
vn 0.5951 0.4359 0.6751
vn 0.9266 0.3652 0.0899
vn 0.9380 0.3291 -0.1092
vn 0.7442 0.5893 -0.3143
vn -0.0060 -0.9144 -0.4047
vn 0.1845 -0.7123 -0.6772
vn 0.3888 -0.3837 -0.8376
vn 0.6030 -0.7426 -0.2915
vn 0.7604 -0.1007 -0.6415
vn 0.8252 0.0283 -0.5640
vn -0.5007 0.6333 0.5901
vn -0.5625 0.8261 0.0334
vn 0.7293 -0.2693 0.6289
vn 0.7290 -0.5575 0.3971
vn 0.6930 -0.6990 0.1765
vn 0.6890 -0.6961 -0.2016
vn 0.5345 -0.6662 -0.5199
vn -0.3190 -0.2337 0.9185
vn 0.6219 -0.4305 0.6540
vn -0.2987 0.4810 -0.8242
vn -0.3973 -0.3627 -0.8430
vn -0.3178 0.8144 -0.4855
vn 0.0622 0.0687 -0.9957
vn 0.0801 -0.0439 -0.9958
vn 0.5510 -0.3988 0.7331
vn 0.7705 0.4280 0.4723
vn 0.2742 0.7166 0.6413
vn 0.1512 0.0815 0.9851
vn -0.4343 -0.1436 0.8892
vn -0.4040 -0.2149 0.8891
vn -0.4513 -0.8669 0.2113
vn -0.3857 -0.6230 0.6805
vn -0.2186 -0.7964 -0.5638
vn -0.3611 -0.9076 -0.2142
vn -0.0865 0.2750 0.9575
vn -0.0354 0.5879 0.8081
vn 0.0000 0.8448 0.5351
vn 0.0000 0.3705 0.9288
vn -0.1079 -0.6513 -0.7511
vn 0.4284 -0.8953 0.1217
vn 0.2862 0.2219 0.9321
vn 0.5318 0.4518 0.7163
vn 0.4469 -0.3507 -0.8230
vn 0.7359 0.5922 -0.3283
vn 0.4931 0.1337 -0.8596
vn -0.0992 -0.4807 0.8712
vn 0.4646 -0.4158 0.7818
vn 0.2967 0.9462 0.1292
vn -0.7910 0.2854 -0.5411
vn -0.8660 -0.0112 -0.4998
vn -0.9865 -0.0836 0.1403
vn -0.9414 -0.1661 0.2933
vn -0.8839 0.4658 -0.0417
vn -0.8624 0.4381 -0.2536
vn -0.9653 -0.0622 -0.2535
vn -0.9102 0.3248 0.2570
vn -0.9932 0.0573 0.1011
vn -0.8738 -0.0541 0.4833
vn -0.9444 0.2036 0.2582
vn -0.9046 0.2701 0.3296
vn 0.8970 -0.3869 0.2135
vn 0.8035 -0.4210 0.4208
vn 0.6850 -0.3989 0.6095
vn 0.6977 -0.2406 0.6747
vn -0.9438 0.2995 0.1395
vn 0.9539 -0.2113 -0.2132
vn 0.9603 -0.2582 0.1054
vn 0.9740 0.2255 -0.0192
vn 0.8255 -0.4295 -0.3662
vn -0.9030 0.4243 -0.0672
vn -0.8400 -0.4162 -0.3481
vn -0.8649 -0.4434 0.2351
vn 0.9521 -0.2945 0.0824
vn 0.9774 -0.0310 0.2090
vn 0.8396 0.4939 0.2260
vn 0.9344 0.3409 0.1037
vn 0.9977 -0.0568 0.0352
vn 0.9409 0.1822 0.2855
vn -0.6919 0.6471 -0.3200
vn -0.7789 -0.2359 0.5811
vn 0.9560 -0.0545 0.2882
vn 0.8282 -0.4743 0.2985
vn 0.9727 -0.2318 0.0099
vn 0.9157 0.3778 -0.1365
vn -0.7455 0.3395 -0.5735
vn 0.9807 -0.1162 -0.1572
vn 0.9012 -0.3791 -0.2098
vn -0.8890 0.0969 -0.4475
vn -0.0391 -0.6159 0.7869
vn -0.1561 -0.9398 0.3040
vn 0.0482 -0.9521 0.3019
vn 0.0680 -0.6292 0.7742
vn 0.3497 0.3825 0.8552
vn 0.2112 -0.1297 0.9688
vn 0.1107 -0.0761 0.9909
vn 0.2697 0.4091 0.8717
vn 0.2628 0.7802 0.5676
vn 0.4622 0.6837 0.5647
vn 0.0748 0.7650 -0.6397
vn 0.0655 0.9975 -0.0250
vn 0.1133 0.9935 -0.0129
vn 0.1834 0.8550 -0.4852
vn -0.0804 -0.1716 -0.9819
vn 0.0385 0.2920 -0.9556
vn 0.1157 0.2961 -0.9481
vn 0.0462 -0.2092 -0.9767
vn -0.2049 -0.7107 -0.6730
vn 0.0609 -0.7935 -0.6054
vn 0.1287 0.8901 0.4371
vn 0.4063 0.7550 -0.5146
vn -0.5416 -0.6964 -0.4708
vn -0.5545 -0.0964 -0.8266
vn -0.1219 0.7918 0.5985
vn -0.1235 0.3888 0.9130
vn -0.3802 -0.9051 0.1899
vn -0.1741 0.8007 -0.5731
vn -0.0574 0.9981 0.0205
vn -0.3212 -0.6062 0.7276
vn -0.3750 0.2996 -0.8773
vn -0.2495 -0.0717 0.9657
vn 0.3529 0.9292 -0.1097
vn 0.5783 0.8158 -0.0023
vn 0.3428 0.9356 0.0838
vn 0.5777 0.8129 0.0743
vn 0.4270 0.9041 0.0113
vn 0.3728 0.8068 0.4584
vn 0.4124 0.7658 -0.4934
vn 0.4750 0.7999 -0.3667
vn 0.5684 0.8227 -0.0049
vn 0.4538 0.8185 0.3522
vn 0.1300 0.9891 0.0692
vn -0.1227 0.9915 -0.0429
vn 0.1283 0.9841 -0.1227
vn 0.0664 0.9820 0.1765
vn -0.2775 0.9605 -0.0206
vn 0.0969 0.9811 -0.1673
vn -0.0742 0.9531 0.2935
vn -0.0654 0.9968 -0.0455
vn -0.0352 0.9305 -0.3646
vn 0.4505 0.8732 -0.1859
vn -0.1651 0.8438 -0.5105
vn 0.6251 0.6213 -0.4723
vn -0.1873 0.8658 0.4640
vn -0.2822 0.9591 -0.0212
vn 0.7275 0.6858 -0.0188
vn 0.4572 0.8694 0.1873
vn 0.4875 0.8307 0.2690
vn -0.1076 0.9602 0.2576
vn 0.5033 0.8039 -0.3168
vn 0.8668 0.4986 0.0106
vn 0.7063 0.7076 -0.0187
vn 0.5983 0.6553 0.4611
vn 0.6749 0.4288 0.6005
vn -0.4335 0.7339 0.5229
vn 0.7143 0.4009 -0.5736
vn 0.8557 0.5172 0.0137
vn -0.4643 0.8817 -0.0837
vn -0.1025 0.9146 -0.3912
vn -0.5425 0.8360 -0.0819
vn -0.3548 0.7037 -0.6156
vn -0.0616 -0.9980 -0.0116
vn -0.0548 -0.9814 0.1841
vn -0.0810 0.7089 -0.7007
vn -0.2798 -0.2616 -0.9237
vn 0.1012 0.9748 -0.1986
vn 0.0978 0.9923 0.0760
vn -0.2801 -0.7211 0.6337
vn 0.0393 0.9648 0.2601
vn -0.1718 0.7687 0.6161
vn -0.1964 0.0980 0.9756
vn -0.1849 -0.9127 -0.3644
vn -0.1135 -0.9501 -0.2906
vn -0.0781 -0.3675 -0.9267
vn 0.0473 -0.4514 -0.8911
vn 0.2434 -0.9397 -0.2401
vn 0.0219 0.6510 -0.7587
vn 0.1116 0.6009 -0.7914
vn 0.1036 0.9748 -0.1975
vn 0.1106 0.9935 0.0259
vn 0.2909 0.9567 -0.0093
vn 0.3659 0.9087 -0.2011
vn 0.9834 -0.0424 -0.1762
vn 0.5115 0.7685 0.3845
vn 0.5372 0.6778 -0.5020
vn 0.5116 -0.1833 -0.8394
vn 0.0668 0.9766 0.2043
vn 0.0670 0.9362 0.3449
vn 0.3069 0.8907 0.3352
vn -0.3763 0.0659 0.9241
vn -0.1340 0.7166 0.6845
vn -0.0858 -0.9569 0.2774
vn -0.0762 -0.9753 0.2073
vn 0.3457 -0.8923 0.2903
vn 0.5679 -0.8136 0.1244
vn -0.0692 -0.9970 -0.0343
vn 0.3909 -0.9203 -0.0078
vn 0.1501 0.9344 0.3229
vn -0.0436 -0.9777 0.2052
vn -0.2557 -0.6853 0.6818
vn 0.2492 -0.9037 -0.3482
vn 0.1389 -0.8274 -0.5442
vn 0.0411 -0.9828 0.1799
vn -0.0101 0.7921 0.6103
vn 0.0988 0.9938 -0.0499
vn -0.0760 0.1262 0.9891
vn -0.0512 -0.6269 0.7774
vn 0.3038 -0.7954 -0.5243
vn 0.2138 -0.9667 0.1403
vn 0.1866 0.7854 0.5902
vn 0.2423 0.9676 -0.0710
vn 0.1588 0.1114 0.9810
vn 0.1649 -0.6431 0.7478
vn 0.1788 0.6618 -0.7280
vn 0.1871 -0.1224 -0.9747
vn 0.6268 -0.6736 -0.3916
vn 0.5359 -0.8300 0.1545
vn 0.5230 0.6606 0.5385
vn 0.5668 0.8238 -0.0132
vn 0.5138 0.0907 0.8531
vn 0.5082 -0.5484 0.6641
vn 0.3224 0.6473 -0.6907
vn 0.3627 -0.1105 -0.9253
vn 0.8719 -0.4517 -0.1889
vn 0.8320 -0.5332 0.1527
vn 0.8060 0.4357 0.4006
vn 0.8598 0.5074 0.0568
vn 0.8051 0.0538 0.5907
vn 0.7843 -0.3821 0.4888
vn 0.6530 0.5445 -0.5263
vn 0.6973 -0.0961 -0.7103
vn 0.9878 -0.0292 0.1528
vn 0.9273 -0.0668 -0.3682
vn 0.8988 0.3508 -0.2627
vn 0.1385 0.5580 -0.8182
vn 0.3329 0.8351 0.4379
vn 0.2714 0.8123 0.5163
vn 0.3435 0.5970 -0.7250
vn 0.6040 -0.7046 -0.3724
vn 0.4289 -0.0207 -0.9031
vn 0.2356 0.0280 -0.9714
vn 0.1689 -0.7367 -0.6548
vn 0.7603 0.0614 0.6466
vn 0.3998 0.7360 -0.5463
vn 0.3494 0.7842 0.5128
vn 0.3495 0.7930 0.4989
vn 0.4080 0.7005 -0.5855
vn 0.2846 -0.2586 0.9231
vn 0.1391 -0.2318 0.9628
vn 0.4777 -0.7387 -0.4754
vn 0.3804 -0.1008 -0.9193
vn 0.3212 -0.1213 -0.9392
vn 0.2766 -0.8614 -0.4259
vn 0.3425 0.7878 -0.5119
vn 0.3802 0.7426 -0.5513
vn 0.3690 0.7660 0.5264
vn 0.8094 0.4647 0.3589
vn 0.7950 0.4683 -0.3856
vn 0.2304 -0.0806 0.9697
vn 0.7978 -0.1480 0.5844
vn 0.3799 -0.7664 0.5179
vn 0.1319 -0.8914 0.4335
vn 0.2453 0.8195 0.5179
vn 0.2384 -0.0086 0.9711
vn 0.8553 0.4344 0.2825
vn 0.8760 0.3601 -0.3207
vn 0.8324 -0.1614 -0.5302
vn 0.4432 -0.7555 0.4824
vn 0.2075 -0.7118 0.6709
vn 0.2665 0.0042 0.9638
vn 0.2005 0.1083 0.9737
vn 0.1937 -0.9747 0.1115
vn 0.2532 -0.4423 -0.8603
vn 0.7656 -0.3164 -0.5601
vn 0.7462 -0.6606 0.0824
vn 0.6970 -0.1861 0.6924
vn 0.7808 0.5017 0.3723
vn 0.0800 -0.4977 -0.8636
vn 0.2393 -0.9618 0.1328
vn 0.7800 -0.0504 -0.6238
vn 0.6432 -0.6055 -0.4686
vn 0.6444 -0.7092 0.2857
vn 0.7557 0.0215 0.6546
vn 0.7580 -0.4872 0.4335
vn 0.7782 -0.6019 -0.1794
vn 0.8289 0.3873 -0.4036
vn 0.9560 -0.2464 0.1591
vn 0.9712 0.0048 0.2380
vn 0.3066 -0.2509 -0.9181
vn 0.4616 -0.7861 -0.4110
vn 0.7152 0.5787 -0.3918
vn 0.7121 0.1750 -0.6800
vn 0.5185 -0.7721 0.3674
vn 0.4980 -0.3268 0.8032
vn 0.6969 0.2497 0.6723
vn 0.9209 0.3796 0.0883
vn 0.2955 -0.6211 0.7259
vn 0.6735 0.4626 0.5765
vn 0.0000 -0.8373 0.5466
vn 0.7900 -0.3148 -0.5260
vn 0.9956 -0.0789 -0.0507
vn 0.0000 -0.9963 0.0859
vn 0.0000 -0.4828 0.8757
vn 0.2691 0.1510 -0.9512
vn 0.0000 -0.2259 -0.9741
vn 0.4075 -0.3117 -0.8583
vn -0.6860 0.6920 0.2247
vn -0.1908 0.9248 0.3290
vn 0.2849 0.1802 -0.9415
vn 0.6250 0.6522 -0.4290
vn 0.0000 0.9032 -0.4292
vn -0.2063 0.9695 -0.1325
vn 0.4691 0.1857 0.8634
vn 0.0000 0.2056 0.9786
vn -0.6192 0.7820 -0.0711
vn 0.6650 0.3151 0.6771
vn -0.6223 0.7672 0.1553
vn 0.7345 0.6676 0.1215
vn 0.9641 -0.2471 -0.0970
vn 0.8366 -0.1173 -0.5350
vn 0.7487 -0.4464 -0.4900
vn 0.8347 -0.5234 -0.1709
vn 0.4810 -0.5520 0.6811
vn 0.7797 -0.5436 0.3106
vn 0.7120 -0.6999 0.0561
vn 0.4580 -0.8786 0.1353
vn 0.5079 -0.2018 -0.8375
vn 0.4689 -0.3925 -0.7912
vn 0.0000 -0.2237 -0.9746
vn 0.0000 -0.3430 -0.9393
vn 0.0000 0.9329 -0.3601
vn 0.0000 0.0369 -0.9993
vn 0.5893 -0.1073 0.8007
vn 0.9303 -0.0981 0.3535
vn 0.7731 -0.6064 0.1857
vn 0.6919 -0.4738 0.5448
vn 0.2248 0.9734 -0.0450
vn -0.0805 0.8661 0.4933
vn -0.5339 0.7064 0.4646
vn -0.7610 0.6220 -0.1843
vn 0.4143 -0.0195 -0.9099
vn 0.0000 0.0853 -0.9963
vn 0.0000 0.6887 -0.7250
vn 0.3405 0.5479 -0.7641
vn 0.0000 -0.5949 0.8038
vn 0.0000 -0.9948 -0.1012
vn 0.0000 0.9965 0.0840
vn 0.3388 -0.9395 0.0495
vn 0.5607 -0.2321 0.7948
vn 0.4707 -0.2926 0.8323
vn 0.4105 -0.4344 0.8017
vn 0.5304 0.0198 0.8475
vn -0.2838 0.2570 -0.9238
vn 0.3074 -0.3855 -0.8700
vn -0.0249 0.8012 0.5978
vn 0.1350 0.6365 0.7593
vn 0.9976 -0.0468 0.0507
vn 0.8078 -0.5845 -0.0762
vn 0.1859 0.9566 0.2241
vn 0.3685 0.7198 0.5882
vn 0.0455 0.8538 0.5186
vn 0.3396 0.5442 0.7671
vn 0.8486 -0.1068 -0.5180
vn 0.7503 -0.4790 -0.4556
vn 0.7797 -0.0699 0.6222
vn 0.8512 -0.1262 0.5094
vn 0.9362 0.0334 0.3499
vn 0.6298 -0.4910 -0.6019
vn 0.5170 -0.0874 -0.8515
vn 0.0000 -0.8005 -0.5993
vn 0.3739 -0.8629 -0.3398
vn 0.4487 -0.8926 0.0425
vn 0.0000 -0.9980 0.0621
vn 0.0000 0.0302 -0.9995
vn 0.9604 0.2087 0.1844
vn 0.9255 -0.0567 -0.3744
vn 0.8253 -0.5481 0.1359
vn 0.5849 -0.7159 0.3813
vn 0.9121 -0.3319 -0.2407
vn 0.6005 0.1444 0.7865
vn 0.4453 -0.1177 0.8876
vn 0.0000 -0.7425 -0.6698
vn 0.5822 -0.7670 -0.2696
vn 0.5275 -0.8485 0.0414
vn 0.0000 -0.9928 0.1198
vn 0.0000 -0.0505 0.9987
vn 0.0000 0.2700 0.9628
vn 0.0000 0.3984 0.9172
vn 0.5213 -0.0402 0.8524
vn 0.5725 -0.7122 0.4062
vn 0.7573 -0.6503 0.0604
vn 0.0000 -0.0374 0.9993
vn 0.0000 -0.9999 -0.0121
vn 0.7697 -0.5969 -0.2261
vn 0.0000 0.6965 0.7176
vn 0.0000 0.9912 0.1320
vn 0.0000 0.6995 0.7146
vn 0.1952 0.6664 0.7196
vn -0.0534 0.3507 -0.9349
vn 0.7669 -0.6377 0.0717
vn 0.7900 -0.5931 -0.1550
vn 0.7416 -0.6253 0.2430
vn 0.5875 -0.1334 0.7982
vn 0.0000 -0.1121 0.9937
vn 0.0143 0.7651 0.6437
vn 0.3417 0.6470 0.6816
vn 0.1104 -0.0782 0.9908
vn -0.1481 -0.9779 -0.1473
vn -0.1428 -0.5522 0.8214
vn 0.9497 -0.2547 0.1820
vn 0.7099 0.2768 0.6477
vn -0.3659 -0.2835 -0.8864
vn 0.3774 -0.1596 -0.9122
vn -0.2497 0.4928 0.8336
vn -0.8546 0.2743 0.4408
vn 0.9116 0.3567 0.2043
vn 0.4302 0.5266 0.7332
vn -0.9325 -0.1167 -0.3417
vn 0.8844 0.0952 -0.4568
vn 0.6067 0.7725 0.1872
vn 0.1204 0.7212 0.6822
vn -0.8250 -0.4422 -0.3519
vn -0.2857 -0.3553 -0.8900
vn 0.3577 0.0635 -0.9317
vn 0.7128 0.5242 -0.4659
vn -0.5173 0.3765 0.7685
vn -0.9302 -0.1231 0.3457
vn 0.0432 0.9987 -0.0276
vn -0.2863 0.9067 0.3095
vn -0.8836 0.1353 -0.4482
vn -0.5182 0.2373 -0.8217
vn -0.0878 0.5453 -0.8336
vn 0.1357 0.8603 -0.4914
vn -0.6915 0.6294 0.3543
vn -0.9513 0.3042 0.0489
vn 0.0000 0.4208 0.9071
vn -0.1044 0.3600 0.9271
vn -0.0348 0.8314 0.5545
vn 0.0662 0.7432 0.6658
vn 0.0000 0.5740 0.8188
vn 0.2837 0.4868 0.8262
vn 0.2029 0.1556 0.9667
vn 0.0000 -0.0106 0.9999
vn 0.1247 0.1751 0.9766
vn -0.0715 0.7815 0.6197
vn 0.0000 0.9077 0.4196
vn -0.0655 0.5364 0.8414
vn 0.0000 0.5612 0.8277
vn 0.6482 0.5640 0.5116
vn 0.5202 0.4247 0.7409
vn 0.5995 0.1277 0.7901
vn 0.7718 0.2980 0.5617
vn 0.5843 0.0563 0.8096
vn 0.6338 0.6022 0.4853
vn 0.0000 0.9189 0.3944
vn 0.0000 0.2938 0.9558
vn 0.0000 0.4434 0.8963
vn 0.0000 0.4386 0.8987
vn 0.0000 -0.1908 0.9816
vn 0.3217 -0.6651 0.6738
vn 0.2258 -0.7404 0.6330
vn 0.3965 0.3250 0.8585
vn 0.6571 0.2629 0.7064
vn 0.1491 0.4595 0.8755
vn 0.1106 0.4947 0.8620
vn -0.0387 0.7309 0.6814
vn 0.0455 -0.7109 0.7018
vn 0.2985 0.7407 0.6019
vn 0.5536 0.3497 0.7558
vn 0.1755 0.3504 0.9200
vn -0.0490 0.4207 0.9059
vn -0.0507 0.7701 0.6359
vn -0.2130 0.6663 0.7146
vn 0.9901 -0.1213 0.0712
vn 0.0000 0.1353 -0.9908
vn 0.3075 0.3480 -0.8856
vn 0.0000 0.3594 -0.9332
vn 0.3671 0.2546 -0.8947
vn 0.0000 0.0501 -0.9987
vn 0.0000 -0.2604 -0.9655
vn 0.4027 0.3103 -0.8611
vn 0.2574 0.3574 -0.8978
vn 0.4071 -0.4975 -0.7660
vn 0.6620 -0.2098 -0.7195
vn 0.0000 0.5594 -0.8289
vn 0.6917 -0.4072 -0.5964
vn 0.4031 0.0428 -0.9142
vn 0.3055 0.3046 -0.9021
vn 0.8098 0.2911 -0.5094
vn 0.9114 -0.3406 -0.2309
vn 0.7848 -0.0707 -0.6157
vn 0.0000 -0.9174 0.3978
vn 0.4300 -0.8254 0.3658
vn 0.7682 -0.6175 0.1689
vn 0.3958 0.1093 -0.9118
vn 0.5779 0.1486 -0.8025
vn 0.7013 0.6038 -0.3789
vn 0.0595 0.9266 -0.3712
vn 0.9341 -0.3290 -0.1383
vn 0.9937 -0.0949 0.0601
vn 0.0000 -0.4381 0.8989
vn 0.4394 -0.5115 0.7384
vn 0.7682 -0.4089 0.4927
vn 0.0000 0.9661 -0.2581
vn 0.0000 0.1337 -0.9910
vn 0.8591 -0.3580 -0.3656
vn 0.7328 -0.1484 -0.6641
vn 0.4020 0.0119 -0.9156
vn 0.0000 -0.8902 0.4556
vn 0.5305 -0.8023 0.2734
vn 0.0000 0.1009 -0.9949
vn 0.0000 -0.7419 0.6705
vn 0.3967 -0.7064 0.5861
vn 0.3673 -0.0968 -0.9250
vn 0.0000 -0.0510 -0.9987
vn 0.8108 -0.5839 -0.0401
vn 0.7929 -0.5496 0.2629
vn 0.9079 -0.3652 -0.2057
vn 0.8437 -0.4852 0.2295
vn 0.9211 -0.3320 -0.2033
vn 0.7418 -0.2106 -0.6367
vn 0.7472 -0.2358 -0.6213
vn 0.3736 -0.2255 -0.8997
vn 0.0000 -0.7751 0.6318
vn 0.4966 -0.6776 0.5425
vn 0.0000 -0.5604 0.8282
vn 0.4568 -0.5491 0.6998
vn 0.0000 -0.2335 -0.9724
vn 0.3675 -0.2525 -0.8950
vn 0.0000 -0.2404 -0.9706
vn 0.8139 -0.4831 0.3226
vn 0.9050 -0.4000 -0.1449
vn 0.3102 -0.3804 -0.8712
vn 0.0000 -0.3309 -0.9436
vn 0.4412 -0.5478 0.7108
vn 0.7993 -0.5169 0.3063
vn 0.8652 -0.4740 -0.1635
vn 0.7472 -0.3161 -0.5846
vn 0.6924 -0.4216 -0.5855
vn 0.8542 -0.3329 0.3995
vn 0.9496 -0.2939 -0.1090
vn 0.7634 -0.2719 -0.5859
vn 0.3326 -0.2608 -0.9063
vn 0.0000 -0.5320 0.8467
vn 0.0000 -0.3832 0.9236
vn 0.4574 -0.3886 0.7999
vn 0.9453 -0.3115 -0.0967
vn 0.7747 -0.2944 -0.5596
vn 0.3568 -0.3013 -0.8842
vn 0.0000 -0.4373 0.8993
vn 0.4855 -0.4081 0.7731
vn 0.0000 -0.2977 -0.9546
vn 0.5216 -0.1122 0.8458
vn 0.0000 -0.1068 0.9943
vn 0.0000 -0.4917 0.8708
vn 0.4453 -0.5220 0.7275
vn 0.0000 0.0959 -0.9954
vn 0.4047 0.0687 -0.9119
vn 0.3483 -0.2890 -0.8917
vn 0.0000 -0.2301 -0.9731
vn 0.8980 -0.0970 0.4291
vn 0.7930 -0.4958 0.3541
vn 0.9957 -0.0522 -0.0769
vn 0.8929 -0.4358 -0.1127
vn 0.8554 -0.3475 0.3840
vn 0.2714 -0.4039 -0.8736
vn 0.0000 -0.3752 -0.9269
vn 0.4444 -0.5456 0.7104
vn 0.7832 -0.5249 0.3331
vn 0.8632 -0.4852 -0.1393
vn 0.7407 -0.3609 -0.5666
vn 0.6654 -0.4460 -0.5986
vn 0.8266 0.0065 -0.5627
vn 0.8686 0.4938 -0.0411
vn 0.7605 0.5201 0.3887
vn 0.8682 0.3054 0.3911
vn 0.9590 0.2821 -0.0253
vn 0.6858 0.4995 -0.5293
vn 0.8148 0.2557 -0.5203
vn 0.3449 0.5237 -0.7789
vn 0.4913 0.3097 -0.8140
vn 0.4568 0.5505 0.6988
vn 0.0000 0.5754 0.8179
vn 0.0000 0.3169 0.9485
vn 0.5600 0.3109 0.7679
vn 0.0000 -0.5484 0.8361
vn 0.0000 0.5453 -0.8382
vn 0.0000 0.2269 -0.9739
vn 0.9960 -0.0663 -0.0599
vn 0.8845 -0.0566 0.4631
vn 0.7816 -0.0371 -0.6226
vn 0.2837 -0.0238 -0.9586
vn 0.5334 -0.0308 0.8453
vn 0.0000 -0.0111 0.9999
vn 0.0000 -0.0346 -0.9994
vn 0.0000 -1.0000 0.0062
vn 0.8690 -0.2818 -0.4066
vn 0.6664 -0.3999 -0.6293
vn 0.6453 -0.3408 -0.6836
vn 0.7683 0.1377 -0.6250
vn -0.4107 0.9000 0.1460
vn -0.5306 0.7487 0.3974
vn -0.2216 0.1978 0.9548
vn 0.0488 0.5463 0.8361
vn 0.9855 -0.1237 -0.1162
vn 0.8331 0.5211 -0.1856
vn 0.5403 0.8279 -0.1500
vn 0.4383 0.7707 0.4625
vn 0.7217 0.5411 0.4316
vn 0.1669 0.2628 0.9503
vn -0.2563 0.0321 0.9660
vn 0.3930 0.6487 -0.6517
vn 0.1027 0.2927 -0.9507
vn 0.4874 -0.2444 0.8383
vn 0.9432 -0.0909 0.3194
vn -0.1502 0.9660 0.2104
vn 0.7958 -0.3039 -0.5237
vn -0.3511 0.8457 -0.4019
vn -0.1660 0.9861 -0.0103
vn -0.1051 -0.3921 0.9138
vn 0.6800 0.3446 -0.6471
vn 0.2289 0.6809 -0.6956
vn 0.8316 -0.4042 -0.3807
vn 0.0000 -0.8561 -0.5167
vn 0.5800 -0.7659 0.2775
vn 0.7509 -0.6442 0.1456
vn 0.0000 0.7494 -0.6620
vn -0.6682 0.6235 0.4059
vn -0.7941 0.6077 0.0079
vn 0.5593 0.6671 -0.4920
vn 0.7631 0.6450 0.0405
vn 0.5207 0.6479 0.5559
vn -0.2116 0.5855 0.7825
vn -0.0018 0.7129 -0.7012
vn -0.5066 0.7186 -0.4763
vn -0.7554 0.0118 0.6551
vn -0.0096 0.0796 0.9968
vn -0.2372 -0.0367 0.9708
vn -0.5510 -0.5827 0.5974
vn 0.0160 -0.9048 0.4256
vn -0.6194 -0.3479 -0.7037
vn -0.7508 -0.2982 -0.5893
vn -0.9440 -0.2618 0.2007
vn -0.9561 -0.2509 -0.1515
vn 0.6877 -0.7066 0.1664
vn 0.8854 -0.4496 -0.1181
vn 0.5675 -0.4467 -0.6916
vn 0.4539 -0.7946 -0.4031
vn 0.6989 0.1685 -0.6950
vn 0.6841 -0.0199 -0.7291
vn 0.0091 -0.0757 -0.9971
vn -0.0143 0.1414 -0.9898
vn 0.5467 -0.6771 -0.4927
vn 0.4724 -0.5507 -0.6881
vn 0.0208 -0.4638 -0.8857
vn -0.0512 -0.8401 -0.5400
vn 0.9977 0.0612 0.0273
vn 0.9989 0.0473 -0.0013
vn -0.2204 0.1720 0.9601
vn -0.1924 -0.4368 0.8787
vn 0.2163 -0.3672 0.9046
vn 0.2884 0.1677 0.9427
vn -0.9987 0.0158 0.0486
vn -0.9998 -0.0060 -0.0144
vn -0.6903 -0.1201 0.7135
vn -0.6874 -0.0067 0.7262
vn -0.6866 -0.0497 -0.7253
vn -0.7327 0.0919 -0.6743
vn -0.0569 -0.0347 0.9978
vn 0.0193 -0.1579 0.9872
vn 0.6955 -0.0525 0.7166
vn 0.6389 -0.1322 0.7578
vn -0.0491 0.9987 0.0111
vn 0.3358 0.5416 -0.7707
vn -0.2329 0.5964 -0.7681
vn 0.0815 0.9950 0.0570
vn -0.7559 0.0606 0.6518
vn -0.6519 -0.4465 0.6129
vn -0.4051 -0.8086 0.4266
vn -0.2109 -0.9775 0.0023
vn -0.3731 -0.7139 0.5925
vn -0.5842 -0.4756 0.6576
vn -0.7806 -0.4632 0.4196
vn -0.5384 -0.6659 0.5164
vn -0.3076 0.1469 -0.9401
vn -0.7937 0.0838 -0.6025
vn -0.7735 0.3591 -0.5222
vn 0.5691 0.7966 -0.2036
vn 0.9920 0.1142 -0.0542
vn 0.8410 0.2691 -0.4693
vn 0.2380 0.9372 -0.2548
vn 0.3260 0.1758 0.9289
vn 0.8478 0.1088 0.5189
vn 0.8622 0.2031 0.4641
vn -0.0108 -0.6915 -0.7223
vn -0.1423 -0.9207 -0.3635
vn 0.6270 -0.7720 -0.1036
vn 0.7206 -0.6875 -0.0895
vn 0.6655 -0.4334 0.6077
vn -0.1888 -0.4631 -0.8659
vn -0.4564 -0.7932 -0.4032
vn -0.9954 0.0804 -0.0522
vn -0.5955 -0.7381 0.3171
vn 0.9899 0.0515 -0.1319
vn 0.6378 -0.7213 0.2699
vn 0.4634 -0.7745 -0.4306
vn 0.8693 0.0089 -0.4942
vn -0.5565 0.8228 0.1153
vn -0.8076 0.2040 0.5532
vn -0.2971 0.1769 0.9383
vn -0.2746 0.7721 0.5730
vn 0.2480 0.7579 0.6034
vn 0.6149 0.7717 0.1623
vn -0.9832 0.1805 -0.0259
vn 0.5751 -0.5151 0.6355
vn 0.3787 -0.8104 0.4470
vn 0.4306 -0.7682 0.4737
vn 0.7319 -0.5336 0.4237
vn -0.2911 -0.7573 -0.5845
vn -0.1656 -0.9345 -0.3151
vn -0.6209 -0.7723 -0.1340
vn -0.7355 -0.6356 -0.2345
vn -0.8483 -0.5011 0.1710
vn -0.7859 -0.5733 0.2315
vn 0.7222 -0.6660 0.1867
vn 0.6108 -0.7491 0.2564
vn 0.4284 -0.9036 0.0055
vn 0.7143 -0.6558 -0.2441
vn 0.1957 -0.9390 -0.2828
vn 0.2822 -0.7889 -0.5459
vn -0.0389 0.9834 -0.1771
vn -0.4930 0.8362 -0.2399
vn 0.2483 -0.4183 -0.8737
vn 0.4246 0.1476 -0.8932
vn 0.2247 0.6814 -0.6965
vn 0.2841 0.0342 -0.9582
vn -0.2898 0.0411 -0.9562
vn -0.1972 0.6906 -0.6958
vn 0.7205 0.5121 -0.4675
vn 0.8644 -0.1006 -0.4926
vn 0.8286 0.5597 0.0065
vn 0.9919 -0.1257 0.0187
vn -0.8086 0.5883 0.0048
vn -0.9970 -0.0773 0.0062
vn -0.8983 -0.0898 0.4300
vn -0.8954 0.3404 0.2871
vn -0.8684 -0.0746 -0.4902
vn -0.7059 0.5388 -0.4597
vn 0.4526 0.8801 0.1430
vn 0.6093 -0.1797 0.7722
vn 0.8874 -0.1417 0.4385
vn 0.9054 0.3086 0.2914
vn -0.6160 -0.1374 0.7756
vn -0.4327 0.8894 0.1473
vn -0.8516 0.1679 0.4964
vn 0.8580 0.1449 0.4927
vn -0.2687 0.9464 -0.1789
vn -0.5919 0.8053 -0.0321
vn -0.3045 0.6782 0.6687
vn 0.2502 0.6544 0.7135
vn -0.3289 0.8724 -0.3617
vn -0.0887 0.8373 -0.5394
vn 0.7081 0.6739 0.2107
vn 0.5937 0.7794 -0.2000
vn 0.3616 0.8475 -0.3886
vn -0.0234 0.8099 -0.5861
vn -0.5601 -0.4637 0.6865
vn -0.9342 0.3513 -0.0618
vn -0.3516 0.8102 0.4689
vn -0.3612 -0.8360 -0.4130
vn -0.8397 -0.3232 -0.4364
vn -0.9363 -0.3510 0.0030
vn -0.6252 -0.6481 0.4347
vn 0.3762 -0.8427 -0.3851
vn 0.8413 -0.3234 -0.4331
vn 0.3549 -0.3085 -0.8825
vn -0.0831 -0.7891 -0.6085
vn -0.3549 -0.3084 -0.8826
vn 0.0524 -0.7960 -0.6029
vn 0.6104 -0.6509 0.4513
vn 0.9364 -0.3509 0.0029
vn -0.1741 -0.3153 0.9329
vn -0.9456 0.3114 0.0941
vn -0.0025 0.7732 0.6341
vn -0.9570 -0.2119 -0.1981
vn 0.5603 -0.4808 0.6744
vn 0.9561 -0.2224 -0.1909
vn 0.1572 -0.3019 0.9403
vn -0.7062 0.4101 0.5771
vn 0.3052 0.8571 0.4150
vn -0.3419 0.0000 0.9397
vn -0.0269 -0.9969 0.0739
vn 0.7183 -0.6731 0.1757
vn -0.1938 -0.8593 -0.4732
vn -0.4228 -0.8719 -0.2468
vn 0.2785 0.0562 0.9588
vn -0.9643 0.0128 0.2644
vn 0.8999 0.4246 -0.0996
vn 0.9544 -0.0710 -0.2898
vn -0.6929 -0.7017 -0.1658
vn -0.7256 -0.6625 0.1859
vn -0.9766 -0.0227 0.2140
vn -0.9738 -0.0540 -0.2207
vn 0.8809 0.4489 0.1496
vn 0.9990 -0.0343 0.0284
vn 0.9416 0.3206 0.1032
vn 0.7382 -0.6734 0.0384
vn 0.6597 -0.7214 -0.2106
vn 0.0092 -0.9994 0.0336
vn 0.7261 0.3439 0.5954
vn 0.9670 0.0000 0.2545
vn 0.4386 -0.8986 -0.0108
vn 0.3712 -0.9283 -0.0186
vn -0.3679 -0.9296 -0.0193
vn -0.4394 -0.8982 -0.0114
vn 0.1937 -0.8594 -0.4731
vn 0.4240 -0.8718 -0.2452
vn 0.6225 -0.7653 0.1638
vn -0.7175 -0.6776 0.1613
vn -0.9840 -0.0044 0.1781
vn -0.6662 -0.7245 0.1766
vn -0.8415 0.4602 0.2831
vn -0.0402 0.9134 0.4050
vn 0.8924 0.3576 0.2750
vn 0.7338 0.3500 0.5821
vn 0.5176 0.2263 0.8252
vn 0.9811 -0.0186 0.1926
vn -0.9447 0.0291 0.3266
vn -0.3424 0.2924 0.8929
vn -0.5528 0.5154 0.6548
vn -0.7576 0.4806 0.4417
vn 0.4404 -0.5587 0.7027
vn 0.7197 -0.6632 0.2053
vn 0.4017 -0.5764 0.7116
vn -0.0110 -0.6771 0.7357
vn -0.0006 -0.9991 0.0415
vn -0.6861 0.4172 0.5959
vn 0.0411 0.7968 0.6028
vn 0.7742 0.4384 0.4565
vn 0.6577 0.2535 0.7093
vn 0.8441 0.4123 0.3426
vn 0.9700 -0.0244 0.2417
vn -0.8853 0.3783 0.2703
vn 0.0025 0.9187 0.3949
vn 0.0054 -0.9996 0.0263
vn 0.1189 0.9137 0.3886
vn -0.6955 -0.6726 0.2526
vn 0.2000 0.3616 0.9106
vn 0.1301 0.7885 0.6010
vn -0.7171 0.3910 0.5769
vn -0.5371 0.2312 0.8112
vn -0.0006 0.3124 0.9499
vn 0.0137 0.7236 0.6901
vn -0.4562 -0.5563 0.6946
vn -0.5028 0.1668 0.8481
vn 0.0125 0.3806 0.9246
vn -0.3875 -0.5750 0.7206
vn 0.1735 -0.6865 0.7060
vn -0.4203 -0.5769 0.7004
vn 0.5483 -0.6050 0.5773
vn 0.4905 0.1779 0.8531
vn 0.7148 0.3836 0.5848
vn -0.2595 -0.9644 0.0495
vn 0.1401 -0.9801 -0.1406
vn -0.0174 0.7094 -0.7045
vn 0.0129 -0.0059 -0.9999
vn 0.6877 -0.0920 -0.7201
vn 0.5706 0.6583 -0.4910
vn -0.1273 0.9895 0.0686
vn -0.5636 0.8260 0.0008
vn -0.3433 0.8702 -0.3533
vn 0.1392 0.9874 0.0748
vn 0.0175 0.7587 -0.6512
vn 0.0182 0.9549 0.2962
vn 0.3578 0.8612 -0.3610
vn 0.5859 0.8103 0.0092
vn 0.4305 -0.9025 0.0107
vn 0.5117 -0.8397 0.1818
vn 0.0340 0.0139 -0.9993
vn 0.0696 0.1353 -0.9883
vn 0.7924 -0.0392 -0.6087
vn 0.8180 -0.0193 -0.5749
vn 0.9718 -0.2354 0.0107
vn 0.9992 -0.0205 0.0325
vn -0.1072 -0.4296 -0.8966
vn -0.0132 -0.6283 -0.7779
vn -0.0063 1.0000 -0.0025
vn -0.0121 0.9999 0.0049
vn 0.2124 0.8661 -0.4524
vn 0.0104 0.7458 -0.6661
vn 0.0064 0.7734 -0.6339
vn 0.0085 0.7521 -0.6590
vn -0.1878 0.8759 -0.4443
vn 0.0573 0.9984 0.0002
vn 0.0349 0.9994 -0.0001
vn 0.0168 0.9977 0.0658
vn 0.0244 0.9975 0.0660
vn 0.1603 -0.9868 -0.0225
vn 0.3827 -0.6948 0.6089
vn 0.0917 0.2674 0.9592
vn 0.8661 0.0479 0.4976
vn 0.6559 -0.5675 0.4977
vn 0.0157 -0.5769 0.8166
vn -0.5615 0.8234 0.0819
vn -0.9692 0.2385 -0.0608
vn -0.6821 0.1349 -0.7187
vn -0.4713 0.7821 -0.4077
vn 0.6760 0.7351 -0.0508
vn 0.9919 -0.0462 -0.1183
vn 0.4567 0.8565 0.2403
vn 0.3754 -0.6459 0.6647
vn 0.0455 0.8846 0.4641
vn -0.6363 0.3755 0.6739
vn -0.3157 0.8678 0.3836
vn -0.2974 -0.5718 0.7645
vn -0.0200 -0.9664 0.2563
vn -0.1622 -0.9860 -0.0395
vn -0.8366 -0.2844 0.4681
vn -0.6614 -0.3516 0.6625
vn -0.2261 -0.9387 -0.2602
vn -0.0780 -0.9692 -0.2334
vn 0.6582 -0.2264 0.7180
vn 0.9692 0.2452 0.0235
vn -0.7342 0.6761 -0.0622
vn -0.8538 -0.5099 -0.1045
vn -0.7529 -0.4608 0.4698
vn -0.7406 0.4701 0.4800
vn 0.7961 0.3664 0.4816
vn 0.6680 -0.4740 0.5737
vn 0.8101 -0.5825 -0.0654
vn 0.9148 0.3734 -0.1541
vn -0.4909 0.5862 -0.6445
vn -0.6159 -0.5102 -0.6002
vn 0.5722 -0.6102 -0.5480
vn 0.7914 0.2417 -0.5614
vn 0.2406 0.4216 -0.8742
vn 0.0362 -0.5681 -0.8221
vn -0.3507 -0.0217 0.9362
vn -0.0331 0.9518 0.3050
vn -0.1038 -0.3787 0.9196
vn -0.0058 -0.8762 0.4819
vn -0.7255 0.0243 0.6877
vn 0.2569 -0.0217 0.9662
vn 0.6525 0.0182 0.7575
vn -0.0724 -0.7215 0.6886
vn -0.0915 0.2807 0.9554
vn -0.6847 0.0033 0.7288
vn -0.1280 0.2685 0.9547
vn 0.0037 0.8777 0.4792
vn -0.0887 -0.2972 0.9507
vn 0.5736 -0.0159 0.8189
vn -0.7540 0.0304 0.6561
vn -0.0808 -0.8504 0.5199
vn -0.0030 0.8498 0.5271
vn 0.6689 0.0184 0.7431
vn -0.8954 0.4359 0.0905
vn -0.7964 0.1643 0.5820
vn -0.9583 0.2749 -0.0772
vn -0.9853 0.1627 -0.0527
vn -0.7036 0.1056 -0.7027
vn -0.6578 0.2523 -0.7096
vn -0.2559 -0.0214 0.9665
vn 0.0859 0.9794 0.1826
vn 0.1859 0.8469 -0.4981
vn -0.5257 0.8334 -0.1704
vn 0.7351 0.6333 -0.2417
vn -0.5509 0.8316 -0.0702
vn -0.3239 0.7813 -0.5335
vn 0.2673 0.5925 -0.7599
vn 0.7458 0.6389 -0.1887
vn 0.7023 0.6092 -0.3682
vn 0.2020 -0.9790 -0.0276
vn -0.5183 -0.0084 0.8551
vn -0.5361 0.6566 0.5305
vn -0.8658 -0.3403 0.3669
vn -0.3962 -0.5307 0.7492
vn -0.9214 0.3864 0.0419
vn -0.2760 0.6799 0.6794
vn -0.5257 -0.4459 0.7244
vn -0.6722 -0.0429 -0.7391
vn -0.6168 -0.3915 -0.6828
vn 0.0780 -0.9636 -0.2558
vn -0.8678 -0.3364 0.3657
vn -0.9696 -0.2101 -0.1251
vn -0.4075 0.3749 -0.8327
vn -0.4154 0.4154 -0.8092
vn -0.2020 0.5330 -0.8216
vn -0.1018 0.3610 -0.9270
vn -0.6507 -0.6766 -0.3446
vn -0.8088 -0.3476 0.4743
vn -0.4940 -0.4512 0.7432
vn -0.7367 -0.6471 -0.1961
vn -0.3587 0.4869 -0.7964
vn -0.2889 0.4718 -0.8330
vn -0.5798 -0.4873 -0.6530
vn -0.6445 -0.5793 -0.4991
vn 0.1910 0.8711 0.4524
vn -0.2343 -0.4835 0.8434
vn -0.5835 -0.7570 0.2941
vn 0.1230 0.9632 0.2388
vn -0.3035 0.9487 -0.0883
vn -0.8049 -0.5893 -0.0691
vn -0.6796 -0.6088 -0.4092
vn -0.8894 -0.4558 -0.0337
vn -0.0882 -0.6730 0.7344
vn -0.3025 0.5838 0.7534
vn -0.3021 -0.3521 0.8859
vn 0.0056 -0.3659 0.9306
vn -0.1789 -0.1633 0.9702
vn -0.3503 -0.0143 0.9365
vn -0.0122 -0.7355 0.6774
vn -0.5909 -0.1085 -0.7994
vn -0.8164 -0.2055 -0.5397
vn -0.2456 0.0613 -0.9674
vn -0.4746 -0.3193 -0.8202
vn -0.2525 -0.2999 0.9199
vn -0.1780 -0.7260 0.6642
vn -0.8199 -0.0406 0.5710
vn -0.7550 -0.4645 0.4629
vn -0.7957 -0.5932 -0.1222
vn -0.9737 -0.1576 -0.1645
vn -0.6898 -0.6024 0.4015
vn -0.5667 -0.1570 0.8088
vn -0.8657 -0.3602 0.3476
vn -0.5687 -0.4024 -0.7174
vn -0.2331 -0.4448 -0.8648
vn -0.2578 -0.2256 -0.9395
vn -0.8813 -0.4557 -0.1253
vn -0.7655 -0.4090 -0.4967
vn -0.3900 -0.2213 0.8938
vn -0.4098 -0.4855 0.7722
vn -0.5247 -0.7189 0.4560
vn -0.4497 -0.2262 -0.8640
vn -0.4125 -0.0266 -0.9105
vn -0.3026 0.0757 -0.9501
vn -0.2989 -0.1205 -0.9466
vn -0.5109 -0.8481 -0.1400
vn -0.4839 -0.6630 -0.5712
vn -0.7653 -0.0220 0.6432
vn -0.3990 -0.2113 0.8922
vn -0.6276 -0.3573 -0.6917
vn -0.0807 0.0440 0.9958
vn -0.6256 0.6014 0.4969
vn -0.4500 0.3295 0.8300
vn -0.6395 0.4241 0.6412
vn 0.4325 0.5639 0.7035
vn -0.8133 0.5519 0.1843
vn 0.5767 0.8082 0.1192
vn -0.6302 0.6823 -0.3706
vn 0.4937 0.7410 -0.4552
vn -0.2350 0.5691 -0.7879
vn 0.4288 0.3986 -0.8107
vn -0.7195 -0.2127 -0.6611
vn -0.4381 -0.2828 0.8533
vn -0.6748 -0.1130 0.7293
vn -0.2130 -0.3907 0.8955
vn -0.1771 -0.4191 0.8905
vn -0.1027 -0.7496 0.6538
vn -0.6762 -0.6130 0.4086
vn -0.2171 -0.9348 0.2809
vn -0.0066 -0.9678 0.2517
vn -0.8821 0.4482 0.1447
vn -0.9266 0.3652 0.0899
vn -0.5951 0.4359 0.6751
vn -0.8535 0.2157 0.4742
vn -0.9380 0.3291 -0.1092
vn -0.7442 0.5893 -0.3143
vn 0.0060 -0.9144 -0.4047
vn -0.6030 -0.7426 -0.2915
vn -0.3888 -0.3837 -0.8376
vn -0.1845 -0.7123 -0.6772
vn -0.8252 0.0283 -0.5640
vn -0.7604 -0.1007 -0.6415
vn 0.5625 0.8261 0.0334
vn 0.5007 0.6333 0.5901
vn -0.7293 -0.2693 0.6289
vn -0.7290 -0.5575 0.3971
vn -0.6930 -0.6990 0.1765
vn -0.6890 -0.6961 -0.2016
vn -0.5345 -0.6662 -0.5199
vn 0.3190 -0.2337 0.9185
vn -0.6219 -0.4305 0.6540
vn 0.3973 -0.3627 -0.8430
vn 0.2987 0.4810 -0.8242
vn 0.3178 0.8144 -0.4855
vn -0.0801 -0.0439 -0.9958
vn -0.0622 0.0687 -0.9957
vn -0.5510 -0.3988 0.7331
vn -0.1512 0.0815 0.9851
vn -0.2742 0.7166 0.6413
vn -0.7705 0.4280 0.4723
vn 0.4040 -0.2149 0.8891
vn 0.4343 -0.1436 0.8892
vn 0.3857 -0.6230 0.6805
vn 0.4513 -0.8669 0.2113
vn 0.3611 -0.9076 -0.2142
vn 0.2186 -0.7964 -0.5638
vn 0.0354 0.5879 0.8081
vn 0.0865 0.2750 0.9575
vn -0.4284 -0.8953 0.1217
vn 0.1079 -0.6513 -0.7511
vn -0.5318 0.4518 0.7163
vn -0.2862 0.2219 0.9321
vn -0.4469 -0.3507 -0.8230
vn -0.4931 0.1337 -0.8596
vn -0.7359 0.5922 -0.3283
vn -0.4646 -0.4158 0.7818
vn 0.0992 -0.4807 0.8712
vn -0.2967 0.9462 0.1292
vn 0.8660 -0.0112 -0.4998
vn 0.7910 0.2854 -0.5411
vn 0.9414 -0.1662 0.2933
vn 0.9865 -0.0836 0.1403
vn 0.8624 0.4381 -0.2536
vn 0.8839 0.4658 -0.0417
vn 0.9653 -0.0622 -0.2535
vn 0.9932 0.0573 0.1011
vn 0.9102 0.3248 0.2570
vn 0.8738 -0.0541 0.4833
vn 0.9046 0.2701 0.3296
vn 0.9444 0.2036 0.2582
vn -0.8970 -0.3869 0.2135
vn -0.6977 -0.2406 0.6747
vn -0.6850 -0.3989 0.6095
vn -0.8035 -0.4210 0.4208
vn 0.9438 0.2995 0.1395
vn -0.9539 -0.2113 -0.2132
vn -0.8255 -0.4295 -0.3662
vn -0.9740 0.2255 -0.0192
vn -0.9603 -0.2582 0.1054
vn 0.9030 0.4243 -0.0672
vn 0.8649 -0.4434 0.2351
vn 0.8400 -0.4162 -0.3481
vn -0.9521 -0.2945 0.0824
vn -0.9344 0.3409 0.1037
vn -0.8396 0.4939 0.2260
vn -0.9774 -0.0310 0.2090
vn -0.9409 0.1822 0.2855
vn -0.9977 -0.0568 0.0352
vn 0.6919 0.6471 -0.3200
vn 0.7789 -0.2359 0.5811
vn -0.8282 -0.4743 0.2985
vn -0.9560 -0.0545 0.2882
vn -0.9727 -0.2317 0.0099
vn -0.9157 0.3778 -0.1365
vn 0.7455 0.3395 -0.5735
vn -0.9012 -0.3791 -0.2098
vn -0.9807 -0.1162 -0.1572
vn 0.8890 0.0969 -0.4475
vn 0.0391 -0.6159 0.7869
vn -0.0680 -0.6292 0.7742
vn -0.0482 -0.9521 0.3019
vn 0.1561 -0.9398 0.3040
vn -0.3497 0.3825 0.8552
vn -0.2697 0.4091 0.8717
vn -0.1107 -0.0761 0.9909
vn -0.2112 -0.1297 0.9688
vn -0.2628 0.7802 0.5676
vn -0.4622 0.6837 0.5647
vn -0.0748 0.7650 -0.6397
vn -0.1834 0.8550 -0.4852
vn -0.1133 0.9935 -0.0129
vn -0.0655 0.9975 -0.0250
vn 0.0804 -0.1716 -0.9819
vn -0.0462 -0.2092 -0.9767
vn -0.1157 0.2961 -0.9481
vn -0.0385 0.2920 -0.9556
vn 0.2049 -0.7107 -0.6730
vn -0.0609 -0.7935 -0.6054
vn -0.1287 0.8901 0.4371
vn -0.4063 0.7550 -0.5146
vn 0.5416 -0.6964 -0.4708
vn 0.5545 -0.0964 -0.8266
vn 0.1219 0.7918 0.5985
vn 0.1235 0.3888 0.9130
vn 0.3802 -0.9051 0.1899
vn 0.1741 0.8007 -0.5731
vn 0.0574 0.9981 0.0205
vn 0.3212 -0.6062 0.7275
vn 0.3750 0.2996 -0.8773
vn 0.2495 -0.0717 0.9657
vn -0.5783 0.8158 -0.0023
vn -0.3529 0.9292 -0.1097
vn -0.3428 0.9356 0.0838
vn -0.3728 0.8068 0.4584
vn -0.4270 0.9041 0.0113
vn -0.5777 0.8129 0.0743
vn -0.4124 0.7658 -0.4934
vn -0.5684 0.8227 -0.0049
vn -0.4750 0.7999 -0.3667
vn -0.4538 0.8185 0.3522
vn -0.1300 0.9891 0.0692
vn -0.1283 0.9841 -0.1227
vn 0.1227 0.9915 -0.0429
vn 0.2775 0.9605 -0.0206
vn -0.0664 0.9820 0.1765
vn -0.0969 0.9811 -0.1673
vn 0.0742 0.9531 0.2935
vn 0.0352 0.9305 -0.3646
vn 0.0654 0.9968 -0.0455
vn -0.4505 0.8732 -0.1859
vn -0.6251 0.6213 -0.4723
vn 0.1651 0.8438 -0.5105
vn 0.2822 0.9591 -0.0212
vn 0.1873 0.8658 0.4640
vn -0.4572 0.8694 0.1873
vn -0.7275 0.6858 -0.0188
vn 0.1076 0.9602 0.2576
vn -0.4875 0.8307 0.2690
vn -0.8668 0.4986 0.0106
vn -0.5033 0.8039 -0.3168
vn -0.5983 0.6553 0.4611
vn -0.7063 0.7076 -0.0187
vn 0.4335 0.7339 0.5229
vn -0.6749 0.4288 0.6005
vn -0.8557 0.5172 0.0137
vn -0.7143 0.4009 -0.5736
vn 0.1025 0.9146 -0.3912
vn 0.4643 0.8817 -0.0837
vn 0.5425 0.8360 -0.0819
vn 0.3548 0.7037 -0.6156
vn 0.0548 -0.9814 0.1841
vn 0.0616 -0.9980 -0.0116
vn 0.2798 -0.2616 -0.9237
vn 0.0810 0.7089 -0.7007
vn -0.1012 0.9748 -0.1986
vn -0.0978 0.9923 0.0760
vn 0.2801 -0.7211 0.6337
vn -0.0393 0.9648 0.2601
vn 0.1718 0.7687 0.6161
vn 0.1964 0.0980 0.9756
vn 0.1849 -0.9127 -0.3644
vn 0.1135 -0.9501 -0.2906
vn -0.2434 -0.9397 -0.2401
vn -0.0473 -0.4514 -0.8911
vn 0.0781 -0.3675 -0.9267
vn -0.1116 0.6009 -0.7914
vn -0.0219 0.6510 -0.7587
vn -0.1036 0.9748 -0.1975
vn -0.3659 0.9087 -0.2011
vn -0.2909 0.9567 -0.0093
vn -0.1106 0.9935 0.0259
vn -0.9834 -0.0424 -0.1762
vn -0.5116 -0.1833 -0.8394
vn -0.5372 0.6778 -0.5020
vn -0.5115 0.7685 0.3845
vn -0.0668 0.9766 0.2043
vn -0.3069 0.8907 0.3352
vn -0.0670 0.9362 0.3449
vn 0.1340 0.7166 0.6845
vn 0.3763 0.0659 0.9241
vn 0.0858 -0.9569 0.2774
vn -0.5679 -0.8136 0.1244
vn -0.3457 -0.8923 0.2903
vn 0.0762 -0.9753 0.2073
vn -0.3909 -0.9203 -0.0078
vn 0.0692 -0.9970 -0.0343
vn -0.1501 0.9344 0.3229
vn 0.2557 -0.6853 0.6818
vn 0.0436 -0.9777 0.2052
vn -0.0411 -0.9828 0.1799
vn -0.1389 -0.8274 -0.5442
vn -0.2492 -0.9037 -0.3482
vn -0.0988 0.9938 -0.0499
vn 0.0101 0.7921 0.6103
vn 0.0760 0.1262 0.9891
vn 0.0512 -0.6269 0.7774
vn -0.2138 -0.9667 0.1403
vn -0.3038 -0.7954 -0.5243
vn -0.2423 0.9676 -0.0710
vn -0.1866 0.7854 0.5902
vn -0.1588 0.1114 0.9810
vn -0.1649 -0.6431 0.7478
vn -0.1788 0.6618 -0.7280
vn -0.1871 -0.1224 -0.9747
vn -0.5359 -0.8300 0.1545
vn -0.6268 -0.6736 -0.3916
vn -0.5668 0.8238 -0.0132
vn -0.5230 0.6606 0.5385
vn -0.5138 0.0906 0.8531
vn -0.5082 -0.5484 0.6641
vn -0.3224 0.6473 -0.6907
vn -0.3627 -0.1105 -0.9253
vn -0.8320 -0.5333 0.1527
vn -0.8719 -0.4517 -0.1889
vn -0.8598 0.5074 0.0568
vn -0.8060 0.4356 0.4006
vn -0.8051 0.0538 0.5907
vn -0.7843 -0.3821 0.4888
vn -0.6530 0.5445 -0.5263
vn -0.6973 -0.0961 -0.7103
vn -0.9878 -0.0293 0.1528
vn -0.9273 -0.0668 -0.3682
vn -0.8988 0.3508 -0.2627
vn -0.1385 0.5580 -0.8182
vn -0.3435 0.5970 -0.7250
vn -0.2714 0.8123 0.5163
vn -0.3329 0.8351 0.4379
vn -0.6040 -0.7046 -0.3724
vn -0.1689 -0.7367 -0.6548
vn -0.2356 0.0280 -0.9714
vn -0.4289 -0.0207 -0.9031
vn -0.7603 0.0614 0.6466
vn -0.3998 0.7360 -0.5463
vn -0.4080 0.7005 -0.5855
vn -0.3495 0.7930 0.4989
vn -0.3494 0.7842 0.5128
vn -0.1391 -0.2318 0.9628
vn -0.2846 -0.2586 0.9231
vn -0.4777 -0.7387 -0.4754
vn -0.2766 -0.8614 -0.4259
vn -0.3212 -0.1213 -0.9392
vn -0.3804 -0.1008 -0.9193
vn -0.3802 0.7426 -0.5513
vn -0.3425 0.7878 -0.5119
vn -0.7950 0.4683 -0.3856
vn -0.8094 0.4647 0.3589
vn -0.3690 0.7660 0.5264
vn -0.7978 -0.1480 0.5844
vn -0.2304 -0.0806 0.9697
vn -0.3799 -0.7664 0.5179
vn -0.1319 -0.8914 0.4335
vn -0.2453 0.8195 0.5179
vn -0.2384 -0.0086 0.9711
vn -0.8760 0.3601 -0.3207
vn -0.8552 0.4344 0.2825
vn -0.8324 -0.1614 -0.5302
vn -0.4432 -0.7555 0.4824
vn -0.2075 -0.7118 0.6709
vn -0.2005 0.1083 0.9737
vn -0.2665 0.0042 0.9638
vn -0.1937 -0.9747 0.1115
vn -0.7462 -0.6606 0.0824
vn -0.7656 -0.3164 -0.5601
vn -0.2532 -0.4423 -0.8603
vn -0.7808 0.5017 0.3723
vn -0.6970 -0.1861 0.6924
vn -0.0800 -0.4977 -0.8636
vn -0.2393 -0.9618 0.1328
vn -0.7800 -0.0504 -0.6238
vn -0.6432 -0.6055 -0.4686
vn -0.6444 -0.7092 0.2857
vn -0.7782 -0.6019 -0.1794
vn -0.7580 -0.4872 0.4335
vn -0.7557 0.0215 0.6546
vn -0.8289 0.3873 -0.4036
vn -0.9560 -0.2464 0.1591
vn -0.9712 0.0048 0.2380
vn -0.4616 -0.7861 -0.4110
vn -0.3066 -0.2509 -0.9181
vn -0.7121 0.1750 -0.6800
vn -0.7152 0.5787 -0.3918
vn -0.5185 -0.7721 0.3674
vn -0.6969 0.2497 0.6723
vn -0.4980 -0.3268 0.8032
vn -0.9209 0.3796 0.0883
vn -0.2955 -0.6211 0.7259
vn -0.6735 0.4626 0.5765
vn -0.7900 -0.3148 -0.5260
vn -0.9956 -0.0789 -0.0507
vn -0.2691 0.1510 -0.9512
vn -0.4075 -0.3117 -0.8583
vn 0.6860 0.6920 0.2247
vn -0.6250 0.6522 -0.4290
vn -0.2849 0.1802 -0.9415
vn 0.1908 0.9248 0.3290
vn -0.4691 0.1857 0.8634
vn 0.2063 0.9695 -0.1325
vn -0.6650 0.3151 0.6771
vn 0.6192 0.7820 -0.0711
vn 0.6223 0.7672 0.1553
vn -0.7345 0.6676 0.1215
vn -0.9641 -0.2471 -0.0970
vn -0.8347 -0.5234 -0.1709
vn -0.7487 -0.4464 -0.4900
vn -0.8366 -0.1173 -0.5350
vn -0.4810 -0.5520 0.6811
vn -0.4580 -0.8786 0.1353
vn -0.7120 -0.6999 0.0561
vn -0.7797 -0.5436 0.3106
vn -0.4689 -0.3925 -0.7912
vn -0.5079 -0.2018 -0.8375
vn -0.5893 -0.1073 0.8007
vn -0.6919 -0.4738 0.5448
vn -0.7731 -0.6064 0.1857
vn -0.9303 -0.0981 0.3535
vn -0.2247 0.9734 -0.0450
vn 0.7610 0.6220 -0.1843
vn 0.5339 0.7064 0.4646
vn 0.0805 0.8661 0.4933
vn -0.4143 -0.0195 -0.9099
vn -0.3405 0.5479 -0.7641
vn -0.3388 -0.9395 0.0495
vn -0.4105 -0.4344 0.8017
vn -0.4707 -0.2926 0.8323
vn -0.5607 -0.2321 0.7948
vn -0.5304 0.0198 0.8475
vn -0.3074 -0.3855 -0.8700
vn 0.2838 0.2570 -0.9238
vn -0.1350 0.6365 0.7593
vn 0.0249 0.8012 0.5978
vn -0.8078 -0.5845 -0.0762
vn -0.9976 -0.0468 0.0507
vn -0.1859 0.9566 0.2241
vn -0.3685 0.7198 0.5882
vn -0.0455 0.8538 0.5186
vn -0.3396 0.5442 0.7671
vn -0.8486 -0.1068 -0.5180
vn -0.7503 -0.4790 -0.4556
vn -0.7797 -0.0699 0.6222
vn -0.9362 0.0334 0.3499
vn -0.8512 -0.1262 0.5094
vn -0.6298 -0.4910 -0.6019
vn -0.5170 -0.0874 -0.8515
vn -0.4487 -0.8926 0.0425
vn -0.3739 -0.8629 -0.3398
vn -0.9255 -0.0567 -0.3744
vn -0.9604 0.2087 0.1844
vn -0.5849 -0.7159 0.3813
vn -0.8253 -0.5481 0.1359
vn -0.9121 -0.3319 -0.2407
vn -0.4453 -0.1177 0.8876
vn -0.6005 0.1444 0.7865
vn -0.5275 -0.8485 0.0414
vn -0.5822 -0.7670 -0.2696
vn -0.5213 -0.0402 0.8524
vn -0.5725 -0.7122 0.4062
vn -0.7573 -0.6503 0.0604
vn -0.7697 -0.5969 -0.2261
vn -0.1952 0.6664 0.7196
vn 0.0534 0.3507 -0.9349
vn -0.7669 -0.6377 0.0717
vn -0.7900 -0.5931 -0.1550
vn -0.7416 -0.6253 0.2430
vn -0.5875 -0.1334 0.7982
vn -0.3417 0.6470 0.6816
vn -0.0143 0.7651 0.6437
vn -0.1104 -0.0782 0.9908
vn 0.1428 -0.5522 0.8214
vn 0.1481 -0.9779 -0.1473
vn -0.7099 0.2768 0.6477
vn -0.9497 -0.2547 0.1820
vn -0.3774 -0.1596 -0.9122
vn 0.3659 -0.2835 -0.8864
vn 0.8546 0.2743 0.4408
vn 0.2497 0.4928 0.8336
vn -0.4302 0.5266 0.7332
vn -0.9116 0.3567 0.2043
vn 0.9325 -0.1167 -0.3417
vn -0.8844 0.0952 -0.4568
vn -0.1204 0.7212 0.6822
vn -0.6067 0.7725 0.1872
vn 0.2857 -0.3553 -0.8900
vn 0.8250 -0.4422 -0.3519
vn -0.7128 0.5242 -0.4659
vn -0.3577 0.0635 -0.9317
vn 0.5173 0.3765 0.7685
vn 0.9302 -0.1231 0.3457
vn 0.2863 0.9067 0.3095
vn -0.0432 0.9987 -0.0276
vn 0.5182 0.2373 -0.8217
vn 0.8836 0.1353 -0.4482
vn -0.1357 0.8603 -0.4914
vn 0.0878 0.5453 -0.8336
vn 0.6915 0.6294 0.3543
vn 0.9513 0.3042 0.0489
vn 0.0348 0.8314 0.5545
vn 0.1044 0.3600 0.9271
vn -0.0662 0.7432 0.6658
vn -0.2837 0.4868 0.8262
vn -0.2029 0.1556 0.9667
vn -0.1247 0.1751 0.9766
vn 0.0715 0.7815 0.6197
vn 0.0655 0.5364 0.8414
vn -0.6482 0.5640 0.5116
vn -0.5995 0.1277 0.7901
vn -0.5202 0.4247 0.7409
vn -0.5843 0.0563 0.8096
vn -0.7718 0.2980 0.5617
vn -0.6338 0.6022 0.4853
vn -0.2258 -0.7404 0.6330
vn -0.3216 -0.6651 0.6739
vn -0.6571 0.2629 0.7064
vn -0.3965 0.3250 0.8585
vn -0.1106 0.4947 0.8620
vn -0.1491 0.4595 0.8755
vn 0.0387 0.7309 0.6814
vn -0.0455 -0.7109 0.7018
vn -0.5536 0.3497 0.7558
vn -0.2985 0.7407 0.6019
vn -0.1755 0.3504 0.9200
vn 0.0490 0.4207 0.9059
vn 0.0507 0.7701 0.6359
vn 0.2130 0.6663 0.7146
vn -0.9901 -0.1213 0.0712
vn -0.3075 0.3480 -0.8856
vn -0.3671 0.2546 -0.8947
vn -0.4027 0.3103 -0.8611
vn -0.2574 0.3574 -0.8978
vn -0.4071 -0.4975 -0.7660
vn -0.6620 -0.2098 -0.7195
vn -0.6917 -0.4072 -0.5964
vn -0.4031 0.0428 -0.9142
vn -0.3055 0.3046 -0.9021
vn -0.8098 0.2911 -0.5094
vn -0.7848 -0.0707 -0.6157
vn -0.9114 -0.3406 -0.2309
vn -0.4300 -0.8254 0.3658
vn -0.7682 -0.6175 0.1689
vn -0.3958 0.1093 -0.9118
vn -0.5779 0.1486 -0.8025
vn -0.0595 0.9266 -0.3712
vn -0.7013 0.6038 -0.3789
vn -0.9937 -0.0949 0.0601
vn -0.9341 -0.3290 -0.1382
vn -0.4394 -0.5115 0.7384
vn -0.7682 -0.4089 0.4927
vn -0.7328 -0.1484 -0.6641
vn -0.8591 -0.3580 -0.3656
vn -0.4020 0.0119 -0.9156
vn -0.5305 -0.8023 0.2734
vn -0.3967 -0.7064 0.5861
vn -0.3673 -0.0968 -0.9250
vn -0.8108 -0.5839 -0.0401
vn -0.7929 -0.5496 0.2629
vn -0.9079 -0.3652 -0.2057
vn -0.9211 -0.3320 -0.2033
vn -0.8437 -0.4852 0.2295
vn -0.7418 -0.2106 -0.6367
vn -0.7472 -0.2358 -0.6213
vn -0.3736 -0.2255 -0.8997
vn -0.4966 -0.6776 0.5425
vn -0.4568 -0.5491 0.6998
vn -0.3675 -0.2525 -0.8950
vn -0.8139 -0.4831 0.3226
vn -0.9050 -0.4000 -0.1449
vn -0.3102 -0.3804 -0.8712
vn -0.7993 -0.5169 0.3063
vn -0.4412 -0.5478 0.7108
vn -0.8652 -0.4740 -0.1635
vn -0.7472 -0.3161 -0.5846
vn -0.6924 -0.4216 -0.5855
vn -0.9496 -0.2939 -0.1090
vn -0.8542 -0.3329 0.3995
vn -0.7634 -0.2719 -0.5859
vn -0.3326 -0.2608 -0.9063
vn -0.4574 -0.3886 0.7999
vn -0.7747 -0.2944 -0.5596
vn -0.9453 -0.3115 -0.0967
vn -0.3568 -0.3013 -0.8842
vn -0.4855 -0.4081 0.7731
vn -0.5216 -0.1122 0.8458
vn -0.4453 -0.5220 0.7275
vn -0.3483 -0.2890 -0.8917
vn -0.4047 0.0687 -0.9119
vn -0.8980 -0.0970 0.4291
vn -0.7930 -0.4958 0.3541
vn -0.9957 -0.0522 -0.0769
vn -0.8929 -0.4358 -0.1127
vn -0.8554 -0.3475 0.3840
vn -0.2714 -0.4039 -0.8736
vn -0.7832 -0.5249 0.3331
vn -0.4444 -0.5456 0.7104
vn -0.8632 -0.4852 -0.1393
vn -0.7407 -0.3609 -0.5666
vn -0.6654 -0.4460 -0.5986
vn -0.8266 0.0065 -0.5627
vn -0.8686 0.4938 -0.0411
vn -0.9590 0.2821 -0.0253
vn -0.8682 0.3054 0.3911
vn -0.7605 0.5201 0.3887
vn -0.6858 0.4995 -0.5293
vn -0.8148 0.2557 -0.5203
vn -0.3449 0.5237 -0.7789
vn -0.4913 0.3097 -0.8140
vn -0.4568 0.5505 0.6988
vn -0.5600 0.3109 0.7679
vn -0.9960 -0.0663 -0.0599
vn -0.8845 -0.0566 0.4631
vn -0.7816 -0.0371 -0.6226
vn -0.2837 -0.0238 -0.9586
vn -0.5334 -0.0308 0.8453
vn -0.8690 -0.2818 -0.4066
vn -0.7683 0.1377 -0.6250
vn -0.6453 -0.3408 -0.6836
vn -0.6664 -0.3999 -0.6293
vn 0.4107 0.9000 0.1460
vn -0.0488 0.5463 0.8361
vn 0.2216 0.1978 0.9548
vn 0.5306 0.7487 0.3974
vn -0.9855 -0.1237 -0.1162
vn -0.8331 0.5211 -0.1856
vn -0.7217 0.5411 0.4316
vn -0.4383 0.7707 0.4625
vn -0.5403 0.8279 -0.1500
vn -0.1669 0.2628 0.9503
vn 0.2563 0.0321 0.9660
vn -0.3930 0.6487 -0.6517
vn -0.1027 0.2927 -0.9507
vn -0.4874 -0.2444 0.8383
vn -0.9432 -0.0909 0.3194
vn 0.1502 0.9660 0.2104
vn -0.7958 -0.3040 -0.5237
vn 0.3511 0.8457 -0.4019
vn 0.1660 0.9861 -0.0103
vn 0.1051 -0.3921 0.9138
vn -0.2289 0.6809 -0.6956
vn -0.6800 0.3446 -0.6471
vn -0.8316 -0.4042 -0.3807
vn -0.5800 -0.7659 0.2775
vn -0.7509 -0.6442 0.1456
vn 0.6682 0.6235 0.4059
vn 0.7941 0.6077 0.0079
vn -0.5593 0.6671 -0.4920
vn -0.7631 0.6450 0.0405
vn -0.5207 0.6479 0.5559
vn 0.2116 0.5855 0.7825
vn 0.0018 0.7129 -0.7012
vn 0.5066 0.7186 -0.4763
usemtl Material
s off
f 69/1/1 41/2/1 68/3/1
f 64/4/2 70/5/2 72/6/2 73/7/2
f 70/5/3 68/3/3 72/6/3
f 71/8/4 65/9/4 73/7/4 72/6/4
f 40/10/5 68/3/5 70/5/5
f 72/6/6 68/3/6 71/8/6
f 68/3/7 41/2/7 71/8/7
f 68/3/8 40/10/8 69/1/8
f 31/11/9 82/12/9 115/13/9 109/14/9
f 29/15/10 55/16/10 113/17/10 107/18/10
f 55/16/11 54/19/11 112/20/11 113/17/11
f 76/21/12 29/15/12 107/18/12 114/22/12
f 30/23/13 44/24/13 110/25/13 108/26/13
f 82/12/14 30/23/14 108/26/14 115/13/14
f 28/27/15 76/21/15 114/22/15 106/28/15
f 45/29/16 28/27/16 106/28/16 111/30/16
f 44/24/17 45/29/17 111/30/17 110/25/17
f 54/19/18 31/11/18 109/14/18 112/20/18
f 51/31/19 19/32/19 213/33/19 218/34/19
f 41/2/20 69/1/20 219/35/20 216/36/20
f 69/1/21 40/10/21 215/37/21 219/35/21
f 17/38/22 50/39/22 217/40/22 211/41/22
f 80/42/23 17/38/23 211/41/23 221/43/23
f 20/44/24 41/2/24 216/36/24 214/45/24
f 40/10/25 18/46/25 212/47/25 215/37/25
f 18/46/26 80/42/26 221/43/26 212/47/26
f 50/39/27 51/31/27 218/34/27 217/40/27
f 19/32/28 74/48/28 220/49/28 213/33/28
f 74/48/29 20/44/29 214/45/29 220/49/29
f 64/4/30 73/7/30 258/50/30 246/51/30
f 246/51/31 258/50/31 256/52/31
f 256/52/32 258/50/32 257/53/32
f 257/53/33 258/50/33 247/54/33
f 258/50/34 73/7/34 65/9/34 247/54/34
f 291/55/35 288/56/35 304/57/35 307/58/35
f 281/59/36 285/60/36 301/61/36 297/62/36
f 277/63/37 284/64/37 300/65/37 293/66/37
f 276/67/38 289/68/38 305/69/38 292/70/38
f 288/56/39 277/63/39 293/66/39 304/57/39
f 282/71/40 279/72/40 295/73/40 298/74/40
f 278/75/41 283/76/41 299/77/41 294/78/41
f 285/60/42 276/67/42 292/70/42 301/61/42
f 289/68/43 290/79/43 306/80/43 305/69/43
f 284/64/44 280/81/44 296/82/44 300/65/44
f 283/76/45 281/59/45 297/62/45 299/77/45
f 290/79/46 286/83/46 302/84/46 306/80/46
f 286/83/47 278/75/47 294/78/47 302/84/47
f 279/72/48 287/85/48 303/86/48 295/73/48
f 280/81/49 282/71/49 298/74/49 296/82/49
f 287/85/50 291/55/50 307/58/50 303/86/50
f 318/87/51 319/88/51 323/89/51 322/90/51
f 319/88/52 317/91/52 321/92/52 323/89/52
f 322/90/53 323/89/53 327/93/53 326/94/53
f 323/89/54 321/92/54 325/95/54 327/93/54
f 317/91/55 316/96/55 320/97/55 321/92/55
f 316/96/56 318/87/56 322/90/56 320/97/56
f 326/94/57 327/93/57 331/98/57 330/99/57
f 327/93/58 325/95/58 329/100/58 331/98/58
f 321/92/59 320/97/59 324/101/59 325/95/59
f 320/97/60 322/90/60 326/94/60 324/101/60
f 325/95/61 324/101/61 328/102/61 329/100/61
f 324/101/62 326/94/62 330/99/62 328/102/62
f 346/103/63 1139/104/63 1486/105/63 349/106/63
f 346/103/64 349/106/64 353/107/64 352/108/64
f 362/109/65 350/110/65 1083/111/65 1092/112/65
f 5/113/66 356/114/66 1080/115/66 1079/116/66
f 356/114/67 352/108/67 1081/117/67 1080/115/67
f 366/118/68 360/119/68 1086/120/68 1088/121/68
f 352/108/69 363/122/69 1090/123/69 1081/117/69
f 357/124/70 2/125/70 1077/126/70 1082/127/70
f 361/128/71 367/129/71 1099/130/71 1087/131/71
f 358/132/72 1/133/72 1084/134/72 1076/135/72
f 363/122/73 362/109/73 1092/112/73 1090/123/73
f 350/110/74 357/124/74 1082/127/74 1083/111/74
f 359/136/75 5/113/75 1079/116/75 1078/137/75
f 6/138/76 359/136/76 1078/137/76 1085/139/76
f 360/119/77 6/138/77 1085/139/77 1086/120/77
f 367/129/78 366/118/78 1088/121/78 1099/130/78
f 2/125/79 358/132/79 1076/135/79 1077/126/79
f 1509/140/80 371/141/80 380/142/80 1519/143/80
f 373/144/81 369/145/81 378/146/81 382/147/81
f 374/148/82 370/149/82 379/150/82 383/151/82
f 369/145/83 374/148/83 383/151/83 378/146/83
f 371/141/84 372/152/84 381/153/84 380/142/84
f 372/152/85 373/144/85 382/147/85 381/153/85
f 370/149/86 375/154/86 384/155/86 379/150/86
f 414/156/87 1560/157/87 1569/158/87 419/159/87
f 1539/160/88 398/161/88 416/162/88 1564/163/88
f 407/164/89 414/156/89 419/159/89 417/165/89
f 416/162/90 417/165/90 412/166/90 418/167/90
f 424/168/91 422/169/91 426/170/91 428/171/91
f 417/165/92 419/159/92 420/172/92 412/166/92
f 398/161/93 407/164/93 417/165/93 416/162/93
f 418/167/94 412/166/94 424/168/94 423/173/94
f 419/159/95 1569/158/95 1571/174/95 420/172/95
f 1564/163/96 416/162/96 418/167/96 1566/175/96
f 412/166/97 420/172/97 422/169/97 424/168/97
f 1566/175/98 418/167/98 423/173/98 1575/176/98
f 420/172/99 1571/174/99 1572/177/99 422/169/99
f 1580/178/100 427/179/100 428/171/100 426/170/100 1549/180/100
f 422/169/101 1572/177/101 1549/180/101 426/170/101
f 423/173/102 424/168/102 428/171/102 427/179/102
f 1575/176/103 423/173/103 427/179/103 1580/178/103
f 451/181/104 454/182/104 466/183/104 462/184/104
f 454/182/105 453/185/105 465/186/105 466/183/105
f 467/187/106 445/188/106 460/189/106 479/190/106 503/191/106
f 486/192/107 485/193/107 541/194/107 537/195/107
f 489/196/108 483/197/108 462/184/108 466/183/108
f 490/198/109 489/196/109 509/199/109 512/200/109
f 483/197/110 481/201/110 461/202/110 462/184/110
f 481/201/111 486/192/111 463/203/111 461/202/111
f 450/204/112 449/205/112 461/202/112 463/203/112
f 477/206/113 406/207/113 464/208/113 487/209/113
f 445/188/114 450/204/114 463/203/114 460/189/114
f 449/205/115 451/181/115 462/184/115 461/202/115
f 453/185/116 478/210/116 488/211/116 465/186/116
f 457/212/117 456/213/117 485/193/117 482/214/117
f 482/214/118 485/193/118 486/192/118 481/201/118
f 458/215/119 457/212/119 482/214/119 484/216/119
f 484/216/120 482/214/120 481/201/120 483/197/120
f 489/196/121 466/183/121 509/199/121
f 459/217/122 458/215/122 484/216/122 490/198/122
f 490/198/123 484/216/123 483/197/123 489/196/123
f 485/193/124 456/213/124 535/218/124 541/194/124
f 468/219/125 473/220/125 497/221/125 492/222/125
f 478/210/126 471/223/126 495/224/126 502/225/126
f 413/226/127 468/219/127 504/227/127 480/228/127 455/229/127
f 504/227/128 503/191/128 479/190/128 480/228/128
f 470/230/129 475/231/129 499/232/129 494/233/129
f 471/223/130 476/234/130 500/235/130 495/224/130
f 492/222/131 497/221/131 498/236/131 491/237/131
f 494/233/132 499/232/132 500/235/132 493/238/132
f 496/239/133 501/240/133 502/225/133 495/224/133
f 499/232/134 496/239/134 495/224/134 500/235/134
f 497/221/135 494/233/135 493/238/135 498/236/135
f 473/220/136 470/230/136 494/233/136 497/221/136
f 476/234/137 469/241/137 493/238/137 500/235/137
f 475/231/138 472/242/138 496/239/138 499/232/138
f 474/243/139 467/187/139 491/237/139 498/236/139
f 472/242/140 477/206/140 501/240/140 496/239/140
f 469/241/141 474/243/141 498/236/141 493/238/141
f 492/222/142 491/237/142 503/191/142 504/227/142
f 492/222/143 504/227/143 468/219/143
f 491/237/144 467/187/144 503/191/144
f 487/209/145 488/211/145 506/244/145 505/245/145
f 502/225/146 501/240/146 505/245/146 506/244/146
f 477/206/147 505/245/147 501/240/147
f 502/225/148 506/244/148 478/210/148
f 488/211/149 478/210/149 506/244/149
f 487/209/150 505/245/150 477/206/150
f 459/217/151 490/198/151 512/200/151 511/246/151
f 466/183/152 465/186/152 508/247/152 509/199/152
f 487/209/153 464/208/153 510/248/153 513/249/153
f 488/211/154 487/209/154 513/249/154 507/250/154
f 465/186/155 488/211/155 507/250/155 508/247/155
f 509/199/156 508/247/156 514/251/156 515/252/156
f 513/249/157 510/248/157 516/253/157 514/251/157 508/247/157 507/250/157
f 510/248/158 511/246/158 517/254/158 516/253/158
f 517/254/159 515/252/159 520/255/159 522/256/159
f 515/252/160 514/251/160 519/257/160 520/255/160
f 511/246/161 512/200/161 509/199/161 515/252/161 517/254/161
f 516/253/162 517/254/162 522/256/162 521/258/162
f 522/256/163 520/255/163 527/259/163 529/260/163
f 516/253/164 521/258/164 519/257/164 514/251/164
f 520/255/165 519/257/165 526/261/165 527/259/165
f 521/258/166 528/262/166 526/261/166 519/257/166
f 521/258/167 522/256/167 529/260/167 528/262/167
f 528/262/168 529/260/168 518/263/168 524/264/168
f 518/263/169 525/265/169 530/266/169 531/267/169
f 526/261/170 528/262/170 524/264/170 523/268/170
f 529/260/171 527/259/171 525/265/171 518/263/171
f 527/259/172 526/261/172 523/268/172 525/265/172
f 530/266/173 533/269/173 532/270/173 531/267/173
f 525/265/174 523/268/174 533/269/174 530/266/174
f 524/264/175 518/263/175 531/267/175 532/270/175
f 523/268/176 524/264/176 532/270/176 533/269/176
f 537/195/177 541/194/177 549/271/177 545/272/177
f 538/273/177 537/195/177 545/272/177 546/274/177
f 541/194/177 535/218/177 543/275/177 549/271/177
f 479/190/178 460/189/178 539/276/178 540/277/178
f 463/203/179 486/192/179 537/195/179 538/273/179
f 480/228/180 479/190/180 540/277/180 536/278/180
f 455/229/181 480/228/181 536/278/181 534/279/181
f 545/272/182 549/271/182 557/280/182 553/281/182
f 546/274/183 545/272/183 553/281/183 554/282/183
f 549/271/184 543/275/184 551/283/184 557/280/184
f 539/276/177 538/273/177 546/274/177 547/284/177
f 540/277/177 539/276/177 547/284/177 548/285/177
f 535/218/177 534/279/177 542/286/177 543/275/177
f 536/278/177 540/277/177 548/285/177 544/287/177
f 534/279/177 536/278/177 544/287/177 542/286/177
f 553/281/185 557/280/185 565/288/185 561/289/185
f 554/282/186 553/281/186 561/289/186 562/290/186
f 557/280/187 551/283/187 559/291/187 565/288/187
f 547/284/188 546/274/188 554/282/188 555/292/188
f 548/285/189 547/284/189 555/292/189 556/293/189
f 543/275/190 542/286/190 550/294/190 551/283/190
f 544/287/191 548/285/191 556/293/191 552/295/191
f 542/286/192 544/287/192 552/295/192 550/294/192
f 561/289/193 565/288/193 573/296/193 569/297/193
f 562/290/194 561/289/194 569/297/194 570/298/194
f 565/288/195 559/291/195 567/299/195 573/296/195
f 555/292/196 554/282/196 562/290/196 563/300/196
f 556/293/197 555/292/197 563/300/197 564/301/197
f 551/283/198 550/294/198 558/302/198 559/291/198
f 552/295/199 556/293/199 564/301/199 560/303/199
f 550/294/200 552/295/200 560/303/200 558/302/200
f 569/297/201 573/296/201 581/304/201 577/305/201
f 570/298/202 569/297/202 577/305/202 578/306/202
f 573/296/203 567/299/203 575/307/203 581/304/203
f 563/300/204 562/290/204 570/298/204 571/308/204
f 564/301/205 563/300/205 571/308/205 572/309/205
f 559/291/206 558/302/206 566/310/206 567/299/206
f 560/303/207 564/301/207 572/309/207 568/311/207
f 558/302/208 560/303/208 568/311/208 566/310/208
f 577/305/209 580/312/209 579/313/209 578/306/209
f 575/307/209 574/314/209 576/315/209 581/304/209
f 581/304/209 576/315/209 580/312/209 577/305/209
f 571/308/210 570/298/210 578/306/210 579/313/210
f 572/309/211 571/308/211 579/313/211 580/312/211
f 567/299/212 566/310/212 574/314/212 575/307/212
f 568/311/213 572/309/213 580/312/213 576/315/213
f 566/310/214 568/311/214 576/315/214 574/314/214
f 849/316/215 848/317/215 857/318/215 854/319/215
f 1740/320/216 415/321/216 585/322/216 2011/323/216
f 846/324/217 2006/325/217 2010/326/217 853/327/217
f 2005/328/218 849/316/218 854/319/218 858/329/218
f 621/330/219 618/331/219 628/332/219 631/333/219
f 617/334/220 625/335/220 635/336/220 627/337/220
f 619/338/221 616/339/221 626/340/221 629/341/221
f 624/342/222 623/343/222 633/344/222 634/345/222
f 616/339/223 620/346/223 630/347/223 626/340/223
f 622/348/224 621/330/224 631/333/224 632/349/224
f 620/346/225 617/334/225 627/337/225 630/347/225
f 625/335/226 624/342/226 634/345/226 635/336/226
f 618/331/227 619/338/227 629/341/227 628/332/227
f 623/343/228 622/348/228 632/349/228 633/344/228
f 834/350/229 833/351/229 838/352/229 844/353/229
f 832/354/230 831/355/230 837/356/230 843/357/230
f 830/358/231 834/350/231 844/353/231 842/359/231
f 829/360/232 828/361/232 836/362/232 841/363/232
f 831/355/233 827/364/233 835/365/233 837/356/233
f 826/366/234 830/358/234 842/359/234 840/367/234
f 825/368/235 829/360/235 841/363/235 839/369/235
f 827/364/236 825/368/236 839/369/236 835/365/236
f 833/351/237 832/354/237 843/357/237 838/352/237
f 828/361/238 826/366/238 840/367/238 836/362/238
f 429/370/239 431/371/239 850/372/239 584/373/239
f 845/374/240 846/324/240 853/327/240 855/375/240
f 850/372/241 851/376/241 854/319/241 857/318/241
f 585/322/242 583/377/242 855/375/242 853/327/242
f 584/373/243 850/372/243 857/318/243 856/378/243
f 583/377/244 584/373/244 856/378/244 855/375/244
f 2011/323/245 585/322/245 853/327/245 2010/326/245
f 851/376/246 852/379/246 858/329/246 854/319/246
f 433/380/247 582/381/247 852/379/247 851/376/247
f 415/321/248 421/382/248 583/377/248 585/322/248
f 421/382/249 429/370/249 584/373/249 583/377/249
f 431/371/250 433/380/250 851/376/250 850/372/250
f 848/317/251 847/383/251 856/378/251 857/318/251
f 847/383/252 845/374/252 855/375/252 856/378/252
f 858/329/253 852/379/253 982/384/253 983/385/253
f 2178/386/254 983/385/254 2176/387/254
f 982/384/255 2177/388/255 2176/387/255
f 2005/328/256 858/329/256 983/385/256 2178/386/256
f 984/389/257 982/384/257 852/379/257 582/381/257
f 2177/388/258 982/384/258 984/389/258
f 983/385/259 982/384/259 2176/387/259
f 404/390/260 2185/391/260 2179/392/260
f 985/393/261 2183/394/261 2181/395/261
f 859/396/262 2020/397/262 2182/398/262
f 985/393/263 2181/395/263 2184/399/263
f 859/396/264 2182/398/264 2183/394/264
f 981/400/265 2187/401/265 2177/388/265
f 404/390/266 2184/399/266 2185/391/266
f 981/400/267 2179/392/267 2187/401/267
f 2019/402/268 2020/397/268 990/403/268
f 2019/402/269 990/403/269 1505/404/269
f 368/405/270 991/406/270 384/155/270 375/154/270
f 1/133/271 361/128/271 1087/131/271 1084/134/271
f 1204/407/272 1203/408/272 1176/409/272
f 1199/410/273 1208/411/273 1207/412/273 1205/413/273
f 1205/413/274 1207/412/274 1203/408/274
f 1206/414/275 1207/412/275 1208/411/275 1200/415/275
f 1175/416/276 1205/413/276 1203/408/276
f 1207/412/277 1206/414/277 1203/408/277
f 1203/408/278 1206/414/278 1176/409/278
f 1203/408/279 1204/407/279 1175/416/279
f 1166/417/280 1244/418/280 1250/419/280 1217/420/280
f 1164/421/281 1242/422/281 1248/423/281 1190/424/281
f 1190/424/282 1248/423/282 1247/425/282 1189/426/282
f 1211/427/283 1249/428/283 1242/422/283 1164/421/283
f 1165/429/284 1243/430/284 1245/431/284 1179/432/284
f 1217/420/285 1250/419/285 1243/430/285 1165/429/285
f 1163/433/286 1241/434/286 1249/428/286 1211/427/286
f 1180/435/287 1246/436/287 1241/434/287 1163/433/287
f 1179/432/288 1245/431/288 1246/436/288 1180/435/288
f 1189/426/289 1247/425/289 1244/418/289 1166/417/289
f 1186/437/290 1353/438/290 1348/439/290 1154/440/290
f 1176/409/291 1351/441/291 1354/442/291 1204/407/291
f 1204/407/292 1354/442/292 1350/443/292 1175/416/292
f 1152/444/293 1346/445/293 1352/446/293 1185/447/293
f 1215/448/294 1356/449/294 1346/445/294 1152/444/294
f 1155/450/295 1349/451/295 1351/441/295 1176/409/295
f 1175/416/296 1350/443/296 1347/452/296 1153/453/296
f 1153/453/297 1347/452/297 1356/449/297 1215/448/297
f 1185/447/298 1352/446/298 1353/438/298 1186/437/298
f 1154/440/299 1348/439/299 1355/454/299 1209/455/299
f 1209/455/300 1355/454/300 1349/451/300 1155/450/300
f 1199/410/301 1381/456/301 1393/457/301 1208/411/301
f 1381/456/302 1391/458/302 1393/457/302
f 1391/458/303 1392/459/303 1393/457/303
f 1392/459/304 1382/460/304 1393/457/304
f 1393/457/305 1382/460/305 1200/415/305 1208/411/305
f 1426/461/306 1442/462/306 1439/463/306 1423/464/306
f 1416/465/307 1432/466/307 1436/467/307 1420/468/307
f 1412/469/308 1428/470/308 1435/471/308 1419/472/308
f 1411/473/309 1427/474/309 1440/475/309 1424/476/309
f 1423/464/310 1439/463/310 1428/470/310 1412/469/310
f 1417/477/311 1433/478/311 1430/479/311 1414/480/311
f 1413/481/312 1429/482/312 1434/483/312 1418/484/312
f 1420/468/313 1436/467/313 1427/474/313 1411/473/313
f 1424/476/314 1440/475/314 1441/485/314 1425/486/314
f 1419/472/315 1435/471/315 1431/487/315 1415/488/315
f 1418/484/316 1434/483/316 1432/466/316 1416/465/316
f 1425/486/317 1441/485/317 1437/489/317 1421/490/317
f 1421/490/318 1437/489/318 1429/482/318 1413/481/318
f 1414/480/319 1430/479/319 1438/491/319 1422/492/319
f 1415/488/320 1431/487/320 1433/478/320 1417/477/320
f 1422/492/321 1438/491/321 1442/462/321 1426/461/321
f 1453/493/322 1457/494/322 1458/495/322 1454/496/322
f 1454/496/323 1458/495/323 1456/497/323 1452/498/323
f 1457/494/324 1461/499/324 1462/500/324 1458/495/324
f 1458/495/325 1462/500/325 1460/501/325 1456/497/325
f 1452/498/326 1456/497/326 1455/502/326 1451/503/326
f 1451/503/327 1455/502/327 1457/494/327 1453/493/327
f 1461/499/328 1465/504/328 1466/505/328 1462/500/328
f 1462/500/329 1466/505/329 1464/506/329 1460/501/329
f 1456/497/330 1460/501/330 1459/507/330 1455/502/330
f 1455/502/331 1459/507/331 1461/499/331 1457/494/331
f 1460/501/332 1464/506/332 1463/508/332 1459/507/332
f 1459/507/333 1463/508/333 1465/504/333 1461/499/333
f 1481/509/334 1487/510/334 1486/105/334 1139/104/334
f 1481/509/335 1490/511/335 1491/512/335 1487/510/335
f 1501/513/336 2329/514/336 2320/515/336 1488/516/336
f 1140/517/337 2316/518/337 2317/519/337 1495/520/337
f 1495/520/338 2317/519/338 2318/521/338 1490/511/338
f 1506/522/339 2325/523/339 2323/524/339 1499/525/339
f 1490/511/340 2318/521/340 2327/526/340 1502/527/340
f 1496/528/341 2319/529/341 2314/530/341 1135/531/341
f 1500/532/342 2324/533/342 2336/534/342 1507/535/342
f 1497/536/343 2313/537/343 2321/538/343 1134/539/343
f 1502/527/344 2327/526/344 2329/514/344 1501/513/344
f 1488/516/345 2320/515/345 2319/529/345 1496/528/345
f 1498/540/346 2315/541/346 2316/518/346 1140/517/346
f 1141/542/347 2322/543/347 2315/541/347 1498/540/347
f 1499/525/348 2323/524/348 2322/543/348 1141/542/348
f 1507/535/349 2336/534/349 2325/523/349 1506/522/349
f 1135/531/350 2314/530/350 2313/537/350 1497/536/350
f 1509/140/351 1519/143/351 1523/544/351 1513/545/351
f 1515/546/352 1525/547/352 1521/548/352 1511/549/352
f 1516/550/353 1526/551/353 1522/552/353 1512/553/353
f 1511/549/354 1521/548/354 1526/551/354 1516/550/354
f 1513/545/355 1523/544/355 1524/554/355 1514/555/355
f 1514/555/356 1524/554/356 1525/547/356 1515/546/356
f 1512/553/357 1522/552/357 1527/556/357 1517/557/357
f 1561/558/358 1568/559/358 1569/158/358 1560/157/358
f 1539/160/359 1564/163/359 1563/560/359 1543/561/359
f 1553/562/360 1565/563/360 1568/559/360 1561/558/360
f 1563/560/361 1567/564/361 1558/565/361 1565/563/361
f 1577/566/362 1582/567/362 1579/568/362 1574/569/362
f 1565/563/363 1558/565/363 1570/570/363 1568/559/363
f 1543/561/364 1563/560/364 1565/563/364 1553/562/364
f 1567/564/365 1576/571/365 1577/566/365 1558/565/365
f 1568/559/366 1570/570/366 1571/174/366 1569/158/366
f 1564/163/367 1566/175/367 1567/564/367 1563/560/367
f 1558/565/368 1577/566/368 1574/569/368 1570/570/368
f 1566/175/369 1575/176/369 1576/571/369 1567/564/369
f 1570/570/370 1574/569/370 1572/177/370 1571/174/370
f 1580/178/371 1549/180/371 1579/568/371 1582/567/371 1581/572/371
f 1574/569/372 1579/568/372 1549/180/372 1572/177/372
f 1576/571/373 1581/572/373 1582/567/373 1577/566/373
f 1575/176/374 1580/178/374 1581/572/374 1576/571/374
f 1605/573/375 1616/574/375 1620/575/375 1608/576/375
f 1608/576/376 1620/575/376 1619/577/376 1607/578/376
f 1621/579/377 1657/580/377 1633/581/377 1614/582/377 1599/583/377
f 1640/584/378 1691/585/378 1695/586/378 1639/587/378
f 1643/588/379 1620/575/379 1616/574/379 1637/589/379
f 1644/590/380 1666/591/380 1663/592/380 1643/588/380
f 1637/589/381 1616/574/381 1615/593/381 1635/594/381
f 1635/594/382 1615/593/382 1617/595/382 1640/584/382
f 1604/596/383 1617/595/383 1615/593/383 1603/597/383
f 1631/598/384 1641/599/384 1618/600/384 1552/601/384
f 1599/583/385 1614/582/385 1617/595/385 1604/596/385
f 1603/597/386 1615/593/386 1616/574/386 1605/573/386
f 1607/578/387 1619/577/387 1642/602/387 1632/603/387
f 1611/604/388 1636/605/388 1639/587/388 1610/606/388
f 1636/605/389 1635/594/389 1640/584/389 1639/587/389
f 1612/607/390 1638/608/390 1636/605/390 1611/604/390
f 1638/608/391 1637/589/391 1635/594/391 1636/605/391
f 1643/588/392 1663/592/392 1620/575/392
f 1613/609/393 1644/590/393 1638/608/393 1612/607/393
f 1644/590/394 1643/588/394 1637/589/394 1638/608/394
f 1639/587/395 1695/586/395 1689/610/395 1610/606/395
f 1622/611/396 1646/612/396 1651/613/396 1627/614/396
f 1632/603/397 1656/615/397 1649/616/397 1625/617/397
f 1559/618/398 1609/619/398 1634/620/398 1658/621/398 1622/611/398
f 1658/621/399 1634/620/399 1633/581/399 1657/580/399
f 1624/622/400 1648/623/400 1653/624/400 1629/625/400
f 1625/617/401 1649/616/401 1654/626/401 1630/627/401
f 1646/612/402 1645/628/402 1652/629/402 1651/613/402
f 1648/623/403 1647/630/403 1654/626/403 1653/624/403
f 1650/631/404 1649/616/404 1656/615/404 1655/632/404
f 1653/624/405 1654/626/405 1649/616/405 1650/631/405
f 1651/613/406 1652/629/406 1647/630/406 1648/623/406
f 1627/614/407 1651/613/407 1648/623/407 1624/622/407
f 1630/627/408 1654/626/408 1647/630/408 1623/633/408
f 1629/625/409 1653/624/409 1650/631/409 1626/634/409
f 1628/635/410 1652/629/410 1645/628/410 1621/579/410
f 1626/634/411 1650/631/411 1655/632/411 1631/598/411
f 1623/633/412 1647/630/412 1652/629/412 1628/635/412
f 1646/612/413 1658/621/413 1657/580/413 1645/628/413
f 1646/612/414 1622/611/414 1658/621/414
f 1645/628/415 1657/580/415 1621/579/415
f 1641/599/416 1659/636/416 1660/637/416 1642/602/416
f 1656/615/417 1660/637/417 1659/636/417 1655/632/417
f 1631/598/418 1655/632/418 1659/636/418
f 1656/615/419 1632/603/419 1660/637/419
f 1642/602/420 1660/637/420 1632/603/420
f 1641/599/421 1631/598/421 1659/636/421
f 1613/609/422 1665/638/422 1666/591/422 1644/590/422
f 1620/575/423 1663/592/423 1662/639/423 1619/577/423
f 1641/599/424 1667/640/424 1664/641/424 1618/600/424
f 1642/602/425 1661/642/425 1667/640/425 1641/599/425
f 1619/577/426 1662/639/426 1661/642/426 1642/602/426
f 1663/592/427 1669/643/427 1668/644/427 1662/639/427
f 1667/640/428 1661/642/428 1662/639/428 1668/644/428 1670/645/428 1664/641/428
f 1664/641/429 1670/645/429 1671/646/429 1665/638/429
f 1671/646/430 1676/647/430 1674/648/430 1669/643/430
f 1669/643/431 1674/648/431 1673/649/431 1668/644/431
f 1665/638/432 1671/646/432 1669/643/432 1663/592/432 1666/591/432
f 1670/645/433 1675/650/433 1676/647/433 1671/646/433
f 1676/647/434 1683/651/434 1681/652/434 1674/648/434
f 1670/645/435 1668/644/435 1673/649/435 1675/650/435
f 1674/648/167 1681/652/167 1680/653/167 1673/649/167
f 1675/650/436 1673/649/436 1680/653/436 1682/654/436
f 1675/650/165 1682/654/165 1683/651/165 1676/647/165
f 1682/654/437 1678/655/437 1672/656/437 1683/651/437
f 1672/656/438 1685/657/438 1684/658/438 1679/659/438
f 1680/653/439 1677/660/439 1678/655/439 1682/654/439
f 1683/651/440 1672/656/440 1679/659/440 1681/652/440
f 1681/652/441 1679/659/441 1677/660/441 1680/653/441
f 1684/658/442 1685/657/442 1686/661/442 1687/662/442
f 1679/659/443 1684/658/443 1687/662/443 1677/660/443
f 1678/655/444 1686/661/444 1685/657/444 1672/656/444
f 1677/660/445 1687/662/445 1686/661/445 1678/655/445
f 1691/585/446 1699/663/446 1703/664/446 1695/586/446
f 1692/665/446 1700/666/446 1699/663/446 1691/585/446
f 1695/586/446 1703/664/446 1697/667/446 1689/610/446
f 1633/581/447 1694/668/447 1693/669/447 1614/582/447
f 1617/595/448 1692/665/448 1691/585/448 1640/584/448
f 1634/620/449 1690/670/449 1694/668/449 1633/581/449
f 1609/619/450 1688/671/450 1690/670/450 1634/620/450
f 1699/663/451 1707/672/451 1711/673/451 1703/664/451
f 1700/666/452 1708/674/452 1707/672/452 1699/663/452
f 1703/664/453 1711/673/453 1705/675/453 1697/667/453
f 1693/669/446 1701/676/446 1700/666/446 1692/665/446
f 1694/668/446 1702/677/446 1701/676/446 1693/669/446
f 1689/610/446 1697/667/446 1696/678/446 1688/671/446
f 1690/670/446 1698/679/446 1702/677/446 1694/668/446
f 1688/671/446 1696/678/446 1698/679/446 1690/670/446
f 1707/672/454 1715/680/454 1719/681/454 1711/673/454
f 1708/674/455 1716/682/455 1715/680/455 1707/672/455
f 1711/673/456 1719/681/456 1713/683/456 1705/675/456
f 1701/676/457 1709/684/457 1708/674/457 1700/666/457
f 1702/677/458 1710/685/458 1709/684/458 1701/676/458
f 1697/667/459 1705/675/459 1704/686/459 1696/678/459
f 1698/679/460 1706/687/460 1710/685/460 1702/677/460
f 1696/678/461 1704/686/461 1706/687/461 1698/679/461
f 1715/680/462 1723/688/462 1727/689/462 1719/681/462
f 1716/682/463 1724/690/463 1723/688/463 1715/680/463
f 1719/681/464 1727/689/464 1721/691/464 1713/683/464
f 1709/684/465 1717/692/465 1716/682/465 1708/674/465
f 1710/685/466 1718/693/466 1717/692/466 1709/684/466
f 1705/675/467 1713/683/467 1712/694/467 1704/686/467
f 1706/687/468 1714/695/468 1718/693/468 1710/685/468
f 1704/686/469 1712/694/469 1714/695/469 1706/687/469
f 1723/688/470 1731/696/470 1735/697/470 1727/689/470
f 1724/690/471 1732/698/471 1731/696/471 1723/688/471
f 1727/689/472 1735/697/472 1729/699/472 1721/691/472
f 1717/692/473 1725/700/473 1724/690/473 1716/682/473
f 1718/693/474 1726/701/474 1725/700/474 1717/692/474
f 1713/683/475 1721/691/475 1720/702/475 1712/694/475
f 1714/695/476 1722/703/476 1726/701/476 1718/693/476
f 1712/694/477 1720/702/477 1722/703/477 1714/695/477
f 1731/696/478 1732/698/478 1733/704/478 1734/705/478
f 1729/699/478 1735/697/478 1730/706/478 1728/707/478
f 1735/697/478 1731/696/478 1734/705/478 1730/706/478
f 1725/700/479 1733/704/479 1732/698/479 1724/690/479
f 1726/701/480 1734/705/480 1733/704/480 1725/700/480
f 1721/691/481 1729/699/481 1728/707/481 1720/702/481
f 1722/703/482 1730/706/482 1734/705/482 1726/701/482
f 1720/702/483 1728/707/483 1730/706/483 1722/703/483
f 2004/708/484 2013/709/484 2016/710/484 2003/711/484
f 1740/320/485 2011/323/485 1739/712/485 1562/713/485
f 2001/714/486 2012/715/486 2010/326/486 2006/325/486
f 2005/328/487 2017/716/487 2013/709/487 2004/708/487
f 1776/717/488 1786/718/488 1783/719/488 1773/720/488
f 1772/721/489 1782/722/489 1790/723/489 1780/724/489
f 1774/725/490 1784/726/490 1781/727/490 1771/728/490
f 1779/729/491 1789/730/491 1788/731/491 1778/732/491
f 1771/728/492 1781/727/492 1785/733/492 1775/734/492
f 1777/735/493 1787/736/493 1786/718/493 1776/717/493
f 1775/734/494 1785/733/494 1782/722/494 1772/721/494
f 1780/724/495 1790/723/495 1789/730/495 1779/729/495
f 1773/720/496 1783/719/496 1784/726/496 1774/725/496
f 1778/732/497 1788/731/497 1787/736/497 1777/735/497
f 1989/737/498 1999/738/498 1993/739/498 1988/740/498
f 1987/741/499 1998/742/499 1992/743/499 1986/744/499
f 1985/745/500 1997/746/500 1999/738/500 1989/737/500
f 1984/747/501 1996/748/501 1991/749/501 1983/750/501
f 1986/744/502 1992/743/502 1990/751/502 1982/752/502
f 1981/753/503 1995/754/503 1997/746/503 1985/745/503
f 1980/755/504 1994/756/504 1996/748/504 1984/747/504
f 1982/752/505 1990/751/505 1994/756/505 1980/755/505
f 1988/740/506 1993/739/506 1998/742/506 1987/741/506
f 1983/750/507 1991/749/507 1995/754/507 1981/753/507
f 1583/757/508 1738/758/508 2007/759/508 1585/760/508
f 2000/761/509 2014/762/509 2012/715/509 2001/714/509
f 2007/759/510 2016/710/510 2013/709/510 2008/763/510
f 1739/712/511 2012/715/511 2014/762/511 1737/764/511
f 1738/758/512 2015/765/512 2016/710/512 2007/759/512
f 1737/764/513 2014/762/513 2015/765/513 1738/758/513
f 2011/323/514 2010/326/514 2012/715/514 1739/712/514
f 2008/763/515 2013/709/515 2017/716/515 2009/766/515
f 1587/767/516 2008/763/516 2009/766/516 1736/768/516
f 1562/713/517 1739/712/517 1737/764/517 1573/769/517
f 1573/769/518 1737/764/518 1738/758/518 1583/757/518
f 1585/760/519 2007/759/519 2008/763/519 1587/767/519
f 2003/711/520 2016/710/520 2015/765/520 2002/770/520
f 2002/770/521 2015/765/521 2014/762/521 2000/761/521
f 2017/716/522 2175/771/522 2174/772/522 2009/766/522
f 2178/386/523 2176/387/523 2175/771/523
f 2174/772/524 2176/387/524 2177/388/524
f 2005/328/525 2178/386/525 2175/771/525 2017/716/525
f 2180/773/526 1736/768/526 2009/766/526 2174/772/526
f 2177/388/527 2180/773/527 2174/772/527
f 2175/771/528 2176/387/528 2174/772/528
f 1550/774/529 2179/392/529 2185/391/529
f 2186/775/530 2181/395/530 2183/394/530
f 2021/776/531 2182/398/531 2020/397/531
f 2186/775/532 2184/399/532 2181/395/532
f 2021/776/533 2183/394/533 2182/398/533
f 2173/777/534 2177/388/534 2187/401/534
f 1550/774/535 2185/391/535 2184/399/535
f 2173/777/536 2187/401/536 2179/392/536
f 2019/402/537 2192/778/537 2020/397/537
f 2019/402/538 1505/404/538 2192/778/538
f 1508/779/539 1517/557/539 1527/556/539 2193/780/539
f 1134/539/540 2321/538/540 2324/533/540 1500/532/540
s 1
f 355/781/541 362/109/542 363/122/543
f 1137/782/544 344/783/545 348/784/546 1485/785/547
f 1131/786/548 1130/787/549 268/788/550 266/789/551
f 1129/790/552 1126/791/553 262/792/554 269/793/555
f 1110/794/556 1114/795/557 223/796/558 15/797/559
f 281/59/560 283/76/561 224/798/562 25/799/563
f 1117/800/564 1110/794/556 15/797/559 241/801/565
f 47/802/566 46/803/567 45/29/568 44/24/569
f 1116/804/570 1112/805/571 14/806/572 229/807/573
f 1114/795/557 1113/808/574 13/809/575 223/796/558
f 1115/810/576 1111/811/577 16/812/578 227/813/579
f 99/814/580 96/815/581 23/816/582 24/817/583
f 34/818/584 47/802/566 44/24/569 30/23/585
f 49/819/586 246/51/587 256/52/588 255/820/589
f 245/821/590 246/51/587 49/819/586 38/822/591
f 23/816/582 75/823/592 32/824/593 56/825/594
f 102/826/595 104/827/596 81/828/597 22/829/598
f 42/830/599 52/831/600 33/832/601 46/803/567
f 283/76/561 278/75/602 27/833/603 224/798/562
f 285/60/604 281/59/560 25/799/563 242/834/605
f 46/803/567 33/832/601 28/27/606 45/29/568
f 56/825/594 32/824/593 31/11/607 54/19/608
f 83/835/609 34/818/584 30/23/585 82/12/610
f 77/836/611 35/837/612 29/15/613 76/21/614
f 105/838/615 100/839/616 43/840/617 53/841/618
f 22/829/598 81/828/597 35/837/612 77/836/611
f 98/842/619 101/843/620 52/831/600 42/830/599
f 21/844/621 53/841/618 34/818/584 83/835/609
f 247/54/622 250/845/623 37/846/624 48/847/625
f 249/848/626 251/849/627 39/850/628 58/851/629
f 253/852/630 245/821/590 38/822/591 84/853/631
f 252/854/632 244/855/633 36/856/634 78/857/635
f 53/841/618 43/840/617 47/802/566 34/818/584
f 43/840/617 42/830/599 46/803/567 47/802/566
f 104/827/596 99/814/580 24/817/583 81/828/597
f 101/843/620 102/826/595 22/829/598 52/831/600
f 244/855/633 248/858/636 59/859/637 36/856/634
f 248/858/636 249/848/626 58/851/629 59/859/637
f 96/815/581 103/860/638 75/823/592 23/816/582
f 103/860/638 97/861/639 21/844/621 75/823/592
f 35/837/612 57/862/640 55/16/641 29/15/613
f 57/862/640 56/825/594 54/19/608 55/16/641
f 81/828/597 24/817/583 57/862/640 35/837/612
f 24/817/583 23/816/582 56/825/594 57/862/640
f 51/31/642 50/39/643 67/863/644 66/864/645
f 19/32/646 51/31/642 66/864/645 62/865/647
f 74/48/648 19/32/646 62/865/647 79/866/649
f 80/42/650 18/46/651 63/867/652 85/868/653
f 50/39/643 17/38/654 61/869/655 67/863/644
f 41/2/656 20/44/657 60/870/658 65/9/659
f 18/46/651 40/10/660 64/4/661 63/867/652
f 64/4/661 40/10/660 70/5/662
f 41/2/656 65/9/659 71/8/663
f 20/44/657 74/48/648 79/866/649 60/870/658
f 250/845/623 252/854/632 78/857/635 37/846/624
f 52/831/600 22/829/598 77/836/611 33/832/601
f 33/832/601 77/836/611 76/21/614 28/27/606
f 100/839/616 98/842/619 42/830/599 43/840/617
f 17/38/654 80/42/650 85/868/653 61/869/655
f 251/849/627 253/852/630 84/853/631 39/850/628
f 75/823/592 21/844/621 83/835/609 32/824/593
f 97/861/639 105/838/615 53/841/618 21/844/621
f 32/824/593 83/835/609 82/12/610 31/11/607
f 84/853/631 38/822/591 89/871/664 87/872/665
f 49/819/586 48/847/625 90/873/666 92/874/667
f 39/850/628 84/853/631 87/872/665 95/875/668
f 58/851/629 39/850/628 95/875/668 86/876/669
f 37/846/624 78/857/635 94/877/670 93/878/671
f 36/856/634 59/859/637 91/879/672 88/880/673
f 48/847/625 37/846/624 93/878/671 90/873/666
f 38/822/591 49/819/586 92/874/667 89/871/664
f 78/857/635 36/856/634 88/880/673 94/877/670
f 59/859/637 58/851/629 86/876/669 91/879/672
f 87/872/665 89/871/664 105/838/615 97/861/639
f 92/874/667 90/873/666 98/842/619 100/839/616
f 95/875/668 87/872/665 97/861/639 103/860/638
f 86/876/669 95/875/668 103/860/638 96/815/581
f 93/878/671 94/877/670 102/826/595 101/843/620
f 88/880/673 91/879/672 99/814/580 104/827/596
f 90/873/666 93/878/671 101/843/620 98/842/619
f 89/871/664 92/874/667 100/839/616 105/838/615
f 94/877/670 88/880/673 104/827/596 102/826/595
f 91/879/672 86/876/669 96/815/581 99/814/580
f 108/26/674 194/881/675 134/882/676
f 109/14/677 115/13/678 125/883/679 119/884/680
f 107/18/681 113/17/682 123/885/683 117/886/684
f 113/17/682 112/20/685 122/887/686 123/885/683
f 114/22/687 107/18/681 117/886/684 124/888/688
f 110/25/689 203/889/690 130/890/691
f 115/13/678 108/26/674 118/891/692 125/883/679
f 106/28/693 114/22/687 124/888/688 116/892/694
f 111/30/695 206/893/696 126/894/697
f 112/20/685 109/14/677 119/884/680 122/887/686
f 120/895/698 132/896/699 150/897/700 145/898/701
f 151/899/702 204/900/703 198/901/704 156/902/705
f 122/887/686 119/884/680 146/903/706 147/904/707
f 121/905/708 111/30/695 126/894/697 128/906/709
f 106/28/693 116/892/694 129/907/710 127/908/711
f 152/909/712 136/910/713 166/911/714 170/912/715
f 127/908/711 129/907/710 161/913/716 159/914/717
f 111/30/695 121/905/708 133/915/718 131/916/719
f 120/895/698 110/25/689 130/890/691 132/896/699
f 129/907/710 149/917/720 169/918/721 161/913/716
f 133/915/718 121/905/708 140/919/722 151/899/702
f 118/891/692 108/26/674 134/882/676 136/910/713
f 110/25/689 120/895/698 137/920/723 135/921/724
f 138/922/725 139/923/726 142/924/727 147/904/707 146/903/706 143/925/728 144/926/729 145/898/701 140/919/722 141/927/730
f 141/927/730 190/928/703 149/917/720
f 140/919/722 204/900/703 151/899/702
f 145/898/701 191/929/703 153/930/731
f 124/888/688 117/886/684 139/923/726 138/922/725
f 129/907/710 116/892/694 141/927/730 149/917/720
f 150/897/700 132/896/699 155/931/732 154/932/733
f 137/920/723 120/895/698 145/898/701 153/930/731
f 125/883/679 118/891/692 144/926/729 143/925/728
f 121/905/708 128/906/709 148/933/734 140/919/722
f 119/884/680 125/883/679 143/925/728 146/903/706
f 134/882/676 194/881/675 197/934/735 164/935/736
f 118/891/692 136/910/713 152/909/712 144/926/729
f 117/886/684 123/885/683 142/924/727 139/923/726
f 116/892/694 124/888/688 138/922/725 141/927/730
f 123/885/683 122/887/686 147/904/707 142/924/727
f 163/936/737 157/937/738 175/938/739 181/939/740
f 160/940/741 158/941/742 176/942/743 178/943/744
f 156/902/705 198/901/704 199/944/745 174/945/746
f 171/946/747 193/947/748 195/948/749 189/949/750
f 164/935/736 197/934/735 192/950/751 182/951/752
f 159/914/717 161/913/716 179/952/753 177/953/754
f 135/921/724 137/920/723 167/954/755 165/955/756
f 128/906/709 126/894/697 158/941/742 160/940/741
f 130/890/691 203/889/690 201/956/757 162/957/758
f 136/910/713 134/882/676 164/935/736 166/911/714
f 133/915/718 151/899/702 156/902/705 157/937/738
f 137/920/723 153/930/731 171/946/747 167/954/755
f 149/917/720 190/928/703 208/958/759 169/918/721
f 131/916/719 133/915/718 157/937/738 163/936/737
f 153/930/731 191/929/703 193/947/748 171/946/747
f 126/894/697 206/893/696 207/959/760 158/941/742
f 148/933/734 128/906/709 160/940/741 168/960/761
f 132/896/699 130/890/691 162/957/758 155/931/732
f 176/942/743 209/961/762 205/962/763 178/943/744
f 180/963/764 202/964/765 200/965/766 173/966/767
f 173/966/767 200/965/766 199/944/745 172/967/768
f 182/951/752 192/950/751 196/968/769 184/969/770
f 178/943/744 205/962/763 210/970/771 186/971/772
f 184/969/770 196/968/769 195/948/749 188/972/773
f 169/918/721 208/958/759 210/970/771 187/973/774
f 170/912/715 166/911/714 184/969/770 188/972/773
f 167/954/755 171/946/747 189/949/750 185/974/775
f 158/941/742 207/959/760 209/961/762 176/942/743
f 155/931/732 162/957/758 180/963/764 173/966/767
f 165/955/756 167/954/755 185/974/775 183/975/776
f 168/960/761 160/940/741 178/943/744 186/971/772
f 157/937/738 156/902/705 174/945/746 175/938/739
f 162/957/758 201/956/757 202/964/765 180/963/764
f 166/911/714 164/935/736 182/951/752 184/969/770
f 161/913/716 169/918/721 187/973/774 179/952/753
f 154/932/733 155/931/732 173/966/767 172/967/768
f 190/928/703 141/927/730 140/919/722
f 140/919/722 148/933/734 190/928/703
f 191/929/703 145/898/701 144/926/729
f 144/926/729 152/909/712 191/929/703
f 194/881/675 110/25/689 135/921/724
f 110/25/689 194/881/675 108/26/674
f 193/947/748 191/929/703 152/909/712 170/912/715
f 195/948/749 193/947/748 170/912/715 188/972/773
f 195/948/749 196/968/769 185/974/775 189/949/750
f 197/934/735 194/881/675 135/921/724 165/955/756
f 196/968/769 192/950/751 183/975/776 185/974/775
f 192/950/751 197/934/735 165/955/756 183/975/776
f 199/944/745 198/901/704 154/932/733 172/967/768
f 201/956/757 203/889/690 131/916/719 163/936/737
f 200/965/766 202/964/765 181/939/740 175/938/739
f 203/889/690 111/30/695 131/916/719
f 111/30/695 203/889/690 110/25/689
f 204/900/703 140/919/722 145/898/701
f 145/898/701 150/897/700 204/900/703
f 198/901/704 204/900/703 150/897/700 154/932/733
f 199/944/745 200/965/766 175/938/739 174/945/746
f 202/964/765 201/956/757 163/936/737 181/939/740
f 210/970/771 205/962/763 179/952/753 187/973/774
f 206/893/696 106/28/693 127/908/711
f 106/28/693 206/893/696 111/30/695
f 208/958/759 190/928/703 148/933/734 168/960/761
f 207/959/760 206/893/696 127/908/711 159/914/717
f 205/962/763 209/961/762 177/953/754 179/952/753
f 210/970/771 208/958/759 168/960/761 186/971/772
f 209/961/762 207/959/760 159/914/717 177/953/754
f 1112/805/571 1115/810/576 227/813/579 14/806/572
f 278/75/602 286/83/777 230/976/778 27/833/603
f 1113/808/574 1116/804/570 229/807/573 13/809/575
f 222/977/779 11/978/780 260/979/781 259/980/782
f 13/809/575 229/807/573 237/981/783 231/982/784
f 229/807/573 14/806/572 232/983/785 237/981/783
f 15/797/559 223/796/558 235/984/786 233/985/787
f 223/796/558 13/809/575 231/982/784 235/984/786
f 227/813/579 16/812/578 234/986/788 236/987/789
f 14/806/572 227/813/579 236/987/789 232/983/785
f 241/801/565 15/797/559 233/985/787 243/988/790
f 16/812/578 241/801/565 243/988/790 234/986/788
f 276/67/791 285/60/604 242/834/605 26/989/792
f 1111/811/577 1117/800/564 241/801/565 16/812/578
f 336/990/793 337/991/794 238/992/795 7/993/796
f 337/991/794 338/994/797 332/995/798 238/992/795
f 1126/791/553 1127/996/799 267/997/800 262/792/554
f 213/33/801 220/49/802 243/988/790
f 243/988/790 220/49/802 234/986/788
f 220/49/802 214/45/803 234/986/788
f 214/45/803 216/36/804 234/986/788
f 236/987/789 234/986/788 216/36/804
f 216/36/804 219/35/805 236/987/789
f 219/35/805 215/37/806 236/987/789
f 236/987/789 215/37/806 232/983/785
f 215/37/806 212/47/807 232/983/785
f 212/47/807 221/43/808 237/981/783 232/983/785
f 221/43/808 211/41/809 231/982/784 237/981/783
f 217/40/810 231/982/784 211/41/809
f 231/982/784 217/40/810 235/984/786
f 218/34/811 235/984/786 217/40/810
f 235/984/786 218/34/811 233/985/787
f 213/33/801 233/985/787 218/34/811
f 243/988/790 233/985/787 213/33/801
f 61/869/655 85/868/653 253/852/630 251/849/627
f 60/870/658 79/866/649 252/854/632 250/845/623
f 66/864/645 67/863/644 249/848/626 248/858/636
f 62/865/647 66/864/645 248/858/636 244/855/633
f 79/866/649 62/865/647 244/855/633 252/854/632
f 85/868/653 63/867/652 245/821/590 253/852/630
f 67/863/644 61/869/655 251/849/627 249/848/626
f 65/9/659 60/870/658 250/845/623 247/54/622
f 63/867/652 64/4/661 246/51/587 245/821/590
f 256/52/588 257/53/812 254/998/813 255/820/589
f 247/54/622 48/847/625 254/998/813 257/53/812
f 48/847/625 49/819/586 255/820/589 254/998/813
f 225/999/814 273/1000/815 264/1001/816 263/1002/817
f 228/1003/818 9/1004/819 265/1005/820 270/1006/821
f 1127/996/799 1131/786/548 266/789/551 267/997/800
f 240/1007/822 12/1008/823 263/1002/817 261/1009/824
f 9/1004/819 222/977/779 259/980/782 265/1005/820
f 1128/1010/825 1129/790/552 269/793/555 264/1001/816
f 11/978/780 240/1007/822 261/1009/824 260/979/781
f 263/1002/817 12/1008/823 226/1011/826 225/999/814
f 271/1012/827 225/999/814 226/1011/826 10/1013/828
f 10/1013/828 228/1003/818 270/1006/821 271/1012/827
f 1132/1014/829 1133/1015/830 274/1016/831 275/1017/832
f 1128/1010/825 1132/1014/829 275/1017/832 26/989/792
f 1130/787/549 1133/1015/830 272/1018/833 268/788/550
f 286/83/777 290/79/834 274/1016/831 230/976/778
f 26/989/792 275/1017/832 289/68/835 276/67/791
f 275/1017/832 274/1016/831 290/79/834 289/68/835
f 338/994/797 339/1019/836 239/1020/837 332/995/798
f 303/86/838 307/58/839 306/80/840 302/84/841
f 293/66/842 300/65/843 301/61/844 292/70/845
f 295/73/846 303/86/838 302/84/841 294/78/847
f 300/65/843 296/82/848 297/62/849 301/61/844
f 298/74/850 295/73/846 294/78/847 299/77/851
f 296/82/848 298/74/850 299/77/851 297/62/849
f 271/1012/827 272/1018/833 273/1000/815 225/999/814
f 270/1006/821 268/788/550 272/1018/833 271/1012/827
f 265/1005/820 266/789/551 268/788/550 270/1006/821
f 259/980/782 267/997/800 266/789/551 265/1005/820
f 260/979/781 262/792/554 267/997/800 259/980/782
f 261/1009/824 269/793/555 262/792/554 260/979/781
f 263/1002/817 264/1001/816 269/793/555 261/1009/824
f 293/66/842 292/70/845 308/1021/852
f 304/57/853 293/66/842 308/1021/852 310/1022/854
f 310/1022/854 308/1021/852 314/1023/855 313/1024/856
f 312/1025/857 310/1022/854 313/1024/856 315/1026/858
f 305/69/859 306/80/840 312/1025/857 311/1027/860
f 307/58/839 304/57/853 310/1022/854 312/1025/857
f 306/80/840 307/58/839 312/1025/857
f 292/70/845 305/69/859 311/1027/860 308/1021/852
f 315/1026/858 313/1024/856 318/87/861 316/96/862
f 309/1028/863 315/1026/858 316/96/862 317/91/864
f 311/1027/860 312/1025/857 315/1026/858 309/1028/863
f 308/1021/852 311/1027/860 309/1028/863 314/1023/855
f 313/1024/856 314/1023/855 319/88/865 318/87/861
f 314/1023/855 309/1028/863 317/91/864 319/88/865
f 331/98/866 329/100/867 330/99/868
f 329/100/867 328/102/869 330/99/868
f 340/1029/870 341/1030/871 333/1031/872 335/1032/873
f 342/1033/874 336/990/793 7/993/796 8/1034/875
f 341/1030/871 342/1033/874 8/1034/875 333/1031/872
f 339/1019/836 343/1035/876 334/1036/877 239/1020/837
f 343/1035/876 340/1029/870 335/1032/873 334/1036/877
f 288/56/878 291/55/879 340/1029/870 343/1035/876
f 277/63/880 288/56/878 343/1035/876 339/1019/836
f 287/85/881 279/72/882 342/1033/874 341/1030/871
f 279/72/882 282/71/883 336/990/793 342/1033/874
f 291/55/879 287/85/881 341/1030/871 340/1029/870
f 284/64/884 277/63/880 339/1019/836 338/994/797
f 280/81/885 284/64/884 338/994/797 337/991/794
f 282/71/883 280/81/885 337/991/794 336/990/793
f 1482/1037/886 347/1038/887 344/783/545 1137/782/544
f 354/1039/888 349/106/889 1486/105/890 1492/1040/891
f 348/784/546 344/783/545 350/110/892 351/1041/893
f 354/1039/888 348/784/546 351/1041/893 355/781/541
f 349/106/889 354/1039/888 355/781/541 353/107/894
f 348/784/546 354/1039/888 1492/1040/891 1485/785/547
f 352/108/895 353/107/894 363/122/543
f 239/1020/837 350/110/892 344/783/545
f 334/1036/877 357/124/896 350/110/892
f 1/133/897 8/1034/875 7/993/796 361/128/898
f 344/783/545 347/1038/887 332/995/798 239/1020/837
f 332/995/798 347/1038/887 345/1042/899 238/992/795
f 239/1020/837 334/1036/877 350/110/892
f 333/1031/872 358/132/900 2/125/901 335/1032/873
f 358/132/900 333/1031/872 8/1034/875 1/133/897
f 335/1032/873 2/125/901 357/124/896 334/1036/877
f 345/1042/899 361/128/898 7/993/796 238/992/795
f 4/1043/902 360/119/903 366/118/904 365/1044/905
f 351/1041/893 350/110/892 362/109/542
f 353/107/894 355/781/541 363/122/543
f 1105/1045/906 1108/1046/907 995/1047/908 994/1048/909
f 2350/1049/910 1106/1050/911 996/1051/912 2199/1052/913
f 360/119/903 4/1043/902 368/405/914 375/154/915
f 356/114/916 5/113/917 369/145/918 373/144/919
f 359/136/920 6/138/921 370/149/922 374/148/923
f 5/113/917 359/136/920 374/148/923 369/145/918
f 352/108/895 356/114/916 373/144/919 372/152/924
f 352/108/895 372/152/924 371/141/925 346/103/926
f 6/138/921 360/119/903 375/154/915 370/149/922
f 1139/104/927 346/103/926 371/141/925 1509/140/928
f 362/109/542 355/781/541 351/1041/893
f 381/153/929 382/147/930 391/1053/931 390/1054/932
f 379/150/933 384/155/934 393/1055/935 388/1056/936
f 1519/143/937 380/142/938 389/1057/939 1529/1058/940
f 382/147/930 378/146/941 387/1059/942 391/1053/931
f 383/151/943 379/150/933 388/1056/936 392/1060/944
f 378/146/941 383/151/943 392/1060/944 387/1059/942
f 380/142/938 381/153/929 390/1054/932 389/1057/939
f 1529/1058/940 389/1057/939 398/161/945 1539/160/946
f 391/1053/931 387/1059/942 396/1061/947 400/1062/948
f 393/1055/935 385/1063/949 394/1064/950 402/1065/951
f 392/1060/944 388/1056/936 397/1066/952 401/1067/953
f 387/1059/942 392/1060/944 401/1067/953 396/1061/947
f 389/1057/939 390/1054/932 399/1068/954 398/161/945
f 390/1054/932 391/1053/931 400/1062/948 399/1068/954
f 388/1056/936 393/1055/935 402/1065/951 397/1066/952
f 400/1062/948 396/1061/947 405/1069/955 409/1070/956
f 987/1071/957 985/393/958 404/390/959 403/1072/960
f 401/1067/953 397/1066/952 406/207/961 410/1073/962
f 396/1061/947 401/1067/953 410/1073/962 405/1069/955
f 398/161/945 399/1068/954 408/1074/963 407/164/964
f 399/1068/954 400/1062/948 409/1070/956 408/1074/963
f 397/1066/952 402/1065/951 989/1075/965 406/207/961
f 407/164/964 408/1074/963 413/226/966
f 407/164/964 413/226/966 415/321/967 414/156/968
f 415/321/967 413/226/966 425/1076/969 421/382/970
f 421/382/970 425/1076/969 430/1077/971 429/370/972
f 429/370/972 430/1077/971 432/1078/973 431/371/974
f 431/371/974 432/1078/973 434/1079/975 433/380/976
f 411/1080/977 434/1079/975 406/207/961
f 445/188/978 446/1081/979 437/1082/980 440/1083/981
f 447/1084/982 448/1085/983 435/1086/984 438/1087/985
f 449/205/986 450/204/987 441/1088/988 442/1089/989
f 451/181/990 449/205/986 442/1089/989 443/1090/991
f 452/1091/992 453/185/993 436/1092/994 439/1093/995
f 453/185/993 454/182/996 444/1094/997 436/1092/994
f 448/1085/983 452/1091/992 439/1093/995 435/1086/984
f 454/182/996 451/181/990 443/1090/991 444/1094/997
f 446/1081/979 447/1084/982 438/1087/985 437/1082/980
f 450/204/987 445/188/978 440/1083/981 441/1088/988
f 430/1077/971 425/1076/969 456/213/998 457/212/999
f 474/243/1000 469/241/1001 447/1084/982 446/1081/979
f 476/234/1002 471/223/1003 452/1091/992 448/1085/983
f 471/223/1003 478/210/1004 453/185/993 452/1091/992
f 425/1076/969 413/226/966 455/229/1005 456/213/998
f 469/241/1001 476/234/1002 448/1085/983 447/1084/982
f 467/187/1006 474/243/1000 446/1081/979 445/188/978
f 406/207/961 434/1079/975 459/217/1007 464/208/1008
f 432/1078/973 430/1077/971 457/212/999 458/215/1009
f 434/1079/975 432/1078/973 458/215/1009 459/217/1007
f 464/208/1008 459/217/1007 511/246/1010 510/248/1011
f 460/189/1012 463/203/1013 538/273/1014 539/276/1015
f 413/226/966 408/1074/963 473/220/1016 468/219/1017
f 409/1070/956 405/1069/955 475/231/1018 470/230/1019
f 410/1073/962 406/207/961 477/206/1020 472/242/1021
f 405/1069/955 410/1073/962 472/242/1021 475/231/1018
f 408/1074/963 409/1070/956 470/230/1019 473/220/1016
f 456/213/998 455/229/1005 534/279/1022 535/218/1023
f 1560/157/1024 414/156/968 415/321/967 1740/320/1025
f 435/1086/984 439/1093/995 590/1095/1026 586/1096/1027
f 441/1088/988 440/1083/981 591/1097/1028 592/1098/1029
f 439/1093/995 436/1092/994 587/1099/1030 590/1095/1026
f 444/1094/997 443/1090/991 594/1100/1031 595/1101/1032
f 437/1082/980 438/1087/985 589/1102/1033 588/1103/1034
f 442/1089/989 441/1088/988 592/1098/1029 593/1104/1035
f 436/1092/994 444/1094/997 595/1101/1032 587/1099/1030
f 440/1083/981 437/1082/980 588/1103/1034 591/1097/1028
f 438/1087/985 435/1086/984 586/1096/1027 589/1102/1033
f 443/1090/991 442/1089/989 593/1104/1035 594/1100/1031
f 587/1099/1030 595/1101/1032 605/1105/1036 597/1106/1037
f 589/1102/1033 586/1096/1027 596/1107/1038 599/1108/1039
f 594/1100/1031 593/1104/1035 603/1109/1040 604/1110/1041
f 586/1096/1027 590/1095/1026 600/1111/1042 596/1107/1038
f 592/1098/1029 591/1097/1028 601/1112/1043 602/1113/1044
f 590/1095/1026 587/1099/1030 597/1106/1037 600/1111/1042
f 595/1101/1032 594/1100/1031 604/1110/1041 605/1105/1036
f 588/1103/1034 589/1102/1033 599/1108/1039 598/1114/1045
f 593/1104/1035 592/1098/1029 602/1113/1044 603/1109/1040
f 591/1097/1028 588/1103/1034 598/1114/1045 601/1112/1043
f 601/1112/1043 598/1114/1045 618/331/1046 621/330/1047
f 836/362/1048 840/367/1049 608/1115/1050 609/1116/1051
f 602/1113/1044 601/1112/1043 621/330/1047 622/348/1052
f 838/352/1053 843/357/1054 607/1117/1055 613/1118/1056
f 603/1109/1040 602/1113/1044 622/348/1052 623/343/1057
f 596/1107/1038 600/1111/1042 620/346/1058 616/339/1059
f 835/365/1060 839/369/1061 610/1119/1062 611/1120/1063
f 839/369/1061 841/363/1064 612/1121/1065 610/1119/1062
f 604/1110/1041 603/1109/1040 623/343/1057 624/342/1066
f 598/1114/1045 599/1108/1039 619/338/1067 618/331/1046
f 840/367/1049 842/359/1068 614/1122/1069 608/1115/1050
f 837/356/1070 835/365/1060 611/1120/1063 606/1123/1071
f 599/1108/1039 596/1107/1038 616/339/1059 619/338/1067
f 841/363/1064 836/362/1048 609/1116/1051 612/1121/1065
f 605/1105/1036 604/1110/1041 624/342/1066 625/335/1072
f 842/359/1068 844/353/1073 615/1124/1074 614/1122/1069
f 600/1111/1042 597/1106/1037 617/334/1075 620/346/1058
f 843/357/1054 837/356/1070 606/1123/1071 607/1117/1055
f 597/1106/1037 605/1105/1036 625/335/1072 617/334/1075
f 844/353/1073 838/352/1053 613/1118/1056 615/1124/1074
f 648/1125/1076 654/1126/1077 637/1127/1078 643/1128/1079
f 652/1129/1080 649/1130/1081 642/1131/1082 639/1132/1083
f 650/1133/1084 652/1129/1080 639/1132/1083 641/1134/1085
f 649/1130/1081 648/1125/1076 643/1128/1079 642/1131/1082
f 646/1135/1086 651/1136/1087 659/1137/1088 660/1138/1089
f 653/1139/1090 647/1140/1091 644/1141/1092 638/1142/1093
f 655/1143/1094 653/1139/1090 638/1142/1093 636/1144/1095
f 651/1136/1087 650/1133/1084 656/1145/1096 659/1137/1088
f 654/1126/1077 655/1143/1094 636/1144/1095 637/1127/1078
f 647/1140/1091 646/1135/1086 645/1146/1097 644/1141/1092
f 630/347/1098 627/337/1099 653/1139/1090 655/1143/1094
f 632/349/1100 631/333/1101 652/1129/1080 650/1133/1084
f 626/340/1102 630/347/1098 655/1143/1094 654/1126/1077
f 634/345/1103 633/344/1104 651/1136/1087 646/1135/1086
f 629/341/1105 626/340/1102 654/1126/1077 648/1125/1076
f 627/337/1099 635/336/1106 647/1140/1091 653/1139/1090
f 631/333/1101 628/332/1107 649/1130/1081 652/1129/1080
f 633/344/1104 632/349/1100 650/1133/1084 651/1136/1087
f 628/332/1107 629/341/1105 648/1125/1076 649/1130/1081
f 635/336/1106 634/345/1103 646/1135/1086 647/1140/1091
f 659/1137/1088 656/1145/1096 662/1147/1108 665/1148/1109
f 660/1138/1089 659/1137/1088 665/1148/1109 666/1149/1110
f 641/1134/1085 640/1150/1111 658/1151/1112 657/1152/1113
f 640/1150/1111 645/1146/1097 661/1153/1114 658/1151/1112
f 645/1146/1097 646/1135/1086 660/1138/1089 661/1153/1114
f 650/1133/1084 641/1134/1085 657/1152/1113 656/1145/1096
f 665/1148/1109 662/1147/1108 668/1154/1115 671/1155/1116
f 666/1149/1110 665/1148/1109 671/1155/1116 672/1156/1117
f 661/1153/1114 660/1138/1089 666/1149/1110 667/1157/1118
f 657/1152/1113 658/1151/1112 664/1158/1119 663/1159/1120
f 658/1151/1112 661/1153/1114 667/1157/1118 664/1158/1119
f 656/1145/1096 657/1152/1113 663/1159/1120 662/1147/1108
f 671/1155/1116 668/1154/1115 674/1160/1121 677/1161/1122
f 672/1156/1117 671/1155/1116 677/1161/1122 678/1162/1123
f 667/1157/1118 666/1149/1110 672/1156/1117 673/1163/1124
f 663/1159/1120 664/1158/1119 670/1164/1125 669/1165/1126
f 662/1147/1108 663/1159/1120 669/1165/1126 668/1154/1115
f 664/1158/1119 667/1157/1118 673/1163/1124 670/1164/1125
f 679/1166/1127 678/1162/1123 684/1167/1128 685/1168/1129
f 677/1161/1122 674/1160/1121 680/1169/1130 683/1170/1131
f 673/1163/1124 672/1156/1117 678/1162/1123 679/1166/1127
f 669/1165/1126 670/1164/1125 676/1171/1132 675/1172/1133
f 670/1164/1125 673/1163/1124 679/1166/1127 676/1171/1132
f 668/1154/1115 669/1165/1126 675/1172/1133 674/1160/1121
f 685/1168/1129 684/1167/1128 690/1173/1134 691/1174/1135
f 683/1170/1131 680/1169/1130 686/1175/1136 689/1176/1137
f 675/1172/1133 676/1171/1132 682/1177/1138 681/1178/1139
f 676/1171/1132 679/1166/1127 685/1168/1129 682/1177/1138
f 674/1160/1121 675/1172/1133 681/1178/1139 680/1169/1130
f 678/1162/1123 677/1161/1122 683/1170/1131 684/1167/1128
f 691/1174/1135 690/1173/1134 696/1179/1140 697/1180/1141
f 689/1176/1137 686/1175/1136 692/1181/1142 695/1182/1143
f 681/1178/1139 682/1177/1138 688/1183/1144 687/1184/1145
f 682/1177/1138 685/1168/1129 691/1174/1135 688/1183/1144
f 680/1169/1130 681/1178/1139 687/1184/1145 686/1175/1136
f 684/1167/1128 683/1170/1131 689/1176/1137 690/1173/1134
f 696/1179/1140 695/1182/1143 694/1185/1146 697/1180/1141
f 695/1182/1143 692/1181/1142 693/1186/1147 694/1185/1146
f 687/1184/1145 688/1183/1144 694/1185/1146 693/1186/1147
f 688/1183/1144 691/1174/1135 697/1180/1141 694/1185/1146
f 686/1175/1136 687/1184/1145 693/1186/1147 692/1181/1142
f 690/1173/1134 689/1176/1137 695/1182/1143 696/1179/1140
f 614/1122/1069 727/1187/1148 706/1188/1149
f 613/1118/1056 607/1117/1055 699/1189/1150 705/1190/1151
f 607/1117/1055 606/1123/1071 698/1191/1152 699/1189/1150
f 606/1123/1071 611/1120/1063 703/1192/1153 698/1191/1152
f 608/1115/1050 614/1122/1069 706/1188/1149 700/1193/1154
f 611/1120/1063 610/1119/1062 702/1194/1155 703/1192/1153
f 610/1119/1062 612/1121/1065 704/1195/1156 702/1194/1155
f 612/1121/1065 609/1116/1051 701/1196/1157 704/1195/1156
f 609/1116/1051 608/1115/1050 700/1193/1154 701/1196/1157
f 615/1124/1074 613/1118/1056 705/1190/1151 707/1197/1158
f 718/1198/1159 719/1199/1160 715/1200/1161 717/1201/1162
f 719/1199/1160 720/1202/1163 709/1203/1164 715/1200/1161
f 721/1204/1165 722/1205/1166 713/1206/1167 708/1207/1168
f 711/1208/1169 714/1209/1170 734/1210/1171 733/1211/1172
f 724/1212/1173 725/1213/1174 714/1209/1170 712/1214/1175
f 704/1195/1156 701/1196/1157 730/1215/1176 731/1216/1177
f 723/1217/1178 726/1218/1179 716/1219/1180 710/1220/1181
f 720/1202/1163 721/1204/1165 708/1207/1168 709/1203/1164
f 726/1218/1179 729/1221/1182 728/1222/1183 716/1219/1180
f 722/1205/1166 724/1212/1173 712/1214/1175 713/1206/1167
f 703/1192/1153 702/1194/1155 724/1212/1173 722/1205/1166
f 706/1188/1149 727/1187/1148 729/1221/1182 726/1218/1179
f 699/1189/1150 698/1191/1152 721/1204/1165 720/1202/1163
f 700/1193/1154 706/1188/1149 726/1218/1179 723/1217/1178
f 714/1209/1170 725/1213/1174 738/1223/1184 734/1210/1171
f 702/1194/1155 704/1195/1156 725/1213/1174 724/1212/1173
f 700/1193/1154 723/1217/1178 737/1224/1185 732/1225/1186
f 698/1191/1152 703/1192/1153 722/1205/1166 721/1204/1165
f 705/1190/1151 699/1189/1150 720/1202/1163 719/1199/1160
f 707/1197/1158 705/1190/1151 719/1199/1160 718/1198/1159
f 727/1187/1148 614/1122/1069 615/1124/1074
f 615/1124/1074 707/1197/1158 727/1187/1148
f 729/1221/1182 727/1187/1148 707/1197/1158 718/1198/1159
f 728/1222/1183 729/1221/1182 718/1198/1159 717/1201/1162
f 737/1224/1185 735/1226/1187 744/1227/1188 746/1228/1189
f 738/1223/1184 731/1216/1177 740/1229/1190 747/1230/1191
f 731/1216/1177 730/1215/1176 739/1231/1192 740/1229/1190
f 732/1225/1186 737/1224/1185 746/1228/1189 741/1232/1193
f 725/1213/1174 704/1195/1156 731/1216/1177 738/1223/1184
f 723/1217/1178 710/1220/1181 735/1226/1187 737/1224/1185
f 701/1196/1157 700/1193/1154 732/1225/1186 730/1215/1176
f 710/1220/1181 711/1208/1169 733/1211/1172 735/1226/1187
f 746/1228/1189 744/1227/1188 752/1233/1194 753/1234/1195
f 747/1230/1191 740/1229/1190 748/1235/1196 754/1236/1197
f 740/1229/1190 739/1231/1192 736/1237/1198 748/1235/1196
f 741/1232/1193 746/1228/1189 753/1234/1195 749/1238/1199
f 730/1215/1176 732/1225/1186 741/1232/1193 739/1231/1192
f 734/1210/1171 738/1223/1184 747/1230/1191 743/1239/1200
f 733/1211/1172 734/1210/1171 743/1239/1200 742/1240/1201
f 735/1226/1187 733/1211/1172 742/1240/1201 744/1227/1188
f 753/1234/1195 752/1233/1194 759/1241/1202 760/1242/1203
f 754/1236/1197 748/1235/1196 755/1243/1204 761/1244/1205
f 748/1235/1196 736/1237/1198 745/1245/1206 755/1243/1204
f 749/1238/1199 753/1234/1195 760/1242/1203 756/1246/1207
f 739/1231/1192 741/1232/1193 749/1238/1199 736/1237/1198
f 743/1239/1200 747/1230/1191 754/1236/1197 751/1247/1208
f 742/1240/1201 743/1239/1200 751/1247/1208 750/1248/1209
f 744/1227/1188 742/1240/1201 750/1248/1209 752/1233/1194
f 760/1242/1203 759/1241/1202 767/1249/1210 769/1250/1211
f 761/1244/1205 755/1243/1204 763/1251/1212 770/1252/1213
f 755/1243/1204 745/1245/1206 762/1253/1214 763/1251/1212
f 756/1246/1207 760/1242/1203 769/1250/1211 764/1254/1215
f 736/1237/1198 749/1238/1199 756/1246/1207 745/1245/1206
f 751/1247/1208 754/1236/1197 761/1244/1205 758/1255/1216
f 750/1248/1209 751/1247/1208 758/1255/1216 757/1256/1217
f 752/1233/1194 750/1248/1209 757/1256/1217 759/1241/1202
f 768/1257/1218 769/1250/1211 767/1249/1210 765/1258/1219
f 770/1252/1213 768/1257/1218 765/1258/1219 766/1259/1220
f 763/1251/1212 762/1253/1214 768/1257/1218 770/1252/1213
f 762/1253/1214 764/1254/1215 769/1250/1211 768/1257/1218
f 745/1245/1206 756/1246/1207 764/1254/1215 762/1253/1214
f 758/1255/1216 761/1244/1205 770/1252/1213 766/1259/1220
f 757/1256/1217 758/1255/1216 766/1259/1220 765/1258/1219
f 759/1241/1202 757/1256/1217 765/1258/1219 767/1249/1210
f 822/1260/1221 821/1261/1222 789/1262/1223 788/1263/1224
f 816/1264/1225 815/1265/1226 779/1266/1227 774/1267/1228
f 771/1268/1229 711/1208/1169 710/1220/1181 716/1219/1180
f 811/1269/1230 810/1270/1231 780/1271/1232 781/1272/1233
f 714/1209/1170 711/1208/1169 771/1268/1229 712/1214/1175
f 821/1261/1222 820/1273/1234 790/1274/1235 789/1262/1223
f 809/1275/1236 808/1276/1237 785/1277/1238 782/1278/1239
f 815/1265/1226 814/1279/1240 777/1280/1241 779/1266/1227
f 777/1280/1241 776/1281/1242 793/1282/1243 794/1283/1244
f 776/1281/1242 778/1284/1245 795/1285/1246 793/1282/1243
f 817/1286/1247 816/1264/1225 774/1267/1228 775/1287/1248
f 819/1288/1249 818/1289/1250 778/1284/1245 776/1281/1242
f 818/1289/1250 817/1286/1247 775/1287/1248 778/1284/1245
f 814/1279/1240 819/1288/1249 776/1281/1242 777/1280/1241
f 781/1272/1233 780/1271/1232 797/1290/1251 798/1291/1252
f 785/1277/1238 781/1272/1233 798/1291/1252 802/1292/1253
f 812/1293/1254 809/1275/1236 782/1278/1239 783/1294/1255
f 810/1270/1231 813/1295/1256 784/1296/1257 780/1271/1232
f 813/1295/1256 812/1293/1254 783/1294/1255 784/1296/1257
f 808/1276/1237 811/1269/1230 781/1272/1233 785/1277/1238
f 787/1297/1258 786/1298/1259 803/1299/1260 804/1300/1261
f 789/1262/1223 790/1274/1235 807/1301/1262 806/1302/1263
f 823/1303/1264 822/1260/1221 788/1263/1224 786/1298/1259
f 820/1273/1234 824/1304/1265 787/1297/1258 790/1274/1235
f 824/1304/1265 823/1303/1264 786/1298/1259 787/1297/1258
f 795/1285/1246 796/1305/1266 794/1283/1244 793/1282/1243
f 791/1306/1267 796/1305/1266 795/1285/1246 792/1307/1268
f 779/1266/1227 777/1280/1241 794/1283/1244 796/1305/1266
f 778/1284/1245 775/1287/1248 792/1307/1268 795/1285/1246
f 774/1267/1228 779/1266/1227 796/1305/1266 791/1306/1267
f 775/1287/1248 774/1267/1228 791/1306/1267 792/1307/1268
f 802/1292/1253 801/1308/1269 800/1309/1270 799/1310/1271
f 797/1290/1251 801/1308/1269 802/1292/1253 798/1291/1252
f 782/1278/1239 785/1277/1238 802/1292/1253 799/1310/1271
f 783/1294/1255 782/1278/1239 799/1310/1271 800/1309/1270
f 780/1271/1232 784/1296/1257 801/1308/1269 797/1290/1251
f 784/1296/1257 783/1294/1255 800/1309/1270 801/1308/1269
f 807/1301/1262 804/1300/1261 803/1299/1260
f 803/1299/1260 805/1311/1272 806/1302/1263 807/1301/1262
f 790/1274/1235 787/1297/1258 804/1300/1261 807/1301/1262
f 786/1298/1259 788/1263/1224 805/1311/1272 803/1299/1260
f 788/1263/1224 789/1262/1223 806/1302/1263 805/1311/1272
f 773/1312/1273 708/1207/1168 811/1269/1230 808/1276/1237
f 772/1313/1274 728/1222/1183 812/1293/1254 813/1295/1256
f 713/1206/1167 772/1313/1274 813/1295/1256 810/1270/1231
f 728/1222/1183 717/1201/1162 809/1275/1236 812/1293/1254
f 717/1201/1162 773/1312/1273 808/1276/1237 809/1275/1236
f 708/1207/1168 713/1206/1167 810/1270/1231 811/1269/1230
f 713/1206/1167 712/1214/1175 819/1288/1249 814/1279/1240
f 771/1268/1229 716/1219/1180 817/1286/1247 818/1289/1250
f 712/1214/1175 771/1268/1229 818/1289/1250 819/1288/1249
f 716/1219/1180 728/1222/1183 816/1264/1225 817/1286/1247
f 772/1313/1274 713/1206/1167 814/1279/1240 815/1265/1226
f 728/1222/1183 772/1313/1274 815/1265/1226 816/1264/1225
f 717/1201/1162 715/1200/1161 823/1303/1264 824/1304/1265
f 773/1312/1273 717/1201/1162 824/1304/1265 820/1273/1234
f 715/1200/1161 709/1203/1164 822/1260/1221 823/1303/1264
f 708/1207/1168 773/1312/1273 820/1273/1234 821/1261/1222
f 709/1203/1164 708/1207/1168 821/1261/1222 822/1260/1221
f 636/1144/1095 638/1142/1093 833/351/1275 834/350/1276
f 644/1141/1092 645/1146/1097 831/355/1277 832/354/1278
f 637/1127/1078 636/1144/1095 834/350/1276 830/358/1279
f 639/1132/1083 642/1131/1082 828/361/1280 829/360/1281
f 645/1146/1097 640/1150/1111 827/364/1282 831/355/1277
f 643/1128/1079 637/1127/1078 830/358/1279 826/366/1283
f 641/1134/1085 639/1132/1083 829/360/1281 825/368/1284
f 640/1150/1111 641/1134/1085 825/368/1284 827/364/1282
f 638/1142/1093 644/1141/1092 832/354/1278 833/351/1275
f 642/1131/1082 643/1128/1079 826/366/1283 828/361/1280
f 2018/1314/1285 345/1042/899 347/1038/887 1482/1037/886
f 1107/1315/1286 1105/1045/906 994/1048/909 998/1316/1287
f 1108/1046/907 2345/1317/1288 2202/1318/1289 995/1047/908
f 376/1319/1290 2020/397/1291 385/1063/949
f 385/1063/949 2020/397/1291 859/396/1292 394/1064/950
f 848/317/1293 849/316/1294 377/1320/1295 386/1321/1296
f 2006/325/1297 846/324/1298 3/1322/1299 2022/1323/1300
f 846/324/1298 845/374/1301 395/1324/1302 3/1322/1299
f 847/383/1303 848/317/1293 386/1321/1296 364/1325/1304
f 906/1326/1305 905/1327/1306 862/1328/1307 860/1329/1308
f 902/1330/1309 903/1331/1310 861/1332/1311 864/1333/1312
f 905/1327/1306 904/1334/1313 863/1335/1314 862/1328/1307
f 904/1334/1313 2085/1336/1315 2027/1337/1316 863/1335/1314
f 845/374/1301 847/383/1303 364/1325/1304 395/1324/1302
f 849/316/1294 2005/328/1317 1510/1338/1318 377/1320/1295
f 873/1339/1319 876/1340/1320 869/1341/1321 871/1342/1322
f 874/1343/1323 865/1344/1324 909/1345/1325 913/1346/1326
f 872/1347/1327 2038/1348/1328 2036/1349/1329 870/1350/1330
f 903/1331/1310 906/1326/1305 860/1329/1308 861/1332/1311
f 2081/1351/1331 902/1330/1309 864/1333/1312 2032/1352/1332
f 870/1350/1330 2036/1349/1329 2043/1353/1333 874/1343/1323
f 959/1354/1334 956/1355/1335 979/1356/1336 977/1357/1337
f 956/1355/1335 871/1342/1322 974/1358/1338 979/1356/1336
f 872/1347/1327 870/1350/1330 912/1359/1339 915/1360/1340
f 865/1344/1324 867/1361/1341 910/1362/1342 909/1345/1325
f 876/1340/1320 878/1363/1343 868/1364/1344 869/1341/1321
f 865/1344/1324 874/1343/1323 893/1365/1345
f 867/1361/1341 865/1344/1324 893/1365/1345 891/1366/1346
f 866/1367/1347 867/1361/1341 891/1366/1346 892/1368/1348
f 877/1369/1349 872/1347/1327 915/1360/1340 914/1370/1350
f 871/1342/1322 869/1341/1321 973/1371/1351 974/1358/1338
f 876/1340/1320 873/1339/1319 896/1372/1352 898/1373/1353
f 884/1374/1354 879/1375/1355 872/1347/1327 877/1369/1349
f 2310/1376/1356 1074/1377/1357 885/1378/1358 2059/1379/1359
f 879/1375/1355 2055/1380/1360 2038/1348/1328 872/1347/1327
f 877/1369/1349 878/1363/1343 899/1381/1361 901/1382/1362
f 878/1363/1343 876/1340/1320 898/1373/1353 899/1381/1361
f 864/1333/1312 861/1332/1311 888/1383/1363 889/1384/1364
f 860/1329/1308 862/1328/1307 884/1374/1354 890/1385/1365
f 863/1335/1314 2027/1337/1316 2055/1380/1360 879/1375/1355
f 1074/1377/1357 1075/1386/1366 880/1387/1367 885/1378/1358
f 862/1328/1307 863/1335/1314 879/1375/1355 884/1374/1354
f 861/1332/1311 860/1329/1308 890/1385/1365 888/1383/1363
f 2058/1388/1368 886/1389/1369 907/1390/1370 2091/1391/1371
f 2059/1379/1359 885/1378/1358 880/1387/1367 2064/1392/1372
f 873/1339/1319 2047/1393/1373 2063/1394/1374 887/1395/1375
f 881/1396/1376 873/1339/1319 887/1395/1375 886/1389/1369
f 889/1384/1364 888/1383/1363 883/1397/1377 881/1396/1376
f 2069/1398/1378 889/1384/1364 881/1396/1376 2071/1399/1379
f 890/1385/1365 884/1374/1354 882/1400/1380
f 2311/1401/1381 1075/1386/1366 889/1384/1364 2069/1398/1378
f 888/1383/1363 890/1385/1365 882/1400/1380 883/1397/1377
f 2071/1399/1379 881/1396/1376 886/1389/1369 2058/1388/1368
f 891/1366/1346 893/1365/1345 2045/1402/1382 2046/1403/1383
f 893/1365/1345 874/1343/1323 2043/1353/1333 2045/1402/1382
f 892/1368/1348 875/1404/1384 866/1367/1347
f 901/1382/1362 894/1405/1385 877/1369/1349
f 901/1382/1362 884/1374/1354 894/1405/1385
f 877/1369/1349 894/1405/1385 884/1374/1354
f 897/1406/1386 900/1407/1387 899/1381/1361 898/1373/1353
f 895/1408/1388 897/1406/1386 898/1373/1353 896/1372/1352
f 900/1407/1387 901/1382/1362 899/1381/1361
f 881/1396/1376 883/1397/1377 897/1406/1386 895/1408/1388
f 884/1374/1354 901/1382/1362 900/1407/1387 882/1400/1380
f 883/1397/1377 882/1400/1380 900/1407/1387 897/1406/1386
f 873/1339/1319 881/1396/1376 895/1408/1388 896/1372/1352
f 2022/1323/1300 3/1322/1299 902/1330/1309 2081/1351/1331
f 395/1324/1302 364/1325/1304 906/1326/1305 903/1331/1310
f 377/1320/1295 1510/1338/1318 2085/1336/1315 904/1334/1313
f 386/1321/1296 377/1320/1295 904/1334/1313 905/1327/1306
f 3/1322/1299 395/1324/1302 903/1331/1310 902/1330/1309
f 364/1325/1304 386/1321/1296 905/1327/1306 906/1326/1305
f 2091/1391/1371 907/1390/1370 908/1409/1389 2090/1410/1390
f 867/1361/1341 866/1367/1347 971/1411/1391 961/1412/1392
f 886/1389/1369 887/1395/1375 908/1409/1389 907/1390/1370
f 887/1395/1375 2063/1394/1374 2090/1410/1390 908/1409/1389
f 955/1413/1393 980/1414/1394 978/1415/1395
f 868/1364/1344 916/1416/1396 911/1417/1397
f 867/1361/1341 961/1412/1392 910/1362/1342
f 878/1363/1343 877/1369/1349 914/1370/1350 916/1416/1396
f 870/1350/1330 874/1343/1323 913/1346/1326 912/1359/1339
f 915/1360/1340 912/1359/1339 920/1418/1398 923/1419/1399
f 909/1345/1325 910/1362/1342 918/1420/1400 917/1421/1401
f 911/1417/1397 916/1416/1396 924/1422/1402 919/1423/1403
f 912/1359/1339 913/1346/1326 921/1424/1404 920/1418/1398
f 914/1370/1350 915/1360/1340 923/1419/1399 922/1425/1405
f 910/1362/1342 911/1417/1397 919/1423/1403 918/1420/1400
f 916/1416/1396 914/1370/1350 922/1425/1405 924/1422/1402
f 913/1346/1326 909/1345/1325 917/1421/1401 921/1424/1404
f 919/1423/1403 924/1422/1402 932/1426/1406 927/1427/1407
f 920/1418/1398 921/1424/1404 929/1428/1408 928/1429/1409
f 922/1425/1405 923/1419/1399 931/1430/1410 930/1431/1411
f 918/1420/1400 919/1423/1403 927/1427/1407 926/1432/1412
f 924/1422/1402 922/1425/1405 930/1431/1411 932/1426/1406
f 921/1424/1404 917/1421/1401 925/1433/1413 929/1428/1408
f 923/1419/1399 920/1418/1398 928/1429/1409 931/1430/1410
f 917/1421/1401 918/1420/1400 926/1432/1412 925/1433/1413
f 927/1427/1407 932/1426/1406 940/1434/1414 935/1435/1415
f 928/1429/1409 929/1428/1408 937/1436/1416 936/1437/1417
f 930/1431/1411 931/1430/1410 939/1438/1418 938/1439/1419
f 926/1432/1412 927/1427/1407 935/1435/1415 934/1440/1420
f 932/1426/1406 930/1431/1411 938/1439/1419 940/1434/1414
f 929/1428/1408 925/1433/1413 933/1441/1421 937/1436/1416
f 931/1430/1410 928/1429/1409 936/1437/1417 939/1438/1418
f 925/1433/1413 926/1432/1412 934/1440/1420 933/1441/1421
f 934/1440/1420 935/1435/1415 940/1434/1414 938/1439/1419 939/1438/1418 936/1437/1417 937/1436/1416 933/1441/1421
f 916/1416/1396 868/1364/1344 878/1363/1343
f 875/1404/1384 2041/1442/1422 976/1443/1423 975/1444/1424
f 2041/1442/1422 875/1404/1384 944/1445/1425 2126/1446/1426
f 875/1404/1384 892/1368/1348 943/1447/1427 944/1445/1425
f 892/1368/1348 891/1366/1346 942/1448/1428 943/1447/1427
f 942/1448/1428 2046/1403/1383 2124/1449/1429 946/1450/1430
f 2126/1446/1426 944/1445/1425 948/1451/1431 2132/1452/1432
f 944/1445/1425 943/1447/1427 947/1453/1433 948/1451/1431
f 891/1366/1346 2046/1403/1383 942/1448/1428
f 946/1450/1430 2124/1449/1429 2137/1454/1434 949/1455/1435
f 948/1451/1431 947/1453/1433 941/1456/1436 950/1457/1437
f 947/1453/1433 946/1450/1430 949/1455/1435 941/1456/1436
f 943/1447/1427 942/1448/1428 946/1450/1430 947/1453/1433
f 950/1457/1437 941/1456/1436 945/1458/1438 952/1459/1439
f 941/1456/1436 949/1455/1435 951/1460/1440 945/1458/1438
f 949/1455/1435 2137/1454/1434 2141/1461/1441 951/1460/1440
f 2132/1452/1432 948/1451/1431 950/1457/1437 2138/1462/1442
f 952/1459/1439 945/1458/1438 2128/1463/1443 2142/1464/1444
f 945/1458/1438 951/1460/1440 2141/1461/1441 2128/1463/1443
f 952/1459/1439 2142/1464/1444 2143/1465/1445
f 2138/1462/1442 950/1457/1437 952/1459/1439 2143/1465/1445
f 959/1354/1334 980/1414/1394 966/1466/1446 965/1467/1447
f 2041/1442/1422 2047/1393/1373 954/1468/1448 958/1469/1449 955/1413/1393
f 873/1339/1319 871/1342/1322 956/1355/1335 960/1470/1450 953/1471/1451
f 2047/1393/1373 873/1339/1319 953/1471/1451 957/1472/1452 954/1468/1448
f 956/1355/1335 959/1354/1334 965/1467/1447 968/1473/1453
f 958/1469/1449 954/1468/1448 963/1474/1454 964/1475/1455
f 955/1413/1393 958/1469/1449 964/1475/1455 966/1466/1446
f 970/1476/1456 967/1477/1457 968/1473/1453 965/1467/1447
f 964/1475/1455 970/1476/1456 965/1467/1447 966/1466/1446
f 963/1474/1454 962/1478/1458 970/1476/1456 964/1475/1455
f 962/1478/1458 969/1479/1459 967/1477/1457 970/1476/1456
f 953/1471/1451 960/1470/1450 967/1477/1457 969/1479/1459
f 960/1470/1450 956/1355/1335 968/1473/1453 967/1477/1457
f 957/1472/1452 953/1471/1451 969/1479/1459 962/1478/1458
f 954/1468/1448 957/1472/1452 962/1478/1458 963/1474/1454
f 976/1443/1423 974/1358/1338 975/1444/1424
f 971/1411/1391 973/1371/1351 961/1412/1392
f 974/1358/1338 971/1411/1391 975/1444/1424
f 974/1358/1338 976/1443/1423 978/1415/1395 977/1357/1337 979/1356/1336
f 971/1411/1391 974/1358/1338 973/1371/1351
f 973/1371/1351 972/1480/1460 961/1412/1392
f 961/1412/1392 972/1480/1460 911/1417/1397 910/1362/1342
f 868/1364/1344 911/1417/1397 972/1480/1460
f 866/1367/1347 875/1404/1384 975/1444/1424 971/1411/1391
f 869/1341/1321 868/1364/1344 972/1480/1460 973/1371/1351
f 2041/1442/1422 955/1413/1393 978/1415/1395 976/1443/1423
f 966/1466/1446 980/1414/1394 955/1413/1393
f 978/1415/1395 980/1414/1394 959/1354/1334 977/1357/1337
f 404/390/959 2179/392/1461 981/400/1462
f 2177/388/1463 984/389/1464 981/400/1462
f 2184/399/1465 404/390/959 985/393/958
f 2183/394/1466 985/393/958 859/396/1292
f 984/389/1464 582/381/1467 981/400/1462
f 403/1072/960 404/390/959 981/400/1462 986/1481/1468
f 433/380/976 986/1481/1468 981/400/1462 582/381/1467
f 433/380/976 434/1079/975 986/1481/1468
f 403/1072/960 986/1481/1468 434/1079/975 411/1080/977
f 987/1071/957 988/1482/1469 859/396/1292 985/393/958
f 402/1065/951 394/1064/950 859/396/1292 988/1482/1469
f 406/207/961 989/1075/965 411/1080/977
f 402/1065/951 988/1482/1469 987/1071/957 989/1075/965
f 411/1080/977 989/1075/965 987/1071/957 403/1072/960
f 2020/397/1291 376/1319/1290 990/403/1470
f 1505/404/1471 990/403/1470 365/1044/905
f 365/1044/905 990/403/1470 368/405/914 4/1043/902
f 368/405/914 990/403/1470 991/406/1472
f 393/1055/935 992/1483/1473 376/1319/1290 385/1063/949
f 393/1055/935 384/155/934 991/406/1472 992/1483/1473
f 990/403/1470 993/1484/1474 992/1483/1473 991/406/1472
f 992/1483/1473 993/1484/1474 376/1319/1290
f 990/403/1470 376/1319/1290 993/1484/1474
f 997/1485/1475 998/1316/1287 1008/1486/1476 1007/1487/1477
f 995/1047/908 2202/1318/1289 2216/1488/1478 1005/1489/1479
f 994/1048/909 995/1047/908 1005/1489/1479 1004/1490/1480
f 996/1051/912 997/1485/1475 1007/1487/1477 1006/1491/1481
f 1109/1492/1482 1107/1315/1286 998/1316/1287 997/1485/1475
f 1106/1050/911 1109/1492/1482 997/1485/1475 996/1051/912
f 365/1044/905 366/118/904 1002/1493/1483 1003/1494/1484
f 366/118/904 367/129/1485 999/1495/1486 1002/1493/1483
f 345/1042/899 2018/1314/1285 2207/1496/1487 1001/1497/1488
f 367/129/1485 361/128/898 1000/1498/1489 999/1495/1486
f 1505/404/1471 365/1044/905 1003/1494/1484 2209/1499/1490
f 361/128/898 345/1042/899 1001/1497/1488 1000/1498/1489
f 998/1316/1287 994/1048/909 1004/1490/1480 1008/1486/1476
f 2199/1052/913 996/1051/912 1006/1491/1481 2213/1500/1491
f 1007/1487/1477 1008/1486/1476 1015/1501/1492 1014/1502/1493
f 1006/1491/1481 1007/1487/1477 1014/1502/1493 1013/1503/1494
f 1005/1489/1479 2216/1488/1478 2225/1504/1495 1012/1505/1496
f 2213/1500/1491 1006/1491/1481 1013/1503/1494 2222/1506/1497
f 1012/1505/1496 2225/1504/1495 2230/1507/1498 1010/1508/1499
f 2222/1506/1497 1013/1503/1494 1016/1509/1500 2227/1510/1501
f 1011/1511/1502 1012/1505/1496 1010/1508/1499 1009/1512/1503
f 1015/1501/1492 1011/1511/1502 1009/1512/1503 1018/1513/1504
f 1008/1486/1476 1004/1490/1480 1011/1511/1502 1015/1501/1492
f 1004/1490/1480 1005/1489/1479 1012/1505/1496 1011/1511/1502
f 1018/1513/1504 1009/1512/1503 1021/1514/1505 1025/1515/1506
f 1017/1516/1507 1018/1513/1504 1025/1515/1506 1024/1517/1508
f 1016/1509/1500 1017/1516/1507 1024/1517/1508 1023/1518/1509
f 1010/1508/1499 2230/1507/1498 2239/1519/1510 1022/1520/1511
f 1013/1503/1494 1014/1502/1493 1017/1516/1507 1016/1509/1500
f 1014/1502/1493 1015/1501/1492 1018/1513/1504 1017/1516/1507
f 1022/1520/1511 2239/1519/1510 2246/1521/1512 1020/1522/1513
f 2236/1523/1514 1023/1518/1509 1028/1524/1515 2243/1525/1516
f 1021/1514/1505 1022/1520/1511 1020/1522/1513 1019/1526/1517
f 1025/1515/1506 1021/1514/1505 1019/1526/1517 1030/1527/1518
f 1009/1512/1503 1010/1508/1499 1022/1520/1511 1021/1514/1505
f 2227/1510/1501 1016/1509/1500 1023/1518/1509 2236/1523/1514
f 2243/1525/1516 1028/1524/1515 1033/1528/1519 2250/1529/1520
f 1019/1526/1517 1020/1522/1513 1027/1530/1521 1026/1531/1522
f 1030/1527/1518 1019/1526/1517 1026/1531/1522 1035/1532/1523
f 1029/1533/1524 1030/1527/1518 1035/1532/1523 1034/1534/1525
f 1023/1518/1509 1024/1517/1508 1029/1533/1524 1028/1524/1515
f 1024/1517/1508 1025/1515/1506 1030/1527/1518 1029/1533/1524
f 1035/1532/1523 1026/1531/1522 1031/1535/1526 1040/1536/1527
f 1034/1534/1525 1035/1532/1523 1040/1536/1527 1039/1537/1528
f 1033/1528/1519 1034/1534/1525 1039/1537/1528 1038/1538/1529
f 1027/1530/1521 2253/1539/1530 2260/1540/1531 1032/1541/1532
f 1020/1522/1513 2246/1521/1512 2253/1539/1530 1027/1530/1521
f 1028/1524/1515 1029/1533/1524 1034/1534/1525 1033/1528/1519
f 1039/1537/1528 1040/1536/1527 1045/1542/1533 1044/1543/1534
f 1038/1538/1529 1039/1537/1528 1044/1543/1534 1043/1544/1535
f 1032/1541/1532 2260/1540/1531 2267/1545/1536 1037/1546/1537
f 2257/1547/1514 1038/1538/1529 1043/1544/1535 2264/1548/1538
f 1026/1531/1522 1027/1530/1521 1032/1541/1532 1031/1535/1526
f 2250/1529/1520 1033/1528/1519 1038/1538/1529 2257/1547/1514
f 1065/1549/1539 2300/1550/1540 2274/1551/1541 1042/1552/1542
f 2296/1553/1543 1064/1554/1544 1048/1555/1545 2271/1556/1546
f 1067/1557/1547 1065/1549/1539 1042/1552/1542 1041/1558/1548
f 1066/1559/1549 1067/1557/1547 1041/1558/1548 1050/1560/1550
f 1040/1536/1527 1031/1535/1526 1036/1561/1551 1045/1542/1533
f 1031/1535/1526 1032/1541/1532 1037/1546/1537 1036/1561/1551
f 2271/1556/1546 1048/1555/1545 1053/1562/1552 2278/1563/1553
f 1041/1558/1548 1042/1552/1542 1047/1564/1554 1046/1565/1555
f 1050/1560/1550 1041/1558/1548 1046/1565/1555 1055/1566/1556
f 1049/1567/1557 1050/1560/1550 1055/1566/1556 1054/1568/1558
f 1064/1554/1544 1068/1569/1559 1049/1567/1557 1048/1555/1545
f 1068/1569/1559 1066/1559/1549 1050/1560/1550 1049/1567/1557
f 1063/1570/1560 1059/1571/1561 1051/1572/1562 1058/1573/1563
f 1061/1574/1564 1063/1570/1560 1058/1573/1563 1057/1575/1565
f 1062/1576/1566 1061/1574/1564 1057/1575/1565 1056/1577/1567
f 1060/1578/1568 2289/1579/1569 2286/1580/1570 1052/1581/1571
f 1042/1552/1542 2274/1551/1541 2281/1582/1572 1047/1564/1554
f 1048/1555/1545 1049/1567/1557 1054/1568/1558 1053/1562/1552
f 1059/1571/1561 1060/1578/1568 1052/1581/1571 1051/1572/1562
f 2294/1583/1573 1062/1576/1566 1056/1577/1567 2283/1584/1574
f 1073/1585/1575 1071/1586/1576 1059/1571/1561 1063/1570/1560
f 1072/1587/1577 1073/1585/1575 1063/1570/1560 1061/1574/1564
f 1069/1588/1578 1072/1587/1577 1061/1574/1564 1062/1576/1566
f 1070/1589/1579 2306/1590/1580 2289/1579/1569 1060/1578/1568
f 1071/1586/1576 1070/1589/1579 1060/1578/1568 1059/1571/1561
f 2302/1591/1581 1069/1588/1578 1062/1576/1566 2294/1583/1573
f 1051/1572/1562 1052/1581/1571 2288/1592/1582
f 1058/1573/1563 1051/1572/1562 2288/1592/1582
f 1057/1575/1565 1058/1573/1563 2288/1592/1582
f 1056/1577/1567 1057/1575/1565 2288/1592/1582
f 2283/1584/1574 1056/1577/1567 2288/1592/1582
f 1052/1581/1571 2286/1580/1570 2288/1592/1582
f 1044/1543/1534 1045/1542/1533 1066/1559/1549 1068/1569/1559
f 1043/1544/1535 1044/1543/1534 1068/1569/1559 1064/1554/1544
f 1045/1542/1533 1036/1561/1551 1067/1557/1547 1066/1559/1549
f 1036/1561/1551 1037/1546/1537 1065/1549/1539 1067/1557/1547
f 2264/1548/1538 1043/1544/1535 1064/1554/1544 2296/1553/1543
f 1037/1546/1537 2267/1545/1536 2300/1550/1540 1065/1549/1539
f 2278/1563/1553 1053/1562/1552 1069/1588/1578 2302/1591/1581
f 1046/1565/1555 1047/1564/1554 1070/1589/1579 1071/1586/1576
f 1047/1564/1554 2281/1582/1572 2306/1590/1580 1070/1589/1579
f 1053/1562/1552 1054/1568/1558 1072/1587/1577 1069/1588/1578
f 1054/1568/1558 1055/1566/1556 1073/1585/1575 1072/1587/1577
f 1055/1566/1556 1046/1565/1555 1071/1586/1576 1073/1585/1575
f 2064/1392/1372 880/1387/1367 1075/1386/1366 2311/1401/1381
f 864/1333/1312 889/1384/1364 1075/1386/1366 1074/1377/1357
f 2032/1352/1332 864/1333/1312 1074/1377/1357 2310/1376/1356
f 1084/134/1583 1087/131/1584 1099/130/1585 1093/1593/1586
f 1080/115/1587 1081/117/1588 1090/123/1589 1089/1594/1590
f 1076/135/1591 1084/134/1583 1093/1593/1586 1094/1595/1592
f 1094/1595/1592 1098/1596/1593 1096/1597/1594 1095/1598/1595
f 1091/1599/1596 1089/1594/1590 1090/123/1589 1092/112/1597
f 1095/1598/1595 1096/1597/1594 1089/1594/1590 1091/1599/1596
f 1093/1593/1586 1097/1600/1598 1098/1596/1593 1094/1595/1592
f 1097/1600/1598 1093/1593/1586 1099/130/1585 1088/121/1599
f 1082/127/1600 1077/126/1601 1095/1598/1595 1091/1599/1596
f 1079/116/1602 1080/115/1587 1089/1594/1590 1096/1597/1594
f 1086/120/1603 1085/139/1604 1097/1600/1598 1088/121/1599
f 1077/126/1601 1076/135/1591 1094/1595/1592 1095/1598/1595
f 1078/137/1605 1079/116/1602 1096/1597/1594 1098/1596/1593
f 1085/139/1604 1078/137/1605 1098/1596/1593 1097/1600/1598
f 1083/111/1606 1082/127/1600 1091/1599/1596 1092/112/1597
f 1003/1494/1484 1002/1493/1483 1104/1601/1607 1101/1602/1608
f 1002/1493/1483 999/1495/1486 1102/1603/1609 1104/1601/1607
f 1001/1497/1488 2207/1496/1487 2338/1604/1610 1103/1605/1611
f 999/1495/1486 1000/1498/1489 1100/1606/1612 1102/1603/1609
f 2209/1499/1490 1003/1494/1484 1101/1602/1608 2343/1607/1613
f 1000/1498/1489 1001/1497/1488 1103/1605/1611 1100/1606/1612
f 1101/1602/1608 1104/1601/1607 1109/1492/1482 1106/1050/911
f 1104/1601/1607 1102/1603/1609 1107/1315/1286 1109/1492/1482
f 1103/1605/1611 2338/1604/1610 2345/1317/1288 1108/1046/907
f 1102/1603/1609 1100/1606/1612 1105/1045/906 1107/1315/1286
f 2343/1607/1613 1101/1602/1608 1106/1050/911 2350/1049/910
f 1100/1606/1612 1103/1605/1611 1108/1046/907 1105/1045/906
f 1118/1608/1614 1125/1609/1615 1117/800/564 1111/811/577
f 1119/1610/1616 1124/1611/1617 1116/804/570 1113/808/574
f 1121/1612/1618 1123/1613/1619 1115/810/576 1112/805/571
f 1123/1613/1619 1118/1608/1614 1111/811/577 1115/810/576
f 1122/1614/1620 1119/1610/1616 1113/808/574 1114/795/557
f 1124/1611/1617 1121/1612/1618 1112/805/571 1116/804/570
f 1125/1609/1615 1120/1615/1621 1110/794/556 1117/800/564
f 1120/1615/1621 1122/1614/1620 1114/795/557 1110/794/556
f 11/978/780 222/977/779 1122/1614/1620 1120/1615/1621
f 240/1007/822 11/978/780 1120/1615/1621 1125/1609/1615
f 228/1003/818 10/1013/828 1121/1612/1618 1124/1611/1617
f 222/977/779 9/1004/819 1119/1610/1616 1122/1614/1620
f 226/1011/826 12/1008/823 1118/1608/1614 1123/1613/1619
f 10/1013/828 226/1011/826 1123/1613/1619 1121/1612/1618
f 9/1004/819 228/1003/818 1124/1611/1617 1119/1610/1616
f 12/1008/823 240/1007/822 1125/1609/1615 1118/1608/1614
f 230/976/778 274/1016/831 1133/1015/830 1130/787/549
f 264/1001/816 273/1000/815 1132/1014/829 1128/1010/825
f 273/1000/815 272/1018/833 1133/1015/830 1132/1014/829
f 26/989/792 242/834/605 1129/790/552 1128/1010/825
f 224/798/562 27/833/603 1131/786/548 1127/996/799
f 25/799/563 224/798/562 1127/996/799 1126/791/553
f 242/834/605 25/799/563 1126/791/553 1129/790/552
f 27/833/603 230/976/778 1130/787/549 1131/786/548
f 1494/1616/1622 1502/527/1623 1501/513/1624
f 1137/782/544 1485/785/547 1484/1617/1625 1479/1618/1626
f 2372/1619/1627 1401/1620/1628 1403/1621/1629 2371/1622/1630
f 2370/1623/1631 1404/1624/1632 1397/1625/1633 2367/1626/1634
f 2351/1627/1635 1150/1628/1636 1358/1629/1637 2355/1630/1638
f 1416/465/1639 1160/1631/1640 1359/1632/1641 1418/484/1642
f 2358/1633/1643 1376/1634/1644 1150/1628/1636 2351/1627/1635
f 1182/1635/1645 1179/432/1646 1180/435/1647 1181/1636/1648
f 2357/1637/1649 1364/1638/1650 1149/1639/1651 2353/1640/1652
f 2355/1630/1638 1358/1629/1637 1148/1641/1653 2354/1642/1654
f 2356/1643/1655 1362/1644/1656 1151/1645/1657 2352/1646/1658
f 1234/1647/1659 1159/1648/1660 1158/1649/1661 1231/1650/1662
f 1169/1651/1663 1165/429/1664 1179/432/1646 1182/1635/1645
f 1184/1652/1665 1390/1653/1666 1391/458/1667 1381/456/1668
f 1380/1654/1669 1173/1655/1670 1184/1652/1665 1381/456/1668
f 1158/1649/1661 1191/1656/1671 1167/1657/1672 1210/1658/1673
f 1237/1659/1674 1157/1660/1675 1216/1661/1676 1239/1662/1677
f 1177/1663/1678 1181/1636/1648 1168/1664/1679 1187/1665/1680
f 1418/484/1642 1359/1632/1641 1162/1666/1681 1413/481/1682
f 1420/468/1683 1377/1667/1684 1160/1631/1640 1416/465/1639
f 1181/1636/1648 1180/435/1647 1163/433/1685 1168/1664/1679
f 1191/1656/1671 1189/426/1686 1166/417/1687 1167/1657/1672
f 1218/1668/1688 1217/420/1689 1165/429/1664 1169/1651/1663
f 1212/1669/1690 1211/427/1691 1164/421/1692 1170/1670/1693
f 1240/1671/1694 1188/1672/1695 1178/1673/1696 1235/1674/1697
f 1157/1660/1675 1212/1669/1690 1170/1670/1693 1216/1661/1676
f 1233/1675/1698 1177/1663/1678 1187/1665/1680 1236/1676/1699
f 1156/1677/1700 1218/1668/1688 1169/1651/1663 1188/1672/1695
f 1382/460/1701 1183/1678/1702 1172/1679/1703 1385/1680/1704
f 1384/1681/1705 1193/1682/1706 1174/1683/1707 1386/1684/1708
f 1388/1685/1709 1219/1686/1710 1173/1655/1670 1380/1654/1669
f 1387/1687/1711 1213/1688/1712 1171/1689/1713 1379/1690/1714
f 1188/1672/1695 1169/1651/1663 1182/1635/1645 1178/1673/1696
f 1178/1673/1696 1182/1635/1645 1181/1636/1648 1177/1663/1678
f 1239/1662/1677 1216/1661/1676 1159/1648/1660 1234/1647/1659
f 1236/1676/1699 1187/1665/1680 1157/1660/1675 1237/1659/1674
f 1379/1690/1714 1171/1689/1713 1194/1691/1715 1383/1692/1716
f 1383/1692/1716 1194/1691/1715 1193/1682/1706 1384/1681/1705
f 1231/1650/1662 1158/1649/1661 1210/1658/1673 1238/1693/1717
f 1238/1693/1717 1210/1658/1673 1156/1677/1700 1232/1694/1718
f 1170/1670/1693 1164/421/1692 1190/424/1719 1192/1695/1720
f 1192/1695/1720 1190/424/1719 1189/426/1686 1191/1656/1671
f 1216/1661/1676 1170/1670/1693 1192/1695/1720 1159/1648/1660
f 1159/1648/1660 1192/1695/1720 1191/1656/1671 1158/1649/1661
f 1186/437/1721 1201/1696/1722 1202/1697/1723 1185/447/1724
f 1154/440/1725 1197/1698/1726 1201/1696/1722 1186/437/1721
f 1209/455/1727 1214/1699/1728 1197/1698/1726 1154/440/1725
f 1215/448/1729 1220/1700/1730 1198/1701/1731 1153/453/1732
f 1185/447/1724 1202/1697/1723 1196/1702/1733 1152/444/1734
f 1176/409/1735 1200/415/1736 1195/1703/1737 1155/450/1738
f 1153/453/1732 1198/1701/1731 1199/410/1739 1175/416/1740
f 1199/410/1739 1205/413/1741 1175/416/1740
f 1176/409/1735 1206/414/1742 1200/415/1736
f 1155/450/1738 1195/1703/1737 1214/1699/1728 1209/455/1727
f 1385/1680/1704 1172/1679/1703 1213/1688/1712 1387/1687/1711
f 1187/1665/1680 1168/1664/1679 1212/1669/1690 1157/1660/1675
f 1168/1664/1679 1163/433/1685 1211/427/1691 1212/1669/1690
f 1235/1674/1697 1178/1673/1696 1177/1663/1678 1233/1675/1698
f 1152/444/1734 1196/1702/1733 1220/1700/1730 1215/448/1729
f 1386/1684/1708 1174/1683/1707 1219/1686/1710 1388/1685/1709
f 1210/1658/1673 1167/1657/1672 1218/1668/1688 1156/1677/1700
f 1232/1694/1718 1156/1677/1700 1188/1672/1695 1240/1671/1694
f 1167/1657/1672 1166/417/1687 1217/420/1689 1218/1668/1688
f 1219/1686/1710 1222/1704/1743 1224/1705/1744 1173/1655/1670
f 1184/1652/1665 1227/1706/1745 1225/1707/1746 1183/1678/1702
f 1174/1683/1707 1230/1708/1747 1222/1704/1743 1219/1686/1710
f 1193/1682/1706 1221/1709/1748 1230/1708/1747 1174/1683/1707
f 1172/1679/1703 1228/1710/1749 1229/1711/1750 1213/1688/1712
f 1171/1689/1713 1223/1712/1751 1226/1713/1752 1194/1691/1715
f 1183/1678/1702 1225/1707/1746 1228/1710/1749 1172/1679/1703
f 1173/1655/1670 1224/1705/1744 1227/1706/1745 1184/1652/1665
f 1213/1688/1712 1229/1711/1750 1223/1712/1751 1171/1689/1713
f 1194/1691/1715 1226/1713/1752 1221/1709/1748 1193/1682/1706
f 1222/1704/1743 1232/1694/1718 1240/1671/1694 1224/1705/1744
f 1227/1706/1745 1235/1674/1697 1233/1675/1698 1225/1707/1746
f 1230/1708/1747 1238/1693/1717 1232/1694/1718 1222/1704/1743
f 1221/1709/1748 1231/1650/1662 1238/1693/1717 1230/1708/1747
f 1228/1710/1749 1236/1676/1699 1237/1659/1674 1229/1711/1750
f 1223/1712/1751 1239/1662/1677 1234/1647/1659 1226/1713/1752
f 1225/1707/1746 1233/1675/1698 1236/1676/1699 1228/1710/1749
f 1224/1705/1744 1240/1671/1694 1235/1674/1697 1227/1706/1745
f 1229/1711/1750 1237/1659/1674 1239/1662/1677 1223/1712/1751
f 1226/1713/1752 1234/1647/1659 1231/1650/1662 1221/1709/1748
f 1243/430/1753 1269/1714/1754 1329/1715/1755
f 1244/418/1756 1254/1716/1757 1260/1717/1758 1250/419/1759
f 1242/422/1760 1252/1718/1761 1258/1719/1762 1248/423/1763
f 1248/423/1763 1258/1719/1762 1257/1720/1764 1247/425/1765
f 1249/428/1766 1259/1721/1767 1252/1718/1761 1242/422/1760
f 1245/431/1768 1265/1722/1769 1338/1723/1770
f 1250/419/1759 1260/1717/1758 1253/1724/1771 1243/430/1753
f 1241/434/1772 1251/1725/1773 1259/1721/1767 1249/428/1766
f 1246/436/1774 1261/1726/1775 1341/1727/1776
f 1247/425/1765 1257/1720/1764 1254/1716/1757 1244/418/1756
f 1255/1728/1777 1280/1729/1778 1285/1730/702 1267/1731/718
f 1286/1732/700 1291/1733/1779 1333/1734/704 1339/1735/703
f 1257/1720/1764 1282/1736/1780 1281/1737/1781 1254/1716/1757
f 1256/1738/1782 1263/1739/1783 1261/1726/1775 1246/436/1774
f 1241/434/1772 1262/1740/1784 1264/1741/1785 1251/1725/1773
f 1287/1742/1786 1305/1743/1787 1301/1744/1788 1271/1745/1789
f 1262/1740/1784 1294/1746/1790 1296/1747/1791 1264/1741/1785
f 1246/436/1774 1266/1748/1792 1268/1749/699 1256/1738/1782
f 1255/1728/1777 1267/1731/718 1265/1722/1769 1245/431/1768
f 1264/1741/1785 1296/1747/1791 1304/1750/1793 1284/1751/1794
f 1268/1749/699 1286/1732/700 1275/1752/1795 1256/1738/1782
f 1253/1724/1771 1271/1745/1789 1269/1714/1754 1243/430/1753
f 1245/431/1768 1270/1753/1796 1272/1754/1797 1255/1728/1777
f 1273/1755/1798 1276/1756/1799 1275/1752/1795 1280/1729/1778 1279/1757/1800 1278/1758/1801 1281/1737/1781 1282/1736/1780 1277/1759/1802 1274/1760/1803
f 1276/1756/1799 1284/1751/1794 1325/1761/703
f 1275/1752/1795 1286/1732/700 1339/1735/703
f 1280/1729/1778 1288/1762/1804 1326/1763/703
f 1259/1721/1767 1273/1755/1798 1274/1760/1803 1252/1718/1761
f 1264/1741/1785 1284/1751/1794 1276/1756/1799 1251/1725/1773
f 1285/1730/702 1289/1764/1805 1290/1765/1806 1267/1731/718
f 1272/1754/1797 1288/1762/1804 1280/1729/1778 1255/1728/1777
f 1260/1717/1758 1278/1758/1801 1279/1757/1800 1253/1724/1771
f 1256/1738/1782 1275/1752/1795 1283/1766/1807 1263/1739/1783
f 1254/1716/1757 1281/1737/1781 1278/1758/1801 1260/1717/1758
f 1269/1714/1754 1299/1767/1808 1332/1768/1809 1329/1715/1755
f 1253/1724/1771 1279/1757/1800 1287/1742/1786 1271/1745/1789
f 1252/1718/1761 1274/1760/1803 1277/1759/1802 1258/1719/1762
f 1251/1725/1773 1276/1756/1799 1273/1755/1798 1259/1721/1767
f 1258/1719/1762 1277/1759/1802 1282/1736/1780 1257/1720/1764
f 1298/1769/1810 1316/1770/1811 1310/1771/1812 1292/1772/1813
f 1295/1773/1814 1313/1774/1815 1311/1775/1816 1293/1776/1817
f 1291/1733/1779 1309/1777/1818 1334/1778/745 1333/1734/704
f 1306/1779/1819 1324/1780/1820 1330/1781/1821 1328/1782/1822
f 1299/1767/1808 1317/1783/1823 1327/1784/1824 1332/1768/1809
f 1294/1746/1790 1312/1785/1825 1314/1786/1826 1296/1747/1791
f 1270/1753/1796 1300/1787/1827 1302/1788/1828 1272/1754/1797
f 1263/1739/1783 1295/1773/1814 1293/1776/1817 1261/1726/1775
f 1265/1722/1769 1297/1789/1829 1336/1790/1830 1338/1723/1770
f 1271/1745/1789 1301/1744/1788 1299/1767/1808 1269/1714/1754
f 1268/1749/699 1292/1772/1813 1291/1733/1779 1286/1732/700
f 1272/1754/1797 1302/1788/1828 1306/1779/1819 1288/1762/1804
f 1284/1751/1794 1304/1750/1793 1343/1791/1831 1325/1761/703
f 1266/1748/1792 1298/1769/1810 1292/1772/1813 1268/1749/699
f 1288/1762/1804 1306/1779/1819 1328/1782/1822 1326/1763/703
f 1261/1726/1775 1293/1776/1817 1342/1792/1832 1341/1727/1776
f 1283/1766/1807 1303/1793/1833 1295/1773/1814 1263/1739/1783
f 1267/1731/718 1290/1765/1806 1297/1789/1829 1265/1722/1769
f 1311/1775/1816 1313/1774/1815 1340/1794/1834 1344/1795/1835
f 1315/1796/1836 1308/1797/1837 1335/1798/1838 1337/1799/1839
f 1308/1797/1837 1307/1800/1840 1334/1778/745 1335/1798/1838
f 1317/1783/1823 1319/1801/1841 1331/1802/1842 1327/1784/1824
f 1313/1774/1815 1321/1803/1843 1345/1804/1844 1340/1794/1834
f 1319/1801/1841 1323/1805/1845 1330/1781/1821 1331/1802/1842
f 1304/1750/1793 1322/1806/1846 1345/1804/1844 1343/1791/1831
f 1305/1743/1787 1323/1805/1845 1319/1801/1841 1301/1744/1788
f 1302/1788/1828 1320/1807/1847 1324/1780/1820 1306/1779/1819
f 1293/1776/1817 1311/1775/1816 1344/1795/1835 1342/1792/1832
f 1290/1765/1806 1308/1797/1837 1315/1796/1836 1297/1789/1829
f 1300/1787/1827 1318/1808/1848 1320/1807/1847 1302/1788/1828
f 1303/1793/1833 1321/1803/1843 1313/1774/1815 1295/1773/1814
f 1292/1772/1813 1310/1771/1812 1309/1777/1818 1291/1733/1779
f 1297/1789/1829 1315/1796/1836 1337/1799/1839 1336/1790/1830
f 1301/1744/1788 1319/1801/1841 1317/1783/1823 1299/1767/1808
f 1296/1747/1791 1314/1786/1826 1322/1806/1846 1304/1750/1793
f 1289/1764/1805 1307/1800/1840 1308/1797/1837 1290/1765/1806
f 1325/1761/703 1275/1752/1795 1276/1756/1799
f 1275/1752/1795 1325/1761/703 1283/1766/1807
f 1326/1763/703 1279/1757/1800 1280/1729/1778
f 1279/1757/1800 1326/1763/703 1287/1742/1786
f 1329/1715/1755 1270/1753/1796 1245/431/1768
f 1245/431/1768 1243/430/1753 1329/1715/1755
f 1328/1782/1822 1305/1743/1787 1287/1742/1786 1326/1763/703
f 1330/1781/1821 1323/1805/1845 1305/1743/1787 1328/1782/1822
f 1330/1781/1821 1324/1780/1820 1320/1807/1847 1331/1802/1842
f 1332/1768/1809 1300/1787/1827 1270/1753/1796 1329/1715/1755
f 1331/1802/1842 1320/1807/1847 1318/1808/1848 1327/1784/1824
f 1327/1784/1824 1318/1808/1848 1300/1787/1827 1332/1768/1809
f 1334/1778/745 1307/1800/1840 1289/1764/1805 1333/1734/704
f 1336/1790/1830 1298/1769/1810 1266/1748/1792 1338/1723/1770
f 1335/1798/1838 1310/1771/1812 1316/1770/1811 1337/1799/1839
f 1338/1723/1770 1266/1748/1792 1246/436/1774
f 1246/436/1774 1245/431/1768 1338/1723/1770
f 1339/1735/703 1280/1729/1778 1275/1752/1795
f 1280/1729/1778 1339/1735/703 1285/1730/702
f 1333/1734/704 1289/1764/1805 1285/1730/702 1339/1735/703
f 1334/1778/745 1309/1777/1818 1310/1771/1812 1335/1798/1838
f 1337/1799/1839 1316/1770/1811 1298/1769/1810 1336/1790/1830
f 1345/1804/1844 1322/1806/1846 1314/1786/1826 1340/1794/1834
f 1341/1727/1776 1262/1740/1784 1241/434/1772
f 1241/434/1772 1246/436/1774 1341/1727/1776
f 1343/1791/1831 1303/1793/1833 1283/1766/1807 1325/1761/703
f 1342/1792/1832 1294/1746/1790 1262/1740/1784 1341/1727/1776
f 1340/1794/1834 1314/1786/1826 1312/1785/1825 1344/1795/1835
f 1345/1804/1844 1321/1803/1843 1303/1793/1833 1343/1791/1831
f 1344/1795/1835 1312/1785/1825 1294/1746/1790 1342/1792/1832
f 2353/1640/1652 1149/1639/1651 1362/1644/1656 2356/1643/1655
f 1413/481/1682 1162/1666/1681 1365/1809/1849 1421/490/1850
f 2354/1642/1654 1148/1641/1653 1364/1638/1650 2357/1637/1649
f 1357/1810/1851 1394/1811/1852 1395/1812/1853 1146/1813/1854
f 1148/1641/1653 1366/1814/1855 1372/1815/1856 1364/1638/1650
f 1364/1638/1650 1372/1815/1856 1367/1816/1857 1149/1639/1651
f 1150/1628/1636 1368/1817/1858 1370/1818/1859 1358/1629/1637
f 1358/1629/1637 1370/1818/1859 1366/1814/1855 1148/1641/1653
f 1362/1644/1656 1371/1819/1860 1369/1820/1861 1151/1645/1657
f 1149/1639/1651 1367/1816/1857 1371/1819/1860 1362/1644/1656
f 1376/1634/1644 1378/1821/1862 1368/1817/1858 1150/1628/1636
f 1151/1645/1657 1369/1820/1861 1378/1821/1862 1376/1634/1644
f 1411/473/1863 1161/1822/1864 1377/1667/1684 1420/468/1683
f 2352/1646/1658 1151/1645/1657 1376/1634/1644 2358/1633/1643
f 1471/1823/1865 1142/1824/1866 1373/1825/1867 1472/1826/1868
f 1472/1826/1868 1373/1825/1867 1467/1827/1869 1473/1828/1870
f 2367/1626/1634 1397/1625/1633 1402/1829/1871 2368/1830/1872
f 1348/439/1873 1378/1821/1862 1355/454/1874
f 1378/1821/1862 1369/1820/1861 1355/454/1874
f 1355/454/1874 1369/1820/1861 1349/451/1875
f 1349/451/1875 1369/1820/1861 1351/441/1876
f 1371/1819/1860 1351/441/1876 1369/1820/1861
f 1351/441/1876 1371/1819/1860 1354/442/1877
f 1354/442/1877 1371/1819/1860 1350/443/1878
f 1371/1819/1860 1367/1816/1857 1350/443/1878
f 1350/443/1878 1367/1816/1857 1347/452/1879
f 1347/452/1879 1367/1816/1857 1372/1815/1856 1356/449/1880
f 1356/449/1880 1372/1815/1856 1366/1814/1855 1346/445/1881
f 1352/446/1882 1346/445/1881 1366/1814/1855
f 1366/1814/1855 1370/1818/1859 1352/446/1882
f 1353/438/1883 1352/446/1882 1370/1818/1859
f 1370/1818/1859 1368/1817/1858 1353/438/1883
f 1348/439/1873 1353/438/1883 1368/1817/1858
f 1378/1821/1862 1348/439/1873 1368/1817/1858
f 1196/1702/1733 1386/1684/1708 1388/1685/1709 1220/1700/1730
f 1195/1703/1737 1385/1680/1704 1387/1687/1711 1214/1699/1728
f 1201/1696/1722 1383/1692/1716 1384/1681/1705 1202/1697/1723
f 1197/1698/1726 1379/1690/1714 1383/1692/1716 1201/1696/1722
f 1214/1699/1728 1387/1687/1711 1379/1690/1714 1197/1698/1726
f 1220/1700/1730 1388/1685/1709 1380/1654/1669 1198/1701/1731
f 1202/1697/1723 1384/1681/1705 1386/1684/1708 1196/1702/1733
f 1200/415/1736 1382/460/1701 1385/1680/1704 1195/1703/1737
f 1198/1701/1731 1380/1654/1669 1381/456/1668 1199/410/1739
f 1391/458/1667 1390/1653/1666 1389/1831/1884 1392/459/1885
f 1382/460/1701 1392/459/1885 1389/1831/1884 1183/1678/1702
f 1183/1678/1702 1389/1831/1884 1390/1653/1666 1184/1652/1665
f 1360/1832/1886 1398/1833/1887 1399/1834/1888 1408/1835/1889
f 1363/1836/1890 1405/1837/1891 1400/1838/1892 1144/1839/1893
f 2368/1830/1872 1402/1829/1871 1401/1620/1628 2372/1619/1627
f 1375/1840/1894 1396/1841/1895 1398/1833/1887 1147/1842/1896
f 1144/1839/1893 1400/1838/1892 1394/1811/1852 1357/1810/1851
f 2369/1843/1897 1399/1834/1888 1404/1624/1632 2370/1623/1631
f 1146/1813/1854 1395/1812/1853 1396/1841/1895 1375/1840/1894
f 1398/1833/1887 1360/1832/1886 1361/1844/1898 1147/1842/1896
f 1406/1845/1899 1145/1846/1900 1361/1844/1898 1360/1832/1886
f 1145/1846/1900 1406/1845/1899 1405/1837/1891 1363/1836/1890
f 2373/1847/1901 1410/1848/1902 1409/1849/1903 2374/1850/1904
f 2369/1843/1897 1161/1822/1864 1410/1848/1902 2373/1847/1901
f 2371/1622/1630 1403/1621/1629 1407/1851/1905 2374/1850/1904
f 1421/490/1850 1365/1809/1849 1409/1849/1903 1425/486/1906
f 1161/1822/1864 1411/473/1863 1424/476/1907 1410/1848/1902
f 1410/1848/1902 1424/476/1907 1425/486/1906 1409/1849/1903
f 1473/1828/1870 1467/1827/1869 1374/1852/1908 1474/1853/1909
f 1438/491/1910 1437/489/1911 1441/485/1912 1442/462/1913
f 1428/470/1914 1427/474/1915 1436/467/1916 1435/471/1917
f 1430/479/1918 1429/482/1919 1437/489/1911 1438/491/1910
f 1435/471/1917 1436/467/1916 1432/466/1920 1431/487/1921
f 1433/478/1922 1434/483/1923 1429/482/1919 1430/479/1918
f 1431/487/1921 1432/466/1920 1434/483/1923 1433/478/1922
f 1406/1845/1899 1360/1832/1886 1408/1835/1889 1407/1851/1905
f 1405/1837/1891 1406/1845/1899 1407/1851/1905 1403/1621/1629
f 1400/1838/1892 1405/1837/1891 1403/1621/1629 1401/1620/1628
f 1394/1811/1852 1400/1838/1892 1401/1620/1628 1402/1829/1871
f 1395/1812/1853 1394/1811/1852 1402/1829/1871 1397/1625/1633
f 1396/1841/1895 1395/1812/1853 1397/1625/1633 1404/1624/1632
f 1398/1833/1887 1396/1841/1895 1404/1624/1632 1399/1834/1888
f 1428/470/1914 1443/1854/1924 1427/474/1915
f 1439/463/1925 1445/1855/1926 1443/1854/1924 1428/470/1914
f 1445/1855/1926 1448/1856/1927 1449/1857/1928 1443/1854/1924
f 1447/1858/1929 1450/1859/1930 1448/1856/1927 1445/1855/1926
f 1440/475/1931 1446/1860/1932 1447/1858/1929 1441/485/1912
f 1442/462/1913 1447/1858/1929 1445/1855/1926 1439/463/1925
f 1441/485/1912 1447/1858/1929 1442/462/1913
f 1427/474/1915 1443/1854/1924 1446/1860/1932 1440/475/1931
f 1450/1859/1930 1451/503/1933 1453/493/1934 1448/1856/1927
f 1444/1861/1935 1452/498/1936 1451/503/1933 1450/1859/1930
f 1446/1860/1932 1444/1861/1935 1450/1859/1930 1447/1858/1929
f 1443/1854/1924 1449/1857/1928 1444/1861/1935 1446/1860/1932
f 1448/1856/1927 1453/493/1934 1454/496/1937 1449/1857/1928
f 1449/1857/1928 1454/496/1937 1452/498/1936 1444/1861/1935
f 1466/505/1938 1465/504/1939 1464/506/1940
f 1464/506/1940 1465/504/1939 1463/508/1941
f 1475/1862/1942 1470/1863/1943 1468/1864/1944 1476/1865/1945
f 1477/1866/1946 1143/1867/1947 1142/1824/1866 1471/1823/1865
f 1476/1865/1945 1468/1864/1944 1143/1867/1947 1477/1866/1946
f 1474/1853/1909 1374/1852/1908 1469/1868/1948 1478/1869/1949
f 1478/1869/1949 1469/1868/1948 1470/1863/1943 1475/1862/1942
f 1423/464/1950 1478/1869/1949 1475/1862/1942 1426/461/1951
f 1412/469/1952 1474/1853/1909 1478/1869/1949 1423/464/1950
f 1422/492/1953 1476/1865/1945 1477/1866/1946 1414/480/1954
f 1414/480/1954 1477/1866/1946 1471/1823/1865 1417/477/1955
f 1426/461/1951 1475/1862/1942 1476/1865/1945 1422/492/1953
f 1419/472/1956 1473/1828/1870 1474/1853/1909 1412/469/1952
f 1415/488/1957 1472/1826/1868 1473/1828/1870 1419/472/1956
f 1417/477/1955 1471/1823/1865 1472/1826/1868 1415/488/1957
f 1482/1037/886 1137/782/544 1479/1618/1626 1483/1870/1958
f 1493/1871/1959 1492/1040/891 1486/105/890 1487/510/1960
f 1484/1617/1625 1489/1872/1961 1488/516/1962 1479/1618/1626
f 1493/1871/1959 1494/1616/1622 1489/1872/1961 1484/1617/1625
f 1487/510/1960 1491/512/1963 1494/1616/1622 1493/1871/1959
f 1484/1617/1625 1485/785/547 1492/1040/891 1493/1871/1959
f 1490/511/1964 1502/527/1623 1491/512/1963
f 1374/1852/1908 1479/1618/1626 1488/516/1962
f 1469/1868/1948 1488/516/1962 1496/528/1965
f 1134/539/1966 1500/532/1967 1142/1824/1866 1143/1867/1947
f 1479/1618/1626 1374/1852/1908 1467/1827/1869 1483/1870/1958
f 1467/1827/1869 1373/1825/1867 1480/1873/1968 1483/1870/1958
f 1374/1852/1908 1488/516/1962 1469/1868/1948
f 1468/1864/1944 1470/1863/1943 1135/531/1969 1497/536/1970
f 1497/536/1970 1134/539/1966 1143/1867/1947 1468/1864/1944
f 1470/1863/1943 1469/1868/1948 1496/528/1965 1135/531/1969
f 1480/1873/1968 1373/1825/1867 1142/1824/1866 1500/532/1967
f 1138/1874/1971 1504/1875/1972 1506/522/1973 1499/525/1974
f 1489/1872/1961 1501/513/1624 1488/516/1962
f 1491/512/1963 1502/527/1623 1494/1616/1622
f 2344/1876/1975 2196/1877/1976 2197/1878/1977 2348/1879/1978
f 2350/1049/910 2199/1052/913 2198/1880/1979 2346/1881/1980
f 1499/525/1974 1517/557/1981 1508/779/1982 1138/1874/1971
f 1495/520/1983 1515/546/1984 1511/549/1985 1140/517/1986
f 1498/540/1987 1516/550/1988 1512/553/1989 1141/542/1990
f 1140/517/1986 1511/549/1985 1516/550/1988 1498/540/1987
f 1490/511/1964 1514/555/1991 1515/546/1984 1495/520/1983
f 1490/511/1964 1481/509/1992 1513/545/1993 1514/555/1991
f 1141/542/1990 1512/553/1989 1517/557/1981 1499/525/1974
f 1139/104/927 1509/140/928 1513/545/1993 1481/509/1992
f 1501/513/1624 1489/1872/1961 1494/1616/1622
f 1524/554/1994 1534/1882/1995 1535/1883/1996 1525/547/1997
f 1522/552/1998 1532/1884/1999 1537/1885/2000 1527/556/2001
f 1519/143/937 1529/1058/940 1533/1886/2002 1523/544/2003
f 1525/547/1997 1535/1883/1996 1531/1887/2004 1521/548/2005
f 1526/551/2006 1536/1888/2007 1532/1884/1999 1522/552/1998
f 1521/548/2005 1531/1887/2004 1536/1888/2007 1526/551/2006
f 1523/544/2003 1533/1886/2002 1534/1882/1995 1524/554/1994
f 1529/1058/940 1539/160/946 1543/561/2008 1533/1886/2002
f 1535/1883/1996 1545/1889/2009 1541/1890/2010 1531/1887/2004
f 1537/1885/2000 1547/1891/2011 1538/1892/2012 1528/1893/2013
f 1536/1888/2007 1546/1894/2014 1542/1895/2015 1532/1884/1999
f 1531/1887/2004 1541/1890/2010 1546/1894/2014 1536/1888/2007
f 1533/1886/2002 1543/561/2008 1544/1896/2016 1534/1882/1995
f 1534/1882/1995 1544/1896/2016 1545/1889/2009 1535/1883/1996
f 1532/1884/1999 1542/1895/2015 1547/1891/2011 1537/1885/2000
f 1545/1889/2009 1555/1897/2017 1551/1898/2018 1541/1890/2010
f 2189/1899/2019 1548/1900/2020 1550/774/2021 2186/775/2022
f 1546/1894/2014 1556/1901/2023 1552/601/2024 1542/1895/2015
f 1541/1890/2010 1551/1898/2018 1556/1901/2023 1546/1894/2014
f 1543/561/2008 1553/562/2025 1554/1902/2026 1544/1896/2016
f 1544/1896/2016 1554/1902/2026 1555/1897/2017 1545/1889/2009
f 1542/1895/2015 1552/601/2024 2191/1903/2027 1547/1891/2011
f 1553/562/2025 1559/618/2028 1554/1902/2026
f 1553/562/2025 1561/558/2029 1562/713/2030 1559/618/2028
f 1562/713/2030 1573/769/2031 1578/1904/2032 1559/618/2028
f 1573/769/2031 1583/757/2033 1584/1905/2034 1578/1904/2032
f 1583/757/2033 1585/760/2035 1586/1906/2036 1584/1905/2034
f 1585/760/2035 1587/767/2037 1588/1907/2038 1586/1906/2036
f 1557/1908/2039 1552/601/2024 1588/1907/2038
f 1599/583/2040 1594/1909/2041 1591/1910/2042 1600/1911/2043
f 1601/1912/2044 1592/1913/2045 1589/1914/2046 1602/1915/2047
f 1603/597/2048 1596/1916/2049 1595/1917/2050 1604/596/2051
f 1605/573/2052 1597/1918/2053 1596/1916/2049 1603/597/2048
f 1606/1919/2054 1593/1920/2055 1590/1921/2056 1607/578/2057
f 1607/578/2057 1590/1921/2056 1598/1922/2058 1608/576/2059
f 1602/1915/2047 1589/1914/2046 1593/1920/2055 1606/1919/2054
f 1608/576/2059 1598/1922/2058 1597/1918/2053 1605/573/2052
f 1600/1911/2043 1591/1910/2042 1592/1913/2045 1601/1912/2044
f 1604/596/2051 1595/1917/2050 1594/1909/2041 1599/583/2040
f 1584/1905/2034 1611/604/2060 1610/606/2061 1578/1904/2032
f 1628/635/2062 1600/1911/2043 1601/1912/2044 1623/633/2063
f 1630/627/2064 1602/1915/2047 1606/1919/2054 1625/617/2065
f 1625/617/2065 1606/1919/2054 1607/578/2057 1632/603/2066
f 1578/1904/2032 1610/606/2061 1609/619/2067 1559/618/2028
f 1623/633/2063 1601/1912/2044 1602/1915/2047 1630/627/2064
f 1621/579/2068 1599/583/2040 1600/1911/2043 1628/635/2062
f 1552/601/2024 1618/600/2069 1613/609/2070 1588/1907/2038
f 1586/1906/2036 1612/607/2071 1611/604/2060 1584/1905/2034
f 1588/1907/2038 1613/609/2070 1612/607/2071 1586/1906/2036
f 1618/600/2069 1664/641/2072 1665/638/2073 1613/609/2070
f 1614/582/2074 1693/669/2075 1692/665/2076 1617/595/2077
f 1559/618/2028 1622/611/2078 1627/614/2079 1554/1902/2026
f 1555/1897/2017 1624/622/2080 1629/625/2081 1551/1898/2018
f 1556/1901/2023 1626/634/2082 1631/598/2083 1552/601/2024
f 1551/1898/2018 1629/625/2081 1626/634/2082 1556/1901/2023
f 1554/1902/2026 1627/614/2079 1624/622/2080 1555/1897/2017
f 1610/606/2061 1689/610/2084 1688/671/2085 1609/619/2067
f 1560/157/1024 1740/320/1025 1562/713/2030 1561/558/2029
f 1589/1914/2046 1741/1923/2086 1745/1924/2087 1593/1920/2055
f 1595/1917/2050 1747/1925/2088 1746/1926/2089 1594/1909/2041
f 1593/1920/2055 1745/1924/2087 1742/1927/2090 1590/1921/2056
f 1598/1922/2058 1750/1928/2091 1749/1929/2092 1597/1918/2053
f 1591/1910/2042 1743/1930/2093 1744/1931/2094 1592/1913/2045
f 1596/1916/2049 1748/1932/2095 1747/1925/2088 1595/1917/2050
f 1590/1921/2056 1742/1927/2090 1750/1928/2091 1598/1922/2058
f 1594/1909/2041 1746/1926/2089 1743/1930/2093 1591/1910/2042
f 1592/1913/2045 1744/1931/2094 1741/1923/2086 1589/1914/2046
f 1597/1918/2053 1749/1929/2092 1748/1932/2095 1596/1916/2049
f 1742/1927/2090 1752/1933/2096 1760/1934/2097 1750/1928/2091
f 1744/1931/2094 1754/1935/2098 1751/1936/2099 1741/1923/2086
f 1749/1929/2092 1759/1937/2100 1758/1938/2101 1748/1932/2095
f 1741/1923/2086 1751/1936/2099 1755/1939/2102 1745/1924/2087
f 1747/1925/2088 1757/1940/2103 1756/1941/2104 1746/1926/2089
f 1745/1924/2087 1755/1939/2102 1752/1933/2096 1742/1927/2090
f 1750/1928/2091 1760/1934/2097 1759/1937/2100 1749/1929/2092
f 1743/1930/2093 1753/1942/2105 1754/1935/2098 1744/1931/2094
f 1748/1932/2095 1758/1938/2101 1757/1940/2103 1747/1925/2088
f 1746/1926/2089 1756/1941/2104 1753/1942/2105 1743/1930/2093
f 1756/1941/2104 1776/717/2106 1773/720/2107 1753/1942/2105
f 1991/749/2108 1764/1943/2109 1763/1944/2110 1995/754/2111
f 1757/1940/2103 1777/735/2112 1776/717/2106 1756/1941/2104
f 1993/739/2113 1768/1945/2114 1762/1946/2115 1998/742/2116
f 1758/1938/2101 1778/732/2117 1777/735/2112 1757/1940/2103
f 1751/1936/2099 1771/728/2118 1775/734/2119 1755/1939/2102
f 1990/751/2120 1766/1947/2121 1765/1948/2122 1994/756/2123
f 1994/756/2123 1765/1948/2122 1767/1949/2124 1996/748/2125
f 1759/1937/2100 1779/729/2126 1778/732/2117 1758/1938/2101
f 1753/1942/2105 1773/720/2107 1774/725/2127 1754/1935/2098
f 1995/754/2111 1763/1944/2110 1769/1950/2128 1997/746/2129
f 1992/743/2130 1761/1951/2131 1766/1947/2121 1990/751/2120
f 1754/1935/2098 1774/725/2127 1771/728/2118 1751/1936/2099
f 1996/748/2125 1767/1949/2124 1764/1943/2109 1991/749/2108
f 1760/1934/2097 1780/724/2132 1779/729/2126 1759/1937/2100
f 1997/746/2129 1769/1950/2128 1770/1952/2133 1999/738/2134
f 1755/1939/2102 1775/734/2119 1772/721/2135 1752/1933/2096
f 1998/742/2116 1762/1946/2115 1761/1951/2131 1992/743/2130
f 1752/1933/2096 1772/721/2135 1780/724/2132 1760/1934/2097
f 1999/738/2134 1770/1952/2133 1768/1945/2114 1993/739/2113
f 1803/1953/2136 1798/1954/2137 1792/1955/2138 1809/1956/2139
f 1807/1957/2140 1794/1958/2141 1797/1959/2142 1804/1960/2143
f 1805/1961/2144 1796/1962/2145 1794/1958/2141 1807/1957/2140
f 1804/1960/2143 1797/1959/2142 1798/1954/2137 1803/1953/2136
f 1801/1963/2146 1815/1964/2147 1814/1965/2148 1806/1966/2149
f 1808/1967/2150 1793/1968/2151 1799/1969/2152 1802/1970/2153
f 1810/1971/2154 1791/1972/2155 1793/1968/2151 1808/1967/2150
f 1806/1966/2149 1814/1965/2148 1811/1973/2156 1805/1961/2144
f 1809/1956/2139 1792/1955/2138 1791/1972/2155 1810/1971/2154
f 1802/1970/2153 1799/1969/2152 1800/1974/2157 1801/1963/2146
f 1785/733/2158 1810/1971/2154 1808/1967/2150 1782/722/2159
f 1787/736/2160 1805/1961/2144 1807/1957/2140 1786/718/2161
f 1781/727/2162 1809/1956/2139 1810/1971/2154 1785/733/2158
f 1789/730/2163 1801/1963/2146 1806/1966/2149 1788/731/2164
f 1784/726/2165 1803/1953/2136 1809/1956/2139 1781/727/2162
f 1782/722/2159 1808/1967/2150 1802/1970/2153 1790/723/2166
f 1786/718/2161 1807/1957/2140 1804/1960/2143 1783/719/2167
f 1788/731/2164 1806/1966/2149 1805/1961/2144 1787/736/2160
f 1783/719/2167 1804/1960/2143 1803/1953/2136 1784/726/2165
f 1790/723/2166 1802/1970/2153 1801/1963/2146 1789/730/2163
f 1814/1965/2148 1820/1975/2168 1817/1976/2169 1811/1973/2156
f 1815/1964/2147 1821/1977/2170 1820/1975/2168 1814/1965/2148
f 1796/1962/2145 1812/1978/2171 1813/1979/2172 1795/1980/2173
f 1795/1980/2173 1813/1979/2172 1816/1981/2174 1800/1974/2157
f 1800/1974/2157 1816/1981/2174 1815/1964/2147 1801/1963/2146
f 1805/1961/2144 1811/1973/2156 1812/1978/2171 1796/1962/2145
f 1820/1975/2168 1826/1982/2175 1823/1983/2176 1817/1976/2169
f 1821/1977/2170 1827/1984/2177 1826/1982/2175 1820/1975/2168
f 1816/1981/2174 1822/1985/2178 1821/1977/2170 1815/1964/2147
f 1812/1978/2171 1818/1986/2179 1819/1987/2180 1813/1979/2172
f 1813/1979/2172 1819/1987/2180 1822/1985/2178 1816/1981/2174
f 1811/1973/2156 1817/1976/2169 1818/1986/2179 1812/1978/2171
f 1826/1982/2175 1832/1988/2181 1829/1989/2182 1823/1983/2176
f 1827/1984/2177 1833/1990/2183 1832/1988/2181 1826/1982/2175
f 1822/1985/2178 1828/1991/2184 1827/1984/2177 1821/1977/2170
f 1818/1986/2179 1824/1992/2185 1825/1993/2186 1819/1987/2180
f 1817/1976/2169 1823/1983/2176 1824/1992/2185 1818/1986/2179
f 1819/1987/2180 1825/1993/2186 1828/1991/2184 1822/1985/2178
f 1834/1994/2187 1840/1995/2188 1839/1996/2189 1833/1990/2183
f 1832/1988/2181 1838/1997/2190 1835/1998/2191 1829/1989/2182
f 1828/1991/2184 1834/1994/2187 1833/1990/2183 1827/1984/2177
f 1824/1992/2185 1830/1999/2192 1831/2000/2193 1825/1993/2186
f 1825/1993/2186 1831/2000/2193 1834/1994/2187 1828/1991/2184
f 1823/1983/2176 1829/1989/2182 1830/1999/2192 1824/1992/2185
f 1840/1995/2188 1846/2001/2194 1845/2002/2195 1839/1996/2189
f 1838/1997/2190 1844/2003/2196 1841/2004/2197 1835/1998/2191
f 1830/1999/2192 1836/2005/2198 1837/2006/2199 1831/2000/2193
f 1831/2000/2193 1837/2006/2199 1840/1995/2188 1834/1994/2187
f 1829/1989/2182 1835/1998/2191 1836/2005/2198 1830/1999/2192
f 1833/1990/2183 1839/1996/2189 1838/1997/2190 1832/1988/2181
f 1846/2001/2194 1852/2007/2200 1851/2008/2201 1845/2002/2195
f 1844/2003/2196 1850/2009/2202 1847/2010/2203 1841/2004/2197
f 1836/2005/2198 1842/2011/2204 1843/2012/2205 1837/2006/2199
f 1837/2006/2199 1843/2012/2205 1846/2001/2194 1840/1995/2188
f 1835/1998/2191 1841/2004/2197 1842/2011/2204 1836/2005/2198
f 1839/1996/2189 1845/2002/2195 1844/2003/2196 1838/1997/2190
f 1851/2008/2201 1852/2007/2200 1849/2013/2206 1850/2009/2202
f 1850/2009/2202 1849/2013/2206 1848/2014/2207 1847/2010/2203
f 1842/2011/2204 1848/2014/2207 1849/2013/2206 1843/2012/2205
f 1843/2012/2205 1849/2013/2206 1852/2007/2200 1846/2001/2194
f 1841/2004/2197 1847/2010/2203 1848/2014/2207 1842/2011/2204
f 1845/2002/2195 1851/2008/2201 1850/2009/2202 1844/2003/2196
f 1769/1950/2128 1861/2015/2208 1882/2016/2209
f 1768/1945/2114 1860/2017/2210 1854/2018/2211 1762/1946/2115
f 1762/1946/2115 1854/2018/2211 1853/2019/2212 1761/1951/2131
f 1761/1951/2131 1853/2019/2212 1858/2020/2213 1766/1947/2121
f 1763/1944/2110 1855/2021/2214 1861/2015/2208 1769/1950/2128
f 1766/1947/2121 1858/2020/2213 1857/2022/2215 1765/1948/2122
f 1765/1948/2122 1857/2022/2215 1859/2023/2216 1767/1949/2124
f 1767/1949/2124 1859/2023/2216 1856/2024/2217 1764/1943/2109
f 1764/1943/2109 1856/2024/2217 1855/2021/2214 1763/1944/2110
f 1770/1952/2133 1862/2025/2218 1860/2017/2210 1768/1945/2114
f 1873/2026/2219 1872/2027/2220 1870/2028/2221 1874/2029/2222
f 1874/2029/2222 1870/2028/2221 1864/2030/2223 1875/2031/2224
f 1876/2032/2225 1863/2033/2226 1868/2034/2227 1877/2035/2228
f 1866/2036/2229 1888/2037/2230 1889/2038/2231 1869/2039/2232
f 1879/2040/2233 1867/2041/2234 1869/2039/2232 1880/2042/2235
f 1859/2023/2216 1886/2043/2236 1885/2044/2237 1856/2024/2217
f 1878/2045/2238 1865/2046/2239 1871/2047/2240 1881/2048/2241
f 1875/2031/2224 1864/2030/2223 1863/2033/2226 1876/2032/2225
f 1881/2048/2241 1871/2047/2240 1883/2049/2242 1884/2050/2243
f 1877/2035/2228 1868/2034/2227 1867/2041/2234 1879/2040/2233
f 1858/2020/2213 1877/2035/2228 1879/2040/2233 1857/2022/2215
f 1861/2015/2208 1881/2048/2241 1884/2050/2243 1882/2016/2209
f 1854/2018/2211 1875/2031/2224 1876/2032/2225 1853/2019/2212
f 1855/2021/2214 1878/2045/2238 1881/2048/2241 1861/2015/2208
f 1869/2039/2232 1889/2038/2231 1893/2051/2244 1880/2042/2235
f 1857/2022/2215 1879/2040/2233 1880/2042/2235 1859/2023/2216
f 1855/2021/2214 1887/2052/2245 1892/2053/2246 1878/2045/2238
f 1853/2019/2212 1876/2032/2225 1877/2035/2228 1858/2020/2213
f 1860/2017/2210 1874/2029/2222 1875/2031/2224 1854/2018/2211
f 1862/2025/2218 1873/2026/2219 1874/2029/2222 1860/2017/2210
f 1882/2016/2209 1770/1952/2133 1769/1950/2128
f 1770/1952/2133 1882/2016/2209 1862/2025/2218
f 1884/2050/2243 1873/2026/2219 1862/2025/2218 1882/2016/2209
f 1883/2049/2242 1872/2027/2220 1873/2026/2219 1884/2050/2243
f 1892/2053/2246 1901/2054/2247 1899/2055/2248 1890/2056/2249
f 1893/2051/2244 1902/2057/2250 1895/2058/2251 1886/2043/2236
f 1886/2043/2236 1895/2058/2251 1894/2059/2252 1885/2044/2237
f 1887/2052/2245 1896/2060/2253 1901/2054/2247 1892/2053/2246
f 1880/2042/2235 1893/2051/2244 1886/2043/2236 1859/2023/2216
f 1878/2045/2238 1892/2053/2246 1890/2056/2249 1865/2046/2239
f 1856/2024/2217 1885/2044/2237 1887/2052/2245 1855/2021/2214
f 1865/2046/2239 1890/2056/2249 1888/2037/2230 1866/2036/2229
f 1901/2054/2247 1908/2061/2254 1907/2062/2255 1899/2055/2248
f 1902/2057/2250 1909/2063/2256 1903/2064/2257 1895/2058/2251
f 1895/2058/2251 1903/2064/2257 1891/2065/2258 1894/2059/2252
f 1896/2060/2253 1904/2066/2259 1908/2061/2254 1901/2054/2247
f 1885/2044/2237 1894/2059/2252 1896/2060/2253 1887/2052/2245
f 1889/2038/2231 1898/2067/2260 1902/2057/2250 1893/2051/2244
f 1888/2037/2230 1897/2068/2261 1898/2067/2260 1889/2038/2231
f 1890/2056/2249 1899/2055/2248 1897/2068/2261 1888/2037/2230
f 1908/2061/2254 1915/2069/2262 1914/2070/2263 1907/2062/2255
f 1909/2063/2256 1916/2071/2264 1910/2072/2265 1903/2064/2257
f 1903/2064/2257 1910/2072/2265 1900/2073/2266 1891/2065/2258
f 1904/2066/2259 1911/2074/2267 1915/2069/2262 1908/2061/2254
f 1894/2059/2252 1891/2065/2258 1904/2066/2259 1896/2060/2253
f 1898/2067/2260 1906/2075/2268 1909/2063/2256 1902/2057/2250
f 1897/2068/2261 1905/2076/2269 1906/2075/2268 1898/2067/2260
f 1899/2055/2248 1907/2062/2255 1905/2076/2269 1897/2068/2261
f 1915/2069/2262 1924/2077/2270 1922/2078/2271 1914/2070/2263
f 1916/2071/2264 1925/2079/2272 1918/2080/2273 1910/2072/2265
f 1910/2072/2265 1918/2080/2273 1917/2081/2274 1900/2073/2266
f 1911/2074/2267 1919/2082/2275 1924/2077/2270 1915/2069/2262
f 1891/2065/2258 1900/2073/2266 1911/2074/2267 1904/2066/2259
f 1906/2075/2268 1913/2083/2276 1916/2071/2264 1909/2063/2256
f 1905/2076/2269 1912/2084/2277 1913/2083/2276 1906/2075/2268
f 1907/2062/2255 1914/2070/2263 1912/2084/2277 1905/2076/2269
f 1923/2085/2278 1920/2086/2279 1922/2078/2271 1924/2077/2270
f 1925/2079/2272 1921/2087/2280 1920/2086/2279 1923/2085/2278
f 1918/2080/2273 1925/2079/2272 1923/2085/2278 1917/2081/2274
f 1917/2081/2274 1923/2085/2278 1924/2077/2270 1919/2082/2275
f 1900/2073/2266 1917/2081/2274 1919/2082/2275 1911/2074/2267
f 1913/2083/2276 1921/2087/2280 1925/2079/2272 1916/2071/2264
f 1912/2084/2277 1920/2086/2279 1921/2087/2280 1913/2083/2276
f 1914/2070/2263 1922/2078/2271 1920/2086/2279 1912/2084/2277
f 1977/2088/2281 1943/2089/2282 1944/2090/2283 1976/2091/2284
f 1971/2092/2285 1929/2093/2286 1934/2094/2287 1970/2095/2288
f 1926/2096/2289 1871/2047/2240 1865/2046/2239 1866/2036/2229
f 1966/2097/2290 1936/2098/2291 1935/2099/2292 1965/2100/2293
f 1869/2039/2232 1867/2041/2234 1926/2096/2289 1866/2036/2229
f 1976/2091/2284 1944/2090/2283 1945/2101/2294 1975/2102/2295
f 1964/2103/2296 1937/2104/2297 1940/2105/2298 1963/2106/2299
f 1970/2095/2288 1934/2094/2287 1932/2107/2300 1969/2108/2301
f 1932/2107/2300 1949/2109/2302 1948/2110/2303 1931/2111/2304
f 1931/2111/2304 1948/2110/2303 1950/2112/2305 1933/2113/2306
f 1972/2114/2307 1930/2115/2308 1929/2093/2286 1971/2092/2285
f 1974/2116/2309 1931/2111/2304 1933/2113/2306 1973/2117/2310
f 1973/2117/2310 1933/2113/2306 1930/2115/2308 1972/2114/2307
f 1969/2108/2301 1932/2107/2300 1931/2111/2304 1974/2116/2309
f 1936/2098/2291 1953/2118/2311 1952/2119/2312 1935/2099/2292
f 1940/2105/2298 1957/2120/2313 1953/2118/2311 1936/2098/2291
f 1967/2121/2314 1938/2122/2315 1937/2104/2297 1964/2103/2296
f 1965/2100/2293 1935/2099/2292 1939/2123/2316 1968/2124/2317
f 1968/2124/2317 1939/2123/2316 1938/2122/2315 1967/2121/2314
f 1963/2106/2299 1940/2105/2298 1936/2098/2291 1966/2097/2290
f 1942/2125/2318 1959/2126/2319 1958/2127/2320 1941/2128/2321
f 1944/2090/2283 1961/2129/2322 1962/2130/2323 1945/2101/2294
f 1978/2131/2324 1941/2128/2321 1943/2089/2282 1977/2088/2281
f 1975/2102/2295 1945/2101/2294 1942/2125/2318 1979/2132/2325
f 1979/2132/2325 1942/2125/2318 1941/2128/2321 1978/2131/2324
f 1950/2112/2305 1948/2110/2303 1949/2109/2302 1951/2133/2326
f 1946/2134/2327 1947/2135/2328 1950/2112/2305 1951/2133/2326
f 1934/2094/2287 1951/2133/2326 1949/2109/2302 1932/2107/2300
f 1933/2113/2306 1950/2112/2305 1947/2135/2328 1930/2115/2308
f 1929/2093/2286 1946/2134/2327 1951/2133/2326 1934/2094/2287
f 1930/2115/2308 1947/2135/2328 1946/2134/2327 1929/2093/2286
f 1957/2120/2313 1954/2136/2329 1955/2137/2330 1956/2138/2331
f 1952/2119/2312 1953/2118/2311 1957/2120/2313 1956/2138/2331
f 1937/2104/2297 1954/2136/2329 1957/2120/2313 1940/2105/2298
f 1938/2122/2315 1955/2137/2330 1954/2136/2329 1937/2104/2297
f 1935/2099/2292 1952/2119/2312 1956/2138/2331 1939/2123/2316
f 1939/2123/2316 1956/2138/2331 1955/2137/2330 1938/2122/2315
f 1962/2130/2323 1958/2127/2320 1959/2126/2319
f 1958/2127/2320 1962/2130/2323 1961/2129/2322 1960/2139/2332
f 1945/2101/2294 1962/2130/2323 1959/2126/2319 1942/2125/2318
f 1941/2128/2321 1958/2127/2320 1960/2139/2332 1943/2089/2282
f 1943/2089/2282 1960/2139/2332 1961/2129/2322 1944/2090/2283
f 1928/2140/2333 1963/2106/2299 1966/2097/2290 1863/2033/2226
f 1927/2141/2334 1968/2124/2317 1967/2121/2314 1883/2049/2242
f 1868/2034/2227 1965/2100/2293 1968/2124/2317 1927/2141/2334
f 1883/2049/2242 1967/2121/2314 1964/2103/2296 1872/2027/2220
f 1872/2027/2220 1964/2103/2296 1963/2106/2299 1928/2140/2333
f 1863/2033/2226 1966/2097/2290 1965/2100/2293 1868/2034/2227
f 1868/2034/2227 1969/2108/2301 1974/2116/2309 1867/2041/2234
f 1926/2096/2289 1973/2117/2310 1972/2114/2307 1871/2047/2240
f 1867/2041/2234 1974/2116/2309 1973/2117/2310 1926/2096/2289
f 1871/2047/2240 1972/2114/2307 1971/2092/2285 1883/2049/2242
f 1927/2141/2334 1970/2095/2288 1969/2108/2301 1868/2034/2227
f 1883/2049/2242 1971/2092/2285 1970/2095/2288 1927/2141/2334
f 1872/2027/2220 1979/2132/2325 1978/2131/2324 1870/2028/2221
f 1928/2140/2333 1975/2102/2295 1979/2132/2325 1872/2027/2220
f 1870/2028/2221 1978/2131/2324 1977/2088/2281 1864/2030/2223
f 1863/2033/2226 1976/2091/2284 1975/2102/2295 1928/2140/2333
f 1864/2030/2223 1977/2088/2281 1976/2091/2284 1863/2033/2226
f 1791/1972/2155 1989/737/2335 1988/740/2336 1793/1968/2151
f 1799/1969/2152 1987/741/2337 1986/744/2338 1800/1974/2157
f 1792/1955/2138 1985/745/2339 1989/737/2335 1791/1972/2155
f 1794/1958/2141 1984/747/2340 1983/750/2341 1797/1959/2142
f 1800/1974/2157 1986/744/2338 1982/752/2342 1795/1980/2173
f 1798/1954/2137 1981/753/2343 1985/745/2339 1792/1955/2138
f 1796/1962/2145 1980/755/2344 1984/747/2340 1794/1958/2141
f 1795/1980/2173 1982/752/2342 1980/755/2344 1796/1962/2145
f 1793/1968/2151 1988/740/2336 1987/741/2337 1799/1969/2152
f 1797/1959/2142 1983/750/2341 1981/753/2343 1798/1954/2137
f 2018/1314/1285 1482/1037/886 1483/1870/1958 1480/1873/1968
f 2347/2142/2345 2201/2143/2346 2196/1877/1976 2344/1876/1975
f 2348/1879/1978 2197/1878/1977 2202/1318/1289 2345/1317/1288
f 1518/2144/2347 1528/1893/2013 2020/397/1291
f 1528/1893/2013 1538/1892/2012 2021/776/2348 2020/397/1291
f 2003/711/2349 1530/2145/2350 1520/2146/2351 2004/708/2352
f 2006/325/1297 2022/1323/1300 1136/2147/2353 2001/714/2354
f 2001/714/2354 1136/2147/2353 1540/2148/2355 2000/761/2356
f 2002/770/2357 1503/2149/2358 1530/2145/2350 2003/711/2349
f 2087/2150/2359 2023/2151/2360 2025/2152/2361 2086/2153/2362
f 2082/2154/2363 2028/2155/2364 2024/2156/2365 2083/2157/2366
f 2086/2153/2362 2025/2152/2361 2026/2158/2367 2084/2159/2368
f 2084/2159/2368 2026/2158/2367 2027/1337/1316 2085/1336/1315
f 2000/761/2356 1540/2148/2355 1503/2149/2358 2002/770/2357
f 2004/708/2352 1520/2146/2351 1510/1338/1318 2005/328/1317
f 2040/2160/2369 2037/2161/2370 2034/2162/2371 2048/2163/2372
f 2042/2164/2373 2096/2165/2374 2092/2166/2375 2029/2167/2376
f 2039/2168/2377 2035/2169/2378 2036/1349/1329 2038/1348/1328
f 2083/2157/2366 2024/2156/2365 2023/2151/2360 2087/2150/2359
f 2081/1351/1331 2032/1352/1332 2028/2155/2364 2082/2154/2363
f 2035/2169/2378 2042/2164/2373 2043/1353/1333 2036/1349/1329
f 2151/2170/2379 2169/2171/2380 2171/2172/2381 2148/2173/2382
f 2148/2173/2382 2171/2172/2381 2166/2174/2383 2037/2161/2370
f 2039/2168/2377 2098/2175/2384 2095/2176/2385 2035/2169/2378
f 2029/2167/2376 2092/2166/2375 2093/2177/2386 2031/2178/2387
f 2048/2163/2372 2034/2162/2371 2033/2179/2388 2050/2180/2389
f 2029/2167/2376 2072/2181/2390 2042/2164/2373
f 2031/2178/2387 2068/2182/2391 2072/2181/2390 2029/2167/2376
f 2030/2183/2392 2070/2184/2393 2068/2182/2391 2031/2178/2387
f 2049/2185/2394 2097/2186/2395 2098/2175/2384 2039/2168/2377
f 2037/2161/2370 2166/2174/2383 2165/2187/2396 2034/2162/2371
f 2048/2163/2372 2077/2188/2397 2075/2189/2398 2040/2160/2369
f 2057/2190/2399 2049/2185/2394 2039/2168/2377 2051/2191/2400
f 2310/1376/1356 2059/1379/1359 2060/2192/2401 2309/2193/2402
f 2051/2191/2400 2039/2168/2377 2038/1348/1328 2055/1380/1360
f 2049/2185/2394 2080/2194/2403 2078/2195/2404 2050/2180/2389
f 2050/2180/2389 2078/2195/2404 2077/2188/2397 2048/2163/2372
f 2028/2155/2364 2066/2196/2405 2065/2197/2406 2024/2156/2365
f 2023/2151/2360 2067/2198/2407 2057/2190/2399 2025/2152/2361
f 2026/2158/2367 2051/2191/2400 2055/1380/1360 2027/1337/1316
f 2309/2193/2402 2060/2192/2401 2052/2199/2408 2312/2200/2409
f 2025/2152/2361 2057/2190/2399 2051/2191/2400 2026/2158/2367
f 2024/2156/2365 2065/2197/2406 2067/2198/2407 2023/2151/2360
f 2058/1388/1368 2091/1391/1371 2088/2201/2410 2061/2202/2411
f 2059/1379/1359 2064/1392/1372 2052/2199/2408 2060/2192/2401
f 2040/2160/2369 2062/2203/2412 2063/1394/1374 2047/1393/1373
f 2053/2204/2413 2061/2202/2411 2062/2203/2412 2040/2160/2369
f 2066/2196/2405 2053/2204/2413 2056/2205/2414 2065/2197/2406
f 2069/1398/1378 2071/1399/1379 2053/2204/2413 2066/2196/2405
f 2067/2198/2407 2054/2206/2415 2057/2190/2399
f 2311/1401/1381 2069/1398/1378 2066/2196/2405 2312/2200/2409
f 2065/2197/2406 2056/2205/2414 2054/2206/2415 2067/2198/2407
f 2071/1399/1379 2058/1388/1368 2061/2202/2411 2053/2204/2413
f 2068/2182/2391 2046/1403/1383 2045/1402/1382 2072/2181/2390
f 2072/2181/2390 2045/1402/1382 2043/1353/1333 2042/2164/2373
f 2070/2184/2393 2030/2183/2392 2044/2207/2416
f 2080/2194/2403 2049/2185/2394 2073/2208/2417
f 2080/2194/2403 2073/2208/2417 2057/2190/2399
f 2049/2185/2394 2057/2190/2399 2073/2208/2417
f 2076/2209/2418 2077/2188/2397 2078/2195/2404 2079/2210/2419
f 2074/2211/2420 2075/2189/2398 2077/2188/2397 2076/2209/2418
f 2079/2210/2419 2078/2195/2404 2080/2194/2403
f 2053/2204/2413 2074/2211/2420 2076/2209/2418 2056/2205/2414
f 2057/2190/2399 2054/2206/2415 2079/2210/2419 2080/2194/2403
f 2056/2205/2414 2076/2209/2418 2079/2210/2419 2054/2206/2415
f 2040/2160/2369 2075/2189/2398 2074/2211/2420 2053/2204/2413
f 2022/1323/1300 2081/1351/1331 2082/2154/2363 1136/2147/2353
f 1540/2148/2355 2083/2157/2366 2087/2150/2359 1503/2149/2358
f 1520/2146/2351 2084/2159/2368 2085/1336/1315 1510/1338/1318
f 1530/2145/2350 2086/2153/2362 2084/2159/2368 1520/2146/2351
f 1136/2147/2353 2082/2154/2363 2083/2157/2366 1540/2148/2355
f 1503/2149/2358 2087/2150/2359 2086/2153/2362 1530/2145/2350
f 2091/1391/1371 2090/1410/1390 2089/2212/2421 2088/2201/2410
f 2031/2178/2387 2153/2213/2422 2163/2214/2423 2030/2183/2392
f 2061/2202/2411 2088/2201/2410 2089/2212/2421 2062/2203/2412
f 2062/2203/2412 2089/2212/2421 2090/1410/1390 2063/1394/1374
f 2147/2215/2424 2170/2216/2425 2172/2217/2426
f 2033/2179/2388 2094/2218/2427 2099/2219/2428
f 2031/2178/2387 2093/2177/2386 2153/2213/2422
f 2050/2180/2389 2099/2219/2428 2097/2186/2395 2049/2185/2394
f 2035/2169/2378 2095/2176/2385 2096/2165/2374 2042/2164/2373
f 2098/2175/2384 2106/2220/2429 2103/2221/2430 2095/2176/2385
f 2092/2166/2375 2100/2222/2431 2101/2223/2432 2093/2177/2386
f 2094/2218/2427 2102/2224/2433 2107/2225/2434 2099/2219/2428
f 2095/2176/2385 2103/2221/2430 2104/2226/2435 2096/2165/2374
f 2097/2186/2395 2105/2227/2436 2106/2220/2429 2098/2175/2384
f 2093/2177/2386 2101/2223/2432 2102/2224/2433 2094/2218/2427
f 2099/2219/2428 2107/2225/2434 2105/2227/2436 2097/2186/2395
f 2096/2165/2374 2104/2226/2435 2100/2222/2431 2092/2166/2375
f 2102/2224/2433 2110/2228/2437 2115/2229/2438 2107/2225/2434
f 2103/2221/2430 2111/2230/2439 2112/2231/2440 2104/2226/2435
f 2105/2227/2436 2113/2232/2441 2114/2233/2442 2106/2220/2429
f 2101/2223/2432 2109/2234/2443 2110/2228/2437 2102/2224/2433
f 2107/2225/2434 2115/2229/2438 2113/2232/2441 2105/2227/2436
f 2104/2226/2435 2112/2231/2440 2108/2235/2444 2100/2222/2431
f 2106/2220/2429 2114/2233/2442 2111/2230/2439 2103/2221/2430
f 2100/2222/2431 2108/2235/2444 2109/2234/2443 2101/2223/2432
f 2110/2228/2437 2118/2236/2445 2123/2237/2446 2115/2229/2438
f 2111/2230/2439 2119/2238/2447 2120/2239/2448 2112/2231/2440
f 2113/2232/2441 2121/2240/2449 2122/2241/2450 2114/2233/2442
f 2109/2234/2443 2117/2242/2451 2118/2236/2445 2110/2228/2437
f 2115/2229/2438 2123/2237/2446 2121/2240/2449 2113/2232/2441
f 2112/2231/2440 2120/2239/2448 2116/2243/2452 2108/2235/2444
f 2114/2233/2442 2122/2241/2450 2119/2238/2447 2111/2230/2439
f 2108/2235/2444 2116/2243/2452 2117/2242/2451 2109/2234/2443
f 2117/2242/2451 2116/2243/2452 2120/2239/2448 2119/2238/2447 2122/2241/2450 2121/2240/2449 2123/2237/2446 2118/2236/2445
f 2099/2219/2428 2050/2180/2389 2033/2179/2388
f 2044/2207/2416 2167/2244/2453 2168/2245/2454 2041/1442/1422
f 2041/1442/1422 2126/1446/1426 2130/2246/2455 2044/2207/2416
f 2044/2207/2416 2130/2246/2455 2129/2247/2456 2070/2184/2393
f 2070/2184/2393 2129/2247/2456 2127/2248/2457 2068/2182/2391
f 2127/2248/2457 2133/2249/2458 2124/1449/1429 2046/1403/1383
f 2126/1446/1426 2132/1452/1432 2135/2250/2459 2130/2246/2455
f 2130/2246/2455 2135/2250/2459 2134/2251/2460 2129/2247/2456
f 2068/2182/2391 2127/2248/2457 2046/1403/1383
f 2133/2249/2458 2136/2252/2461 2137/1454/1434 2124/1449/1429
f 2135/2250/2459 2139/2253/2462 2125/2254/2463 2134/2251/2460
f 2134/2251/2460 2125/2254/2463 2136/2252/2461 2133/2249/2458
f 2129/2247/2456 2134/2251/2460 2133/2249/2458 2127/2248/2457
f 2139/2253/2462 2144/2255/2464 2131/2256/2465 2125/2254/2463
f 2125/2254/2463 2131/2256/2465 2140/2257/2466 2136/2252/2461
f 2136/2252/2461 2140/2257/2466 2141/1461/1441 2137/1454/1434
f 2132/1452/1432 2138/1462/1442 2139/2253/2462 2135/2250/2459
f 2144/2255/2464 2142/1464/1444 2128/1463/1443 2131/2256/2465
f 2131/2256/2465 2128/1463/1443 2141/1461/1441 2140/2257/2466
f 2144/2255/2464 2143/1465/1445 2142/1464/1444
f 2138/1462/1442 2143/1465/1445 2144/2255/2464 2139/2253/2462
f 2151/2170/2379 2157/2258/2467 2158/2259/2468 2172/2217/2426
f 2041/1442/1422 2147/2215/2424 2150/2260/2469 2146/2261/2470 2047/1393/1373
f 2040/2160/2369 2145/2262/2471 2152/2263/2472 2148/2173/2382 2037/2161/2370
f 2047/1393/1373 2146/2261/2470 2149/2264/2473 2145/2262/2471 2040/2160/2369
f 2148/2173/2382 2160/2265/2474 2157/2258/2467 2151/2170/2379
f 2150/2260/2469 2156/2266/2475 2155/2267/2476 2146/2261/2470
f 2147/2215/2424 2158/2259/2468 2156/2266/2475 2150/2260/2469
f 2162/2268/2477 2157/2258/2467 2160/2265/2474 2159/2269/2478
f 2156/2266/2475 2158/2259/2468 2157/2258/2467 2162/2268/2477
f 2155/2267/2476 2156/2266/2475 2162/2268/2477 2154/2270/2479
f 2154/2270/2479 2162/2268/2477 2159/2269/2478 2161/2271/2480
f 2145/2262/2471 2161/2271/2480 2159/2269/2478 2152/2263/2472
f 2152/2263/2472 2159/2269/2478 2160/2265/2474 2148/2173/2382
f 2149/2264/2473 2154/2270/2479 2161/2271/2480 2145/2262/2471
f 2146/2261/2470 2155/2267/2476 2154/2270/2479 2149/2264/2473
f 2168/2245/2454 2167/2244/2453 2166/2174/2383
f 2163/2214/2423 2153/2213/2422 2165/2187/2396
f 2166/2174/2383 2167/2244/2453 2163/2214/2423
f 2166/2174/2383 2171/2172/2381 2169/2171/2380 2170/2216/2425 2168/2245/2454
f 2163/2214/2423 2165/2187/2396 2166/2174/2383
f 2165/2187/2396 2153/2213/2422 2164/2272/2481
f 2153/2213/2422 2093/2177/2386 2094/2218/2427 2164/2272/2481
f 2033/2179/2388 2164/2272/2481 2094/2218/2427
f 2030/2183/2392 2163/2214/2423 2167/2244/2453 2044/2207/2416
f 2034/2162/2371 2165/2187/2396 2164/2272/2481 2033/2179/2388
f 2041/1442/1422 2168/2245/2454 2170/2216/2425 2147/2215/2424
f 2158/2259/2468 2147/2215/2424 2172/2217/2426
f 2170/2216/2425 2169/2171/2380 2151/2170/2379 2172/2217/2426
f 1550/774/2021 2173/777/2482 2179/392/1461
f 2177/388/1463 2173/777/2482 2180/773/2483
f 2184/399/1465 2186/775/2022 1550/774/2021
f 2183/394/1466 2021/776/2348 2186/775/2022
f 2180/773/2483 2173/777/2482 1736/768/2484
f 1548/1900/2020 2188/2273/2485 2173/777/2482 1550/774/2021
f 1587/767/2037 1736/768/2484 2173/777/2482 2188/2273/2485
f 1587/767/2037 2188/2273/2485 1588/1907/2038
f 1548/1900/2020 1557/1908/2039 1588/1907/2038 2188/2273/2485
f 2189/1899/2019 2186/775/2022 2021/776/2348 2190/2274/2486
f 1547/1891/2011 2190/2274/2486 2021/776/2348 1538/1892/2012
f 1552/601/2024 1557/1908/2039 2191/1903/2027
f 1547/1891/2011 2191/1903/2027 2189/1899/2019 2190/2274/2486
f 1557/1908/2039 1548/1900/2020 2189/1899/2019 2191/1903/2027
f 2020/397/1291 2192/778/2487 1518/2144/2347
f 1505/404/1471 1504/1875/1972 2192/778/2487
f 1504/1875/1972 1138/1874/1971 1508/779/1982 2192/778/2487
f 1508/779/1982 2193/780/2488 2192/778/2487
f 1537/1885/2000 1528/1893/2013 1518/2144/2347 2194/2275/2489
f 1537/1885/2000 2194/2275/2489 2193/780/2488 1527/556/2001
f 2192/778/2487 2193/780/2488 2194/2275/2489 2195/2276/2490
f 2194/2275/2489 1518/2144/2347 2195/2276/2490
f 2192/778/2487 2195/2276/2490 1518/2144/2347
f 2200/2277/2491 2214/2278/2492 2215/2279/2493 2201/2143/2346
f 2197/1878/1977 2211/2280/2494 2216/1488/1478 2202/1318/1289
f 2196/1877/1976 2210/2281/2495 2211/2280/2494 2197/1878/1977
f 2198/1880/1979 2212/2282/2496 2214/2278/2492 2200/2277/2491
f 2349/2283/2497 2200/2277/2491 2201/2143/2346 2347/2142/2345
f 2346/1881/1980 2198/1880/1979 2200/2277/2491 2349/2283/2497
f 1504/1875/1972 2208/2284/2498 2206/2285/2499 1506/522/1973
f 1506/522/1973 2206/2285/2499 2203/2286/2500 1507/535/2501
f 1480/1873/1968 2205/2287/2502 2207/1496/1487 2018/1314/1285
f 1507/535/2501 2203/2286/2500 2204/2288/2503 1500/532/1967
f 1505/404/1471 2209/1499/1490 2208/2284/2498 1504/1875/1972
f 1500/532/1967 2204/2288/2503 2205/2287/2502 1480/1873/1968
f 2201/2143/2346 2215/2279/2493 2210/2281/2495 2196/1877/1976
f 2199/1052/913 2213/1500/1491 2212/2282/2496 2198/1880/1979
f 2214/2278/2492 2223/2289/2504 2224/2290/2505 2215/2279/2493
f 2212/2282/2496 2221/2291/2506 2223/2289/2504 2214/2278/2492
f 2211/2280/2494 2220/2292/2507 2225/1504/1495 2216/1488/1478
f 2213/1500/1491 2222/1506/1497 2221/2291/2506 2212/2282/2496
f 2220/2292/2507 2218/2293/2508 2230/1507/1498 2225/1504/1495
f 2222/1506/1497 2227/1510/1501 2226/2294/2509 2221/2291/2506
f 2219/2295/2510 2217/2296/2511 2218/2293/2508 2220/2292/2507
f 2224/2290/2505 2229/2297/2512 2217/2296/2511 2219/2295/2510
f 2215/2279/2493 2224/2290/2505 2219/2295/2510 2210/2281/2495
f 2210/2281/2495 2219/2295/2510 2220/2292/2507 2211/2280/2494
f 2229/2297/2512 2238/2298/2513 2233/2299/2514 2217/2296/2511
f 2228/2300/2515 2237/2301/2516 2238/2298/2513 2229/2297/2512
f 2226/2294/2509 2235/2302/2517 2237/2301/2516 2228/2300/2515
f 2218/2293/2508 2234/2303/2518 2239/1519/1510 2230/1507/1498
f 2221/2291/2506 2226/2294/2509 2228/2300/2515 2223/2289/2504
f 2223/2289/2504 2228/2300/2515 2229/2297/2512 2224/2290/2505
f 2234/2303/2518 2232/2304/2519 2246/1521/1512 2239/1519/1510
f 2236/1523/1514 2243/1525/1516 2242/2305/2520 2235/2302/2517
f 2233/2299/2514 2231/2306/2521 2232/2304/2519 2234/2303/2518
f 2238/2298/2513 2245/2307/2522 2231/2306/2521 2233/2299/2514
f 2217/2296/2511 2233/2299/2514 2234/2303/2518 2218/2293/2508
f 2227/1510/1501 2236/1523/1514 2235/2302/2517 2226/2294/2509
f 2243/1525/1516 2250/1529/1520 2249/2308/2523 2242/2305/2520
f 2231/2306/2521 2240/2309/2524 2241/2310/2525 2232/2304/2519
f 2245/2307/2522 2252/2311/2526 2240/2309/2524 2231/2306/2521
f 2244/2312/2527 2251/2313/2528 2252/2311/2526 2245/2307/2522
f 2235/2302/2517 2242/2305/2520 2244/2312/2527 2237/2301/2516
f 2237/2301/2516 2244/2312/2527 2245/2307/2522 2238/2298/2513
f 2252/2311/2526 2259/2314/2529 2247/2315/2530 2240/2309/2524
f 2251/2313/2528 2258/2316/2531 2259/2314/2529 2252/2311/2526
f 2249/2308/2523 2256/2317/2532 2258/2316/2531 2251/2313/2528
f 2241/2310/2525 2248/2318/2533 2260/1540/1531 2253/1539/1530
f 2232/2304/2519 2241/2310/2525 2253/1539/1530 2246/1521/1512
f 2242/2305/2520 2249/2308/2523 2251/2313/2528 2244/2312/2527
f 2258/2316/2531 2265/2319/2534 2266/2320/2535 2259/2314/2529
f 2256/2317/2532 2263/2321/2536 2265/2319/2534 2258/2316/2531
f 2248/2318/2533 2255/2322/2537 2267/1545/1536 2260/1540/1531
f 2257/1547/1514 2264/1548/1538 2263/2321/2536 2256/2317/2532
f 2240/2309/2524 2247/2315/2530 2248/2318/2533 2241/2310/2525
f 2250/1529/1520 2257/1547/1514 2256/2317/2532 2249/2308/2523
f 2297/2323/2538 2262/2324/2539 2274/1551/1541 2300/1550/1540
f 2296/1553/1543 2271/1556/1546 2270/2325/2540 2295/2326/2541
f 2299/2327/2542 2261/2328/2543 2262/2324/2539 2297/2323/2538
f 2298/2329/2544 2273/2330/2545 2261/2328/2543 2299/2327/2542
f 2259/2314/2529 2266/2320/2535 2254/2331/2546 2247/2315/2530
f 2247/2315/2530 2254/2331/2546 2255/2322/2537 2248/2318/2533
f 2271/1556/1546 2278/1563/1553 2277/2332/2547 2270/2325/2540
f 2261/2328/2543 2268/2333/2548 2269/2334/2549 2262/2324/2539
f 2273/2330/2545 2280/2335/2550 2268/2333/2548 2261/2328/2543
f 2272/2336/2551 2279/2337/2552 2280/2335/2550 2273/2330/2545
f 2295/2326/2541 2270/2325/2540 2272/2336/2551 2301/2338/2553
f 2301/2338/2553 2272/2336/2551 2273/2330/2545 2298/2329/2544
f 2293/2339/2554 2285/2340/2555 2275/2341/2556 2287/2342/2557
f 2291/2343/2558 2284/2344/2559 2285/2340/2555 2293/2339/2554
f 2292/2345/2560 2282/2346/2561 2284/2344/2559 2291/2343/2558
f 2290/2347/2562 2276/2348/2563 2286/1580/1570 2289/1579/1569
f 2262/2324/2539 2269/2334/2549 2281/1582/1572 2274/1551/1541
f 2270/2325/2540 2277/2332/2547 2279/2337/2552 2272/2336/2551
f 2287/2342/2557 2275/2341/2556 2276/2348/2563 2290/2347/2562
f 2294/1583/1573 2283/1584/1574 2282/2346/2561 2292/2345/2560
f 2308/2349/2564 2293/2339/2554 2287/2342/2557 2305/2350/2565
f 2307/2351/2566 2291/2343/2558 2293/2339/2554 2308/2349/2564
f 2303/2352/2567 2292/2345/2560 2291/2343/2558 2307/2351/2566
f 2304/2353/2568 2290/2347/2562 2289/1579/1569 2306/1590/1580
f 2305/2350/2565 2287/2342/2557 2290/2347/2562 2304/2353/2568
f 2302/1591/1581 2294/1583/1573 2292/2345/2560 2303/2352/2567
f 2275/2341/2556 2288/1592/1582 2276/2348/2563
f 2285/2340/2555 2288/1592/1582 2275/2341/2556
f 2284/2344/2559 2288/1592/1582 2285/2340/2555
f 2282/2346/2561 2288/1592/1582 2284/2344/2559
f 2283/1584/1574 2288/1592/1582 2282/2346/2561
f 2276/2348/2563 2288/1592/1582 2286/1580/1570
f 2265/2319/2534 2301/2338/2553 2298/2329/2544 2266/2320/2535
f 2263/2321/2536 2295/2326/2541 2301/2338/2553 2265/2319/2534
f 2266/2320/2535 2298/2329/2544 2299/2327/2542 2254/2331/2546
f 2254/2331/2546 2299/2327/2542 2297/2323/2538 2255/2322/2537
f 2264/1548/1538 2296/1553/1543 2295/2326/2541 2263/2321/2536
f 2255/2322/2537 2297/2323/2538 2300/1550/1540 2267/1545/1536
f 2278/1563/1553 2302/1591/1581 2303/2352/2567 2277/2332/2547
f 2268/2333/2548 2305/2350/2565 2304/2353/2568 2269/2334/2549
f 2269/2334/2549 2304/2353/2568 2306/1590/1580 2281/1582/1572
f 2277/2332/2547 2303/2352/2567 2307/2351/2566 2279/2337/2552
f 2279/2337/2552 2307/2351/2566 2308/2349/2564 2280/2335/2550
f 2280/2335/2550 2308/2349/2564 2305/2350/2565 2268/2333/2548
f 2064/1392/1372 2311/1401/1381 2312/2200/2409 2052/2199/2408
f 2028/2155/2364 2309/2193/2402 2312/2200/2409 2066/2196/2405
f 2032/1352/1332 2310/1376/1356 2309/2193/2402 2028/2155/2364
f 2321/538/2569 2330/2354/2570 2336/534/2571 2324/533/2572
f 2317/519/2573 2326/2355/2574 2327/526/2575 2318/521/2576
f 2313/537/2577 2331/2356/2578 2330/2354/2570 2321/538/2569
f 2331/2356/2578 2332/2357/2579 2333/2358/2580 2335/2359/2581
f 2328/2360/2582 2329/514/2583 2327/526/2575 2326/2355/2574
f 2332/2357/2579 2328/2360/2582 2326/2355/2574 2333/2358/2580
f 2330/2354/2570 2331/2356/2578 2335/2359/2581 2334/2361/2584
f 2334/2361/2584 2325/523/2585 2336/534/2571 2330/2354/2570
f 2319/529/2586 2328/2360/2582 2332/2357/2579 2314/530/2587
f 2316/518/2588 2333/2358/2580 2326/2355/2574 2317/519/2573
f 2323/524/2589 2325/523/2585 2334/2361/2584 2322/543/2590
f 2314/530/2587 2332/2357/2579 2331/2356/2578 2313/537/2577
f 2315/541/2591 2335/2359/2581 2333/2358/2580 2316/518/2588
f 2322/543/2590 2334/2361/2584 2335/2359/2581 2315/541/2591
f 2320/515/2592 2329/514/2583 2328/2360/2582 2319/529/2586
f 2208/2284/2498 2339/2362/2593 2342/2363/2594 2206/2285/2499
f 2206/2285/2499 2342/2363/2594 2340/2364/2595 2203/2286/2500
f 2205/2287/2502 2341/2365/2596 2338/1604/1610 2207/1496/1487
f 2203/2286/2500 2340/2364/2595 2337/2366/2597 2204/2288/2503
f 2209/1499/1490 2343/1607/1613 2339/2362/2593 2208/2284/2498
f 2204/2288/2503 2337/2366/2597 2341/2365/2596 2205/2287/2502
f 2339/2362/2593 2346/1881/1980 2349/2283/2497 2342/2363/2594
f 2342/2363/2594 2349/2283/2497 2347/2142/2345 2340/2364/2595
f 2341/2365/2596 2348/1879/1978 2345/1317/1288 2338/1604/1610
f 2340/2364/2595 2347/2142/2345 2344/1876/1975 2337/2366/2597
f 2343/1607/1613 2350/1049/910 2346/1881/1980 2339/2362/2593
f 2337/2366/2597 2344/1876/1975 2348/1879/1978 2341/2365/2596
f 2359/2367/2598 2352/1646/1658 2358/1633/1643 2366/2368/2599
f 2360/2369/2600 2354/1642/1654 2357/1637/1649 2365/2370/2601
f 2362/2371/2602 2353/1640/1652 2356/1643/1655 2364/2372/2603
f 2364/2372/2603 2356/1643/1655 2352/1646/1658 2359/2367/2598
f 2363/2373/2604 2355/1630/1638 2354/1642/1654 2360/2369/2600
f 2365/2370/2601 2357/1637/1649 2353/1640/1652 2362/2371/2602
f 2366/2368/2599 2358/1633/1643 2351/1627/1635 2361/2374/2605
f 2361/2374/2605 2351/1627/1635 2355/1630/1638 2363/2373/2604
f 1146/1813/1854 2361/2374/2605 2363/2373/2604 1357/1810/1851
f 1375/1840/1894 2366/2368/2599 2361/2374/2605 1146/1813/1854
f 1363/1836/1890 2365/2370/2601 2362/2371/2602 1145/1846/1900
f 1357/1810/1851 2363/2373/2604 2360/2369/2600 1144/1839/1893
f 1361/1844/1898 2364/2372/2603 2359/2367/2598 1147/1842/1896
f 1145/1846/1900 2362/2371/2602 2364/2372/2603 1361/1844/1898
f 1144/1839/1893 2360/2369/2600 2365/2370/2601 1363/1836/1890
f 1147/1842/1896 2359/2367/2598 2366/2368/2599 1375/1840/1894
f 1365/1809/1849 2371/1622/1630 2374/1850/1904 1409/1849/1903
f 1399/1834/1888 2369/1843/1897 2373/1847/1901 1408/1835/1889
f 1408/1835/1889 2373/1847/1901 2374/1850/1904 1407/1851/1905
f 1161/1822/1864 2369/1843/1897 2370/1623/1631 1377/1667/1684
f 1359/1632/1641 2368/1830/1872 2372/1619/1627 1162/1666/1681
f 1160/1631/1640 2367/1626/1634 2368/1830/1872 1359/1632/1641
f 1377/1667/1684 2370/1623/1631 2367/1626/1634 1160/1631/1640
f 1162/1666/1681 2372/1619/1627 2371/1622/1630 1365/1809/1849
l 871 2041
l 2037 2041
